Tuula	30873
Anne	30404
Päivi	30035
Anna	29305
Ritva	28837
Leena	28514
Pirjo	28147
Sari	27729
Minna	27706
Marja	26644
Tiina	25905
Riitta	25392
Tarja	24750
Laura	23454
Pirkko	23000
Seija	21783
Aino	21697
Jaana	21457
Satu	21434
Sirpa	21388
Heidi	21325
Liisa	21269
Hanna	21237
Raija	21156
Eeva	21110
Sanna	21047
Anja	20289
Maria	20231
Eija	20221
Merja	19676
Johanna	19478
Kirsi	19382
Eila	19183
Arja	18740
Maija	18041
Paula	17721
Ulla	17283
Jenni	16841
Elina	16274
Sirkka	15983
Katja	15782
Mari	15132
Heli	14972
Nina	14923
Anni	14874
Emma	14530
Raili	13730
Terttu	13681
Mirja	13297
Kirsti	13181
Hilkka	12977
Helena	12601
Anu	12567
Tuija	12317
Emilia	12057
Kaija	12033
Sara	11967
Niina	11665
Ella	11463
Sofia	11286
Suvi	11251
Kaisa	11189
Pia	11076
Tanja	10933
Saara	10763
Jenna	10739
Aila	10495
Kati	10412
Maarit	10398
Irma	10376
Henna	10369
Leila	10303
Marjo	10285
Veera	10274
Katri	10210
Noora	10113
Julia	9815
Lea	9807
Susanna	9755
Riikka	9655
Iida	9636
Marja-Leena	9292
Outi	9227
Mervi	9126
Taina	9020
Milla	8969
Helmi	8965
Venla	8894
Sinikka	8890
Irja	8886
Jonna	8840
Kerttu	8818
Virpi	8739
Emmi	8646
Miia	8444
Sonja	8226
Marja-Liisa	8115
Tiia	8063
Marika	7732
Lotta	7722
Siiri	7671
Elli	7605
Terhi	7443
Elsa	7415
Sini	7354
Vilma	7331
Sanni	7304
Annika	7186
Ida	7066
Mira	7065
Oona	7045
Teija	7009
Sisko	6955
Mia	6856
Aada	6816
Essi	6529
Anita	6470
Nea	6469
Viivi	6372
Linda	6334
Piia	6218
Taru	6126
Aune	6071
Maire	5999
Airi	5827
Anneli	5771
Petra	5743
Marita	5652
Roosa	5551
Elisa	5516
Salla	5426
Erja	5399
Silja	5387
Iina	5373
Pinja	5361
Anna-Liisa	5270
Amanda	5220
Ronja	5147
Olivia	5122
Vuokko	5096
Enni	5055
Lilja	4980
Inka	4881
Krista	4861
Milja	4757
Riina	4739
Marjatta	4657
Marianne	4561
Jasmin	4551
Marjut	4550
Jenny	4545
Eveliina	4442
Ilona	4426
Eevi	4421
Ellen	4386
Eva	4357
Iiris	4357
Helvi	4258
Soile	4248
Martta	4224
Saana	4179
Aili	4143
Linnea	4099
Salme	4099
Pihla	4068
Nelli	4034
Kristiina	4030
Alisa	4008
Anniina	4001
Katariina	3946
Hannele	3886
Reetta	3870
Asta	3835
Elvi	3769
Toini	3761
Minttu	3759
Saija	3730
Auli	3725
Maija-Liisa	3704
Sirkka-Liisa	3607
Aira	3589
Maiju	3579
Meeri	3573
Laila	3537
Nella	3505
Jessica	3483
Matilda	3482
Heini	3475
Rauni	3424
Armi	3408
Alina	3391
Tuuli	3357
Meri	3333
Kaisu	3315
Eira	3256
Erika	3221
Camilla	3150
Taimi	3139
Pauliina	3125
Hilla	3122
Neea	3107
Minea	2952
Mirva	2924
Mila	2903
Janina	2882
Sirkku	2877
Karoliina	2847
Elena	2830
Carita	2822
Kaarina	2782
Olga	2694
Eeva-Liisa	2692
Senja	2689
Alma	2656
Oili	2649
Anna-Maija	2634
Jutta	2621
Rauha	2611
Soili	2608
Sylvi	2606
Ada	2604
Peppi	2585
Irina	2569
Irene	2504
Isla	2474
Viola	2416
Birgitta	2409
Netta	2401
Margit	2387
Tytti	2377
Lumi	2368
Stella	2355
Maila	2348
Aava	2322
Tea	2322
Saga	2311
Hilma	2308
Saimi	2299
Mirka	2241
Lahja	2227
Hilda	2207
Anne-Mari	2200
Maritta	2200
Marina	2192
Kiia	2183
Vilja	2162
Senni	2154
Mona	2146
Iris	2136
Alli	2135
Sandra	2133
Ulla-Maija	2110
Hilja	2104
Nora	2094
Kristina	2062
Saila	2053
Jemina	2052
Helka	2031
Virve	2028
Janika	1971
Rosa	1963
Fanni	1961
Vieno	1957
Aija	1953
Selma	1926
Susanne	1917
Fanny	1914
Alexandra	1912
Wilma	1888
Janette	1886
Jade	1872
Juulia	1869
Aini	1858
Tuire	1845
Taija	1842
Annikki	1835
Hertta	1831
Natalia	1820
Katriina	1819
Karin	1811
Heta	1803
Rita	1799
Vappu	1775
Hanne	1769
Eine	1764
Minja	1763
Lilli	1756
Isabella	1754
Tyyne	1752
Elsi	1741
Moona	1741
Seela	1734
Frida	1729
Janita	1723
Maisa	1708
Inga	1700
Reija	1700
Monica	1693
Elma	1692
Aurora	1690
Vanessa	1689
Anette	1682
Joanna	1670
Vera	1667
Riitta-Liisa	1645
Eerika	1620
Mette	1609
Inkeri	1606
Janna	1594
Varpu	1592
Birgit	1589
Iisa	1571
Marketta	1558
Anna-Kaisa	1527
Irmeli	1505
Heljä	1504
Miisa	1503
Salli	1497
Eini	1495
Tilda	1472
Mirjam	1462
Kiira	1445
Titta	1445
Kia	1440
Anna-Maria	1416
Ninni	1400
Kerstin	1386
Lena	1380
Tuulikki	1367
Christina	1366
Marjaana	1363
Helga	1341
Helli	1339
Aliisa	1332
Raisa	1330
Anitta	1315
Cecilia	1309
Kirsi-Marja	1300
Thi	1291
Marja-Terttu	1287
Mikaela	1286
Melissa	1281
Miina	1269
Brita	1265
Tia	1259
Annukka	1247
Tuovi	1215
Kaisla	1209
Hanna-Mari	1199
Hanna-Leena	1190
Ira	1178
Melina	1173
Elin	1172
Elise	1163
Henni	1161
Inger	1159
Neela	1147
Reeta	1145
Siru	1138
Daniela	1134
Elle	1134
Anna-Mari	1130
Enna	1128
Saaga	1128
Helinä	1126
Svetlana	1124
Lilian	1114
Lisa	1105
Marja-Riitta	1104
Tina	1104
Tuulia	1095
Aura	1093
Marianna	1093
Barbro	1089
Siv	1089
Carola	1081
Malin	1078
Berit	1073
Lempi	1068
Mimosa	1064
Sointu	1064
Stina	1063
Raila	1054
Katarina	1053
Taika	1047
Kyllikki	1046
Liina	1030
Laina	1023
Else	1021
Tinja	1009
Erin	1008
Juuli	1003
Inna	1001
Mea	997
Karita	995
Pilvi	995
Solveig	993
Anna-Leena	991
Marie	990
Diana	987
Saima	984
Lina	974
Kira	970
Teresa	970
Annina	968
Valma	968
Gunilla	962
Pirkko-Liisa	962
Anne-Maria	961
Hely	960
Victoria	960
Sanna-Mari	954
Marjo-Riitta	951
Carina	947
Säde	945
Vivian	942
Tatiana	940
Edith	929
Tessa	927
Leea	920
Alva	914
Susan	912
Sarah	904
Janni	901
Nanna	899
Virva	899
Astrid	889
Monika	885
Adele	884
Henriikka	877
Maj-Britt	876
Eliisa	871
Riia	863
Fiona	861
Milka	860
Hanna-Kaisa	857
Charlotta	849
Gun	847
Ester	846
Rebecca	843
Greta	842
Erica	839
Janica	837
Lyydia	837
Aida	834
Luna	834
Josefiina	831
Maija-Leena	821
Minka	817
Aleksandra	806
Nadja	800
Marjukka	795
Liisi	793
Anne-Marie	790
Aulikki	788
Ebba	788
Åsa	784
Jasmine	783
Annu	782
Ansa	781
Mirella	781
Ingrid	778
Harriet	775
Verna	773
Lyyli	765
Tellervo	761
Maaret	759
Rebekka	759
Meea	758
Jatta	756
Ekaterina	754
Lila	754
Nita	751
Sohvi	751
Lilia	750
Pipsa	747
Malla	746
Mirjami	744
Ruut	741
Gunnel	740
Ava	735
Iita	735
Nelly	734
Isabel	731
Margareta	727
Mimmi	727
Aamu	724
Amelia	721
Inari	720
Anastasia	707
Benita	702
Annamari	701
Viena	697
Isa	696
Amalia	694
Piritta	694
Sofie	692
Iines	690
Selina	688
Unna	688
Bertta	685
Livia	684
Ruth	678
Pirita	677
Gunvor	673
Onerva	673
Alice	668
Rea	664
Minni	659
Ann-Mari	650
Suoma	638
Mirkka	637
Tove	633
Bea	631
Mailis	630
Matleena	624
Annette	623
Sylvia	618
Ina	615
Elviira	611
Doris	610
Orvokki	610
Yvonne	610
Jennifer	609
Ann	608
Sarita	602
Milena	597
Maya	596
Britta	595
Sabina	582
Regina	581
Pirjo-Riitta	574
Elna	569
Selja	569
Ines	567
Martina	567
Ilse	566
Marju	563
Hanna-Maria	561
Elisabeth	558
Tara	549
Emily	548
Lydia	548
Patricia	548
Siri	547
Jasmiina	546
Carolina	545
Galina	544
Ilmi	541
Saini	538
Raakel	536
Sinna	536
Helen	534
Christa	533
Valentina	531
Christel	530
Maj-Lis	529
Noomi	528
Ulrika	527
Henna-Riikka	525
Alissa	523
Eve	520
Kielo	520
Lily	519
Tatjana	519
Ria	513
Ritva-Liisa	513
Anne-Maarit	510
Lara	510
Veronica	510
Ida-Maria	508
Evelina	506
Felicia	504
Siina	504
Natalie	502
Pirjo-Liisa	502
Eivor	500
Linn	500
Hellevi	498
Lili	492
Jessika	491
Lisbeth	488
Signe	485
Sofi	483
Kaino	478
Silva	477
Elea	476
Elisabet	476
Sanna-Kaisa	473
Sirja	471
Claudia	470
Charlotte	469
Eija-Liisa	468
Eeva-Maria	465
Elvira	465
Hillevi	464
Loviisa	456
Agneta	452
Vilhelmiina	452
Josefina	450
Maaria	447
Anna-Sofia	446
Tua	444
Meiju	443
Eeva-Maija	442
Ellinoora	442
Nuppu	442
Sani	442
Helmiina	441
Silvia	441
Sanna-Maria	438
Nicole	437
Michelle	436
Soila	432
Impi	427
Agnes	425
Tamara	424
Melinda	423
Miranda	423
Julianna	418
Iida-Maria	414
Jane	414
Fiia	413
Mary	412
Lumia	411
Assi	410
Liinu	408
Stiina	406
Nathalie	404
Teea	402
Emelie	401
Nana	401
Eedit	400
Michaela	400
Christine	399
Jelena	398
Leona	398
Amina	396
Milana	396
Anne-Maj	392
Ulpu	391
Veronika	391
Alicia	388
Bettina	388
Hannamari	388
Esteri	386
Sarianna	386
Amelie	385
Karla	385
Märta	385
Maj	379
Sophie	379
Caroline	378
Louna	378
Roosa-Maria	377
Jeanette	374
Jannika	373
Moa	373
Linnéa	372
Madeleine	372
Aina	371
Clara	371
Annemari	370
Larissa	369
Aliina	368
Hanna-Maija	367
Karolina	367
Gun-Britt	363
Maili	361
Viktoria	360
Mandi	358
Mariia	358
Beata	355
Heleena	355
Briitta	354
Pamela	354
Jasmina	352
Mai	352
Nenna	352
Tiia-Maria	351
Sophia	350
Aisha	349
Hannah	347
Ann-Marie	346
Kirsi-Maria	345
Adessa	344
Bella	344
Leena-Maija	344
Mathilda	344
Minna-Liisa	344
Rakel	343
Rebecka	340
Hellä	338
Jarna	335
Lidia	334
Maja	334
Annastiina	331
Svea	331
Raija-Liisa	330
Miira	329
Pernilla	325
Leeni	323
Lenita	322
Yasmin	322
Andrea	319
Henrietta	318
Ann-Christine	317
Merita	317
Mirja-Liisa	317
Samira	313
Iitu	312
Rosanna	312
Jenniina	311
Jadessa	310
Sade	310
Vaula	310
Freja	309
Mariam	309
Gretel	308
My	306
Ramona	306
Jessi	305
Hellin	304
Hulda	304
Gerd	303
Vivi	302
Helene	301
Rosita	300
Anelma	299
Marit	299
Beatrice	297
Miriam	297
Fatima	295
Maj-Len	295
Ninja	295
Sonia	295
Margarita	294
Riika	294
Sanja	294
Naomi	293
Carla	289
Lia	289
Salma	289
Edit	288
Eeva-Kaisa	288
Mariitta	288
Karina	285
Mari-Anne	285
Nadia	285
Bianca	283
Thea	282
Erna	281
Rut	281
Hanna-Riikka	280
Hilppa	279
Lisbet	279
Annica	278
Salla-Mari	278
Susa	278
Ursula	277
Usva	277
Anri	276
Kreetta	274
Daria	273
Edla	273
Angelica	272
Kaarin	272
Sienna	271
Rianna	270
Eeva-Riitta	269
Ylva	269
Eeva-Leena	268
Justiina	268
Miila	268
Mariella	267
Arja-Liisa	266
Adelina	265
Maikki	264
Maryam	264
Melisa	264
Raita	264
Viveka	263
Kaija-Leena	262
Nette	262
Paulina	262
Göta	261
Kajsa	261
Tiiu	260
Anna-Riikka	259
Klara	257
Micaela	255
Britt-Marie	254
Marlene	254
Henrika	253
Jennie	253
Viveca	253
Maija-Riitta	252
Rosa-Maria	252
Ruusa	251
Amira	250
Ann-Christin	250
Jenina	250
Ninna	250
Zahra	250
Emilie	248
Angelina	247
Louise	247
Auni	246
Auri	246
Arja-Leena	245
Dina	244
Josefine	243
Hanni	242
Josefin	242
Susann	242
Anna-Riitta	241
Lilly	241
Valeria	240
Meri-Tuuli	239
Liia	238
Anna-Lena	236
Molly	236
Disa	235
Lovisa	234
Telma	234
Isabelle	233
Maia	232
Suvi-Tuuli	231
Sabrina	230
Annakaisa	229
Maini	229
Marleena	229
Anna-Kaarina	228
Ksenia	228
Pieta	228
Tilde	227
Gabriella	226
Marke	226
Sirke	226
Eva-Maria	225
Riitta-Leena	225
Sirpa-Liisa	225
Hanna-Liisa	223
Juliana	223
Emmiina	222
Jana	222
Jannica	222
Britt	221
Cassandra	221
Else-Maj	221
Evi	221
Leni	221
Eeva-Kaarina	220
Katrina	220
Klaara	220
Aino-Maija	219
Merja-Liisa	219
Catharina	218
Eden	218
Elizabeth	218
Noona	218
Sigrid	218
Ulla-Riitta	218
Wilhelmiina	218
Aino-Maria	217
Minna-Maria	217
Nadezda	217
Tinka	217
Kaija-Liisa	216
Seidi	216
Larisa	215
Sannamari	215
Sarianne	215
Arla	214
Janet	213
Liudmila	213
Sanna-Maija	213
Adelia	212
Jennika	211
Polina	211
Nancy	210
Kukka	209
Pia-Maria	209
Ann-Sofie	208
Piitu	207
Sissi	207
Solja	207
Alla	205
Angela	205
Anna-Lisa	205
Elli-Noora	205
Heidi-Maria	205
Liana	205
Marissa	205
Päivikki	205
Ellinor	204
Lotte	204
Filippa	203
Ilta	203
Margita	203
Annie	201
Eleonora	200
Adalmiina	199
Carmen	199
Kukka-Maaria	199
Sanna-Leena	199
Elmi	198
Magdalena	198
Tia-Maria	198
Catarina	197
May	197
Reea	197
Laimi	196
Bodil	195
Lyyti	195
Eija-Riitta	194
Minna-Mari	194
Peppiina	194
Sanelma	194
Elizaveta	193
Mariel	193
Celina	192
Ana	191
Eliina	191
Hjördis	191
Ruusu	191
Anne-Maija	190
Ani	189
Sallamari	188
Ilma	187
Kamilla	187
Satu-Maarit	187
Kiti	186
Marica	186
Synnöve	185
Ann-Britt	184
Emmy	184
Fia	184
Katrin	183
Sina	183
Jasmi	182
Minerva	182
Antonia	181
Amy	180
Vivan	180
Adeliina	178
Mimi	178
Ann-Sofi	177
Cindy	177
Yulia	177
Annele	176
Esther	176
Juliaana	175
Kirsikka	174
Tekla	174
Ella-Maria	173
Kaisa-Leena	173
Nellie	173
Evelin	172
Evita	172
Suvi-Tuulia	172
Venny	172
Fadumo	171
Marta	171
Riitta-Maija	171
Viia	171
Anne-Marja	170
Lucia	170
Tanya	170
Etel	169
Sally	169
Denise	168
Mina	168
Selena	168
Annamaija	166
Ljudmila	166
Tiina-Liisa	166
Rose	165
Freya	164
Rina	164
Tarja-Leena	164
Kreeta	163
Clarissa	162
Gunhild	160
Gurli	160
Julie	160
Meimi	160
Nova	160
Tindra	159
Crista	158
Ingegerd	158
Inga-Lill	157
Milma	157
Ann-Charlotte	156
Gudrun	156
Malva	156
Manta	156
Ranja	156
Tiitu	156
Gertrud	155
Karen	155
Nia	155
Iira	154
Liv	154
Raija-Leena	154
Wenla	154
Ann-Kristin	153
Hille	153
Stephanie	153
Annaleena	152
Ellie	152
Katri-Helena	152
Margaretha	152
Martha	152
Vanamo	152
Henna-Maria	151
Helle	150
Gunborg	149
Lumina	149
Anni-Maria	148
Catherine	148
Ida-Sofia	148
Thelma	148
Theresa	148
Gabriela	147
Margot	147
Oksana	147
Evelyn	146
Lisen	146
Santra	146
Cia	145
Iia	145
Tiia-Mari	145
Ethel	144
Hannaleena	144
Hedvig	144
Pirjo-Leena	144
Halla	143
Janniina	143
Melanie	143
Tarja-Liisa	143
Annamaria	142
Klaudia	142
Nilla	142
Arina	141
Rose-Marie	141
Tania	141
Annabella	140
Belinda	140
Ingeborg	140
Kata	140
Natasha	140
Aino-Kaisa	139
Aurelia	139
Judith	139
Kaisa-Maria	139
Lola	139
Eedla	138
Mariana	138
Miia-Maria	138
Tiina-Maija	138
Hilpi	137
Nanni	137
Leena-Kaisa	136
Miitta	136
Ngoc	136
Sara-Sofia	136
Fredrika	135
Jenni-Maria	135
Menni	135
Salla-Maria	135
Zainab	135
Renja	134
Dagny	133
Majlis	133
Marie-Louise	133
Mia-Maria	133
Minnea	133
Oxana	133
Ann-Louise	132
Betty	132
Laura-Maria	132
Maria-Liisa	132
Nina-Maria	132
Saara-Maria	132
Sofianna	132
Anna-Reetta	131
Hanne-Mari	131
Maria-Leena	131
Milla-Maria	131
Barbara	130
Darja	130
Karola	130
Natalja	130
Myy	129
Odessa	129
Anna-Elina	128
Dana	128
Leyla	128
Marja-Sisko	128
Meri-Tuulia	128
Niia	128
Ulla-Britt	128
Evgenia	127
Friida	127
Liubov	127
Malena	127
Marisa	126
Yasmine	126
Adriana	125
Cilla	124
Daniella	124
Eva-Liisa	124
Gunnevi	124
Hilkka-Liisa	124
Senna	124
Therese	124
Alena	123
Cristina	123
Hedda	123
Jenita	123
Judit	123
Marian	123
Suvi-Päivikki	123
Alexia	122
Ariana	122
Janessa	122
Kim	122
Pulmu	122
Sanna-Liisa	122
Leah	121
Neelia	121
Seija-Liisa	121
Adina	120
Anna-Stina	120
Enja	120
Ia	120
Marikki	120
Märtha	120
Ragni	120
Tuisku	120
Anisa	119
Paju	119
Riikka-Liisa	119
Kanerva	118
Kiara	118
Nelma	118
Nona	118
Safia	118
Sahra	118
Vivia	118
Angelika	117
Carin	117
Tiina-Mari	117
Tiina-Maria	117
Tilma	117
Gerda	116
Henna-Mari	116
Lioudmila	116
Nonna	116
Gun-Maj	115
Alessia	114
Pälvi	114
Amal	113
Eeva-Marja	113
Eleonoora	113
Elsie	113
Serena	113
Sivi	113
Eimi	112
Iman	112
Ingela	112
Kristel	112
Merituuli	112
Ruska	112
Anna-Emilia	111
Ghita	111
Milaja	111
Monna	111
Oosa	111
Rachel	111
Ritva-Leena	111
Anna-Kristiina	110
Juni	110
Nitta	110
Ona	110
Talvikki	110
Annikka	109
Ann-Maj	109
Dorrit	109
Evelia	109
Iida-Sofia	109
Pirre	109
Ringa	109
Unelma	109
Jennica	108
Linne	108
Ragnhild	108
Anja-Riitta	107
Katharina	107
Kitty	107
Linda-Maria	107
Sera	107
Simone	107
Ulla-Maria	107
Inge	106
Marjaleena	106
Satu-Maria	106
Suvi-Maria	106
Alexa	105
Antonina	105
Beda	105
Juliet	105
Terese	105
Tyra	105
Vella	105
Yrsa	105
Asma	104
Nadejda	104
Seelia	104
Sira	104
Elmiina	103
Khadija	103
Merja-Riitta	103
Nicola	103
Saida	103
Tuula-Maija	103
Ulla-Mari	103
Kaisa-Liisa	102
Lillemor	102
Majvor	102
Sirje	102
Annaliisa	101
Celine	101
Hafsa	101
Josephine	101
Marion	101
Nicolina	101
Sinja	101
Ann-Lis	100
Leia	100
Daisy	99
Katerina	99
Mirja-Leena	99
Rania	99
Samantha	99
Wilhelmina	99
Dora	98
Jekaterina	98
Jetta	98
Line	98
Ludmila	98
Peggy	98
Tyyni	98
Marja-Helena	97
Saskia	97
Sella	97
Sumaya	97
Anne-Riitta	96
Eela	96
Rhea	96
Riikka-Maria	96
Rilla	96
Sari-Anne	96
Tuike	96
Zara	96
Adela	95
Jolanda	95
Lulu	95
Mariela	95
Marija	95
Sallamaari	95
Mei	94
Nanne	94
Nikita	94
Sonya	94
Arja-Riitta	93
Britt-Mari	93
Janiina	93
Lauha	93
Maud	93
Nada	93
Peppi-Lotta	93
Sabine	93
Serafiina	93
Emma-Sofia	92
Gunn	92
Raini	92
Rinna	92
Runa	92
Ulrica	92
Vellamo	92
Annariina	91
Estelle	91
Hanna-Riitta	91
Liliana	91
Nessa	91
Ulla-Marja	91
Vienna	91
Alise	90
Chloe	90
Eija-Leena	90
Kate	90
Maj-Gret	90
Annabel	89
Eea	89
Fiina	89
Milda	89
Tita	89
Gisela	88
Miida	88
Zeinab	88
Ainu	87
Anna-Marja	87
Anni-Mari	87
Eliana	87
Hannakaisa	87
Hodan	87
Inez	87
Ljubov	87
Maarika	87
Tutta	87
Anni-Sofia	86
Ayan	86
Celia	86
Emmi-Lotta	86
Ewa	86
Gun-Lis	86
Hani	86
Isra	86
Mianna	86
Noor	86
Sara-Maria	86
Tatja	86
Terja	86
Ea	85
Grace	85
Lana	85
Lucy	85
Minna-Leena	85
Minna-Maarit	85
Minnamari	85
Norma	85
Veea	85
Zoe	85
Emma-Lotta	84
Inga-Britt	84
Kirsi-Maarit	84
Merike	84
Milli	84
Minna-Riitta	84
Mirette	84
Sylva	84
Tiina-Riitta	84
Tiuku	84
Urpu	84
Enya	83
Estrid	83
Irja-Liisa	83
Isabell	83
Sharon	83
Taiga	83
Ulla-Maj	83
Alyssa	82
Anna-Stiina	82
Elif	82
Hellen	82
Hennariikka	82
Huda	82
Kaisa-Mari	82
Li	82
Liisa-Maria	82
Marjaliisa	82
Maryan	82
Miona	82
Sanna-Maarit	82
Etta	81
Fatma	81
Kirsimarja	81
Leonora	81
Maura	81
Meja	81
Rosaliina	81
Thuy	81
Tuula-Marja	81
Hilve	80
Jannina	80
Jennina	80
Jill	80
Meira	80
Thanh	80
Valpuri	80
Anna-Katariina	79
Jenna-Maria	79
Mariann	79
Sini-Maria	79
Anja-Liisa	78
Anna-Karin	78
Asha	78
Gina	78
Halima	78
Lyydi	78
Merja-Leena	78
Mirikli	78
Gunn-Britt	77
Manda	77
Manna	77
Opri	77
Salla-Maaria	77
Abigail	76
Amélie	76
Aniitta	76
Anitra	76
Anne-Kristiina	76
Hanna-Reetta	76
Kiana	76
Lova	76
Marja-Kaisa	76
Minna-Kaisa	76
Olena	76
Rauna	76
Satu-Marja	76
Teresia	76
Marja-Kaarina	75
Nadezhda	75
Nelle	75
Nemi	75
Petriina	75
Gitte	74
Janetta	74
Lauriina	74
Paola	74
Ronya	74
Sunna	74
Venni	74
Hamdi	73
Melek	73
Tiina-Kaisa	73
Ann-Katrin	72
Beeda	72
Eleanor	72
Gitta	72
Juliette	72
Katherine	72
Minda	72
Nimo	72
Tiana	72
Valborg	72
Aicha	71
Anna-Karoliina	71
Anna-Lotta	71
Eerin	71
Gunda	71
Kaija-Riitta	71
Marwa	71
Mirkku	71
Nadine	71
Raina	71
Unni	71
Venja	71
Aya	70
Ayaan	70
Helly	70
Hilde	70
Mitra	70
Nanette	70
Niina-Maria	70
Pirkko-Leena	70
Renata	70
Anna-Maaria	69
Eeda	69
Eelin	69
Henny	69
Jenni-Mari	69
Kristine	69
Mari-Anna	69
Mindi	69
Pirta	69
Safa	69
Sini-Tuulia	69
Anne-Marita	68
Anu-Riikka	68
Lotta-Maria	68
Meija	68
Mella	68
Minessa	68
Nanny	68
Salla-Maarit	68
Sanna-Riikka	68
Serafina	68
Sirkka-Leena	68
Suvituuli	68
Uma	68
Cajsa	67
Emili	67
Gloria	67
Inge-Maj	67
Jonna-Maria	67
Lykke	67
Veela	67
Aimi	66
Anni-Kaisa	66
Ayla	66
Elli-Maija	66
Gia	66
Iina-Maria	66
Kirsi-Mari	66
Liisa-Maija	66
Marje	66
Milea	66
Naima	66
Nea-Maria	66
Penni	66
Tianna	66
Ulriikka	66
Una	66
Albina	65
Anastasiia	65
Bernice	65
Eeva-Mari	65
Eriika	65
Helin	65
Kristin	65
Lise	65
Mariina	65
Neve	65
Noelle	65
Rahma	65
Sole	65
Terttu-Liisa	65
Yasemin	65
Zaida	65
Anastassia	64
Beea	64
Chiara	64
Ireene	64
Lene	64
Lillian	64
Maryama	64
Medina	64
Pepita	64
Riina-Maria	64
Tiila	64
Tora	64
Anna-Riina	63
Ariel	63
Edda	63
Emina	63
Liida	63
Merika	63
Mona-Lisa	63
Oivi	63
Riitu	63
Aino-Sofia	62
Enne	62
Esra	62
Greetta	62
Jamila	62
Katinka	62
Layla	62
Lianna	62
Liselott	62
Minttu-Maria	62
Noora-Maria	62
Sanne	62
Sarina	62
Suzan	62
Tii	62
Viona	62
Adalmina	61
Anki	61
Dalia	61
Emmi-Sofia	61
Evy	61
Hinni	61
Leena-Marja	61
Marjo-Riikka	61
Vanja	61
Clary	60
Cornelia	60
Donna	60
Hele	60
Jamina	60
Maritza	60
Marjo-Liisa	60
Miili	60
Minttu-Maaria	60
Nika	60
Rosalia	60
Ros-Mari	60
Sahar	60
Seija-Riitta	60
Vilda	60
Anna-Greta	59
Cara	59
Corinne	59
Eda	59
Eevaliisa	59
Eevastiina	59
Kikka	59
Malak	59
Milla-Mari	59
Minella	59
Najma	59
Rigmor	59
Roza	59
Suzanne	59
Tarja-Riitta	59
Thu	59
Aana	58
Anni-Elina	58
Annmari	58
Anya	58
Bettiina	58
Dagmar	58
Emine	58
Freija	58
Halimo	58
Kersti	58
Kuura	58
Lisette	58
Miia-Mari	58
Reine	58
Safiya	58
Shukri	58
Silla	58
Sorja	58
Suvi-Maaria	58
Tova	58
Varvara	58
Veera-Maria	58
Wera	58
Adna	57
Aino-Elina	57
Alessandra	57
Engla	57
Fatemeh	57
Görel	57
Jenna-Mari	57
Juli	57
Katia	57
Lioubov	57
Metti	57
Muusa	57
Noa	57
Siiri-Sofia	57
Soraya	57
Suvi-Päivi	57
Tuuli-Maria	57
Violetta	57
Anceliga	56
Edna	56
Esme	56
Flora	56
Ilana	56
Inka-Maria	56
Mary-Ann	56
Meh	56
Pia-Liisa	56
Viliina	56
Elissa	55
Ella-Mari	55
Eriikka	55
Erja-Liisa	55
Hong	55
Ifrah	55
Janine	55
Jenika	55
Kaari	55
Khadra	55
Kitta	55
Leena-Maria	55
Margaret	55
Menna	55
Ottilia	55
Pauline	55
Riikka-Leena	55
Satu-Maaria	55
Savanna	55
Sini-Maaria	55
Siviä	55
Stefanie	55
Ullamaija	55
Velma	55
Viva	55
Adalia	54
Alida	54
Anne-May	54
Brianna	54
Ensi	54
Hana	54
Hanan	54
Hanna-Maaria	54
Hanna-Maarit	54
Irena	54
Irma-Liisa	54
Iuliia	54
Jada	54
Kastehelmi	54
Maida	54
Maijastiina	54
Merle	54
Mimmu	54
Mirelle	54
Misa	54
Miska	54
Niini	54
Pii	54
Pirja	54
Sundus	54
Tarja-Tuulikki	54
Tiiti	54
Tuua	54
Weera	54
Viktoriia	54
Anika	53
Anni-Maija	53
Anu-Maarit	53
Catrin	53
Dania	53
Ella-Noora	53
Esma	53
Eva-Lisa	53
Hagar	53
Henriette	53
Kaisu-Leena	53
Katja-Maria	53
Kirsten	53
Laura-Kaisa	53
Marielle	53
Minna-Maija	53
Moonika	53
Nelia	53
Satu-Sinikka	53
Silmu	53
Sol-Britt	53
Toive	53
Yana	53
Adanna	52
Aino-Liisa	52
Anu-Maria	52
Berta	52
Eeva-Stiina	52
Ella-Sofia	52
Farah	52
Heili	52
Katri-Maria	52
Lise-Lotte	52
Luisa	52
Mari-Johanna	52
Merit	52
Savannah	52
Suvi-Marja	52
Tuula-Riitta	52
Tuva	52
Vendela	52
Vivien	52
Adeline	51
Aisla	51
Alinda	51
Ami	51
Anna-Helena	51
Annelie	51
Emmi-Maria	51
Estella	51
Eva-Stina	51
Jenica	51
Jinna	51
Leija	51
Louisa	51
Maari	51
Maija-Kaisa	51
Sarri	51
Terhikki	51
Tiffany	51
Titti	51
Ulla-Riikka	51
Venna	51
Wilda	51
Amiira	50
Ann-Catrin	50
Denice	50
Eleni	50
Elly	50
Eva-Lotta	50
Immi	50
Iryna	50
Jacqueline	50
Jannike	50
Kaisa-Maija	50
Kirsti-Liisa	50
Lauren	50
Magda	50
May-Britt	50
Melis	50
Minna-Maaria	50
Sadia	50
Sheila	50
Yusra	50
Alessa	49
Anna-Katriina	49
Danielle	49
Fiinu	49
Gea	49
Hanne-Maria	49
Henrica	49
Ingalill	49
Keiju	49
Leonie	49
Lolan	49
Madelene	49
Melody	49
Oona-Maria	49
Pirjetta	49
Saana-Maria	49
Salome	49
Sanni-Mari	49
Tonja	49
Zhanna	49
Ada-Sofia	48
Aivi	48
Alba	48
Aleksiina	48
Alia	48
Anastasija	48
Anna-Maarit	48
Azra	48
Deborah	48
Demi	48
Eliza	48
Esmeralda	48
Gunlög	48
Ida-Lotta	48
Inessa	48
Joy	48
Julija	48
Manja	48
Megan	48
Nelli-Noora	48
Niki	48
Riikka-Mari	48
Riitta-Sisko	48
Safira	48
Shirin	48
Soraja	48
Tiitta	48
Tinna	48
Tuija-Liisa	48
Wanda	48
Vida	48
Viviana	48
Annariikka	47
Caroliina	47
Claire	47
Etti	47
Farhia	47
Helmi-Maria	47
Jeannette	47
Joan	47
Jonna-Mari	47
Katju	47
Kylli	47
Liza	47
Manuela	47
Pia-Mari	47
Pricilla	47
Rose-Maj	47
Siham	47
Tarita	47
Ulla-Stina	47
Zahraa	47
Aada-Maria	46
Ann-Charlott	46
Arianna	46
Arna	46
Emelia	46
Essi-Maria	46
Henriika	46
Hildur	46
Jemima	46
Marietta	46
Meryem	46
Milla-Maaria	46
Mindy	46
Paloma	46
Rinja	46
Sarlotta	46
Siw	46
Soja	46
Yasmina	46
Anna-Kaija	45
Anna-Katri	45
Asmaa	45
Birit	45
Corinna	45
Elli-Maria	45
Helkky	45
Hetta	45
Izabella	45
Juudit	45
Katrine	45
Marla	45
Outi-Maria	45
Phuong	45
Reetta-Liisa	45
Ruby	45
Sana	45
Selene	45
Stefania	45
Tella	45
Alex	44
Anastacia	44
Annimari	44
Gita	44
Hawo	44
Heini-Maria	44
Julianne	44
Kaisli	44
Kelly	44
Le	44
Lilla	44
Nataliia	44
Noemi	44
Nomi	44
Saara-Maija	44
Sagal	44
Sari-Anna	44
Serafia	44
Sesilia	44
Sirkku-Liisa	44
Taava	44
Taisia	44
Vivianna	44
Alisia	43
Anna-Reeta	43
Awa	43
Carmela	43
Casandra	43
Eena	43
Francesca	43
Henna-Kaisa	43
Hiba	43
Ida-Emilia	43
Janella	43
Juulianna	43
Kaiju	43
Kayla	43
Liselotte	43
Maret	43
Margareetta	43
Marilla	43
Melia	43
Minéa	43
Muisto	43
Nasra	43
Nataliya	43
Peppina	43
Priscilla	43
Riitta-Kaisa	43
Silpa	43
Simona	43
Vendla	43
Wiivi	43
Vilina	43
Ainomaija	42
Alexsandra	42
Aline	42
Bushra	42
Catrine	42
Elida	42
Emma-Maria	42
Erina	42
Fardowsa	42
Hanna-Elina	42
Metta	42
Mi	42
Minna-Riikka	42
Ninnu	42
Piia-Maria	42
Rosalie	42
Sannakaisa	42
Seena	42
Tiia-Riikka	42
Verona	42
Amilia	41
Anina	41
Bahar	41
Elinor	41
Hawa	41
Hilla-Maria	41
Iqra	41
Mare	41
Marjo-Leena	41
Mia-Mari	41
Mili	41
Pia-Riitta	41
Piret	41
Rimma	41
Sanna-Maaria	41
Sanni-Maria	41
Sisko-Liisa	41
Soma	41
Sue	41
Tarleena	41
Tuomi	41
Tuula-Anneli	41
Ulriika	41
Viktoriya	41
Yolanda	41
Zeynep	41
Annemarie	40
Arita	40
Ayse	40
Carolin	40
Chloé	40
Evin	40
Farida	40
Fatema	40
Hannamaija	40
Hetti	40
Hibo	40
Hymy	40
Jessiina	40
Käthe	40
Liidia	40
Lumikki	40
Mariama	40
Mesi	40
Miranna	40
Nila	40
Petronella	40
Ramla	40
Sarika	40
Sari-Maarit	40
Suna	40
Taira	40
Tanita	40
Vega	40
Wendy	40
Vilma-Lotta	40
Violet	40
Aire	39
Auroora	39
Brenda	39
Ciara	39
Eija-Sinikka	39
Erja-Riitta	39
Henna-Leena	39
Jenna-Julia	39
Laine	39
Madina	39
Malviina	39
Marinka	39
Meena	39
Merina	39
Mildrid	39
Mira-Maria	39
Nasro	39
Noelia	39
Rana	39
Seita	39
Solbritt	39
Svitlana	39
Theresia	39
Tiia-Riina	39
Tintti	39
Tuuni	39
Ulla-Kaisa	39
Ulla-Leena	39
Veena	39
Xenia	39
Zinaida	39
Adella	38
Anne-Liisa	38
Berfin	38
Dea	38
Ela	38
Elda	38
Ellanoora	38
Emmaliina	38
Evena	38
Faisa	38
Henna-Maija	38
Iiri	38
Ivy	38
Jessina	38
Linea	38
Majken	38
Malika	38
Merete	38
Milia	38
Natali	38
Tiina-Marja	38
Ulla-Brita	38
Vivi-Ann	38
Aino-Inkeri	37
Anne-Marjut	37
Ann-Helen	37
Anni-Emilia	37
Aylin	37
Cathrine	37
Celeste	37
Dahlia	37
Desirée	37
Ellamari	37
Elsa-Maria	37
Emma-Kaisa	37
Enia	37
Erja-Leena	37
Gunlis	37
Jeni	37
Jenny-Maria	37
Lilianna	37
Lotten	37
Lovis	37
Magdaleena	37
Mariette	37
Marja-Elina	37
Nikki	37
Saara-Kaisa	37
Satu-Sisko	37
Sirpa-Leena	37
Soilikki	37
Tiia-Tuulia	37
Vea	37
Vesta	37
Viima	37
Agata	36
Agda	36
Andréa	36
Annastina	36
Anne-Kaarina	36
Chantal	36
Ciia	36
Dorothy	36
Eevaleena	36
Eleanora	36
Ella-Maija	36
Fartun	36
Iana	36
Iida-Lotta	36
Jasna	36
Kalla	36
Kea	36
Kitte	36
Leena-Kaarina	36
Lejla	36
Liisu	36
Maijaliisa	36
Mathilde	36
Miia-Marika	36
Mirja-Riitta	36
Nasrin	36
Ofelia	36
Rayaan	36
Rayan	36
Renate	36
Samsam	36
Scarlett	36
Sini-Tuuli	36
Sorella	36
Uliana	36
Valo	36
Viivi-Maria	36
Ülle	36
Aada-Sofia	35
Anab	35
Anmari	35
Annaliina	35
Anu-Liisa	35
Anu-Mari	35
Daalia	35
Diane	35
Dilan	35
Eedith	35
Eeva-Kristiina	35
Hannamaria	35
Hanna-Marja	35
Heli-Maria	35
Henniina	35
Idun	35
Iida-Maija	35
Joana	35
Joyce	35
Krista-Maria	35
Ksenija	35
Leena-Mari	35
Lise-Lott	35
Minh	35
Neda	35
Nour	35
Priitta	35
Suad	35
Teija-Liisa	35
Tuija-Leena	35
Ubah	35
Adéle	34
Anu-Leena	34
Arlene	34
Ashley	34
Céline	34
Ditte	34
Eetla	34
Emma-Leena	34
Faina	34
Fatou	34
Gundel	34
Hanneli	34
Hilkka-Maija	34
Idil	34
Ingegärd	34
Ingvor	34
Irkka	34
Jaana-Maria	34
Joanne	34
Kerttuli	34
Lilya	34
Lorena	34
Mariya	34
Marja-Kristiina	34
Marjanne	34
Marlen	34
Matilde	34
Mildred	34
Muna	34
Nawal	34
Norah	34
Rafaela	34
Reetta-Leena	34
Sanni-Sofia	34
Talvi	34
Tatjaana	34
Tuuve	34
Aletta	33
Anja-Leena	33
Anne-Maaret	33
Caterina	33
Darina	33
Eja	33
Emi	33
Florence	33
Gunni	33
Habiba	33
Juno	33
Katie	33
Kiisa	33
Lida	33
Lilija	33
Lydmila	33
Mandy	33
Marge	33
Mari-Ann	33
Marikka	33
Mari-Leena	33
Marlena	33
Miija	33
Milja-Maria	33
Najmo	33
Nasti	33
Pia-Kristiina	33
Ros-Marie	33
Saara-Sofia	33
Saba	33
Sabrin	33
Salka	33
Sibel	33
Sini-Marja	33
Sissel	33
Smilla	33
Thyra	33
Vivika	33
Zelda	33
Ada-Maria	32
Alevtina	32
Alisha	32
Anne-Christine	32
Anni-Leena	32
Aria	32
Britt-Louise	32
Desiree	32
Eevakaisa	32
Eeva-Sisko	32
Elmira	32
Gun-May	32
Hailey	32
Hanna-Riina	32
Iida-Liisa	32
Iida-Mari	32
June	32
Kirsi-Maaria	32
Kirta	32
Leena-Riitta	32
Leena-Sisko	32
Maare	32
Marjaterttu	32
Merve	32
Nimco	32
Nur	32
Onna	32
Reetta-Kaisa	32
Roosa-Mari	32
Rosi	32
Samia	32
Sini-Maarit	32
Tiiamari	32
Yuliya	32
Zoja	32
Ainomaria	31
Amani	31
Chelsea	31
Christin	31
Cira	31
Eevamaija	31
Eevamaria	31
Elice	31
Eva-Marie	31
Faadumo	31
Hannaliisa	31
Iida-Emilia	31
Inca	31
Irinja	31
Karelia	31
Kathleen	31
Kiia-Maria	31
Laura-Maija	31
Leanna	31
Lizette	31
Mai-Lis	31
Malgorzata	31
Meliina	31
Millie	31
Minnaliisa	31
Molla	31
Munira	31
Myrsky	31
Natalija	31
Natja	31
Nenne	31
Nguyen	31
Nisa	31
Oma	31
Pippa	31
Saija-Leena	31
Sannamaija	31
Sanna-Marja	31
Sanna-Riitta	31
Seija-Leena	31
Seija-Sisko	31
Serafima	31
Sima	31
Suvi-Maarit	31
Tiina-Leena	31
Tilla	31
Titi	31
Tuikku	31
Ullamari	31
Valerie	31
Yan	31
Aija-Leena	30
Ania	30
Anne-Charlotte	30
Ariela	30
Ayda	30
Catalina	30
Dilara	30
Edona	30
Eeva-Riikka	30
Eija-Inkeri	30
Eili	30
Eva-Maija	30
Eyvor	30
Gabrielle	30
Gladys	30
Jael	30
Jeena	30
Jelina	30
Julietta	30
Julina	30
Kirsi-Leena	30
Krisse	30
Lin	30
Linda-Marie	30
Malou	30
Mari-Susanna	30
Marjoriitta	30
Mette-Maria	30
Minta	30
Noora-Emilia	30
Novalie	30
Nura	30
Riitta-Marja	30
Roosa-Maaria	30
Samiira	30
Sasha	30
Seynab	30
Sickan	30
Sofiia	30
Suvianna	30
Tilta	30
Tuulianna	30
Tähti	30
Vasilisa	30
Yara	30
Adea	29
Alana	29
Aniita	29
Anna-Julia	29
Anne-Marika	29
Carol	29
Danica	29
Desiré	29
Eeva-Lotta	29
Elen	29
Elliina	29
Elza	29
Emma-Liisa	29
Eva-Kaarina	29
Greeta	29
Hanna-Sofia	29
Hanne-Maarit	29
Hatice	29
Helpi	29
Henna-Maaria	29
Henna-Riitta	29
Ilham	29
Ioulia	29
Jemiina	29
Jenni-Johanna	29
Jonna-Riikka	29
Juanita	29
Junia	29
Kathy	29
Katy	29
Kerttu-Liisa	29
Kukka-Maria	29
Maija-Kaarina	29
Maija-Sisko	29
Maija-Stiina	29
Maren	29
Marja-Lea	29
Meerit	29
Meya	29
Mimma	29
Nan	29
Neena	29
Neera	29
Riitta-Maria	29
Sandy	29
Sania	29
Seea	29
Serina	29
Shahla	29
Telle	29
Tiija	29
Tuana	29
Alfhild	28
Alvina	28
Anh	28
Anna-Pauliina	28
Bertha	28
Brigitte	28
Camille	28
Cynthia	28
Delia	28
Dolly	28
Dunia	28
Ellinora	28
Evgeniia	28
Evie	28
Faduma	28
Giulia	28
Hannemari	28
Henna-Riina	28
Ingemo	28
Janna-Mari	28
Jella	28
Joline	28
Kamila	28
Karima	28
Katarzyna	28
Katja-Leena	28
Katya	28
Kia-Maria	28
Kimberly	28
Kristen	28
Liila	28
Linh	28
Lynn	28
Majlen	28
Marjo-Kaisa	28
Markit	28
Mimoza	28
Narges	28
Nele	28
Nyyti	28
Odette	28
Piita	28
Priska	28
Reetta-Maria	28
Ripsa	28
Saara-Liisa	28
Safina	28
Sannaleena	28
Shamso	28
Shirley	28
Suvi-Tuulikki	28
Tarina	28
Tasnim	28
Tatyana	28
Tiinamari	28
Tuuli-Maaria	28
Ulla-Maarit	28
Vanilla	28
Villa	28
Vilmiina	28
Virginia	28
Aiju	27
Aino-Emilia	27
Aino-Marja	27
Ajla	27
Anne-Leena	27
Anne-Maritta	27
Anu-Kaisa	27
Anzhelika	27
Derya	27
Edita	27
Eiri	27
Ellimaija	27
Emilla	27
Emmie	27
Emmi-Kaisa	27
Eva-Lena	27
Evia	27
Farhiyo	27
Gunveig	27
Hanaan	27
Helén	27
Heli-Marja	27
Helmi-Sofia	27
Iivi	27
Jenna-Riikka	27
Kaiho	27
Kara	27
Lisa-Marie	27
Maissi	27
Maria-Helena	27
Marsa	27
Miia-Liisa	27
Minnie	27
Muniira	27
Nasteho	27
Parisa	27
Petra-Maria	27
Rahmo	27
Reina	27
Renée	27
Riia-Maria	27
Rosalinda	27
Sallamaria	27
Sanna-Marika	27
Seliina	27
Senia	27
Sigbritt	27
Siro	27
Tetti	27
Tuyet	27
Ulla-Liisa	27
Violeta	27
Adaliina	26
Agnesa	26
Aino-Mari	26
Alison	26
Amaal	26
Amna	26
Annemaria	26
Annimaria	26
Bao	26
Bich	26
Deniz	26
Donia	26
Emmi-Noora	26
Enni-Maria	26
Eveline	26
Faiza	26
Henna-Liisa	26
Holly	26
Iidamaria	26
Inga-Liisa	26
Iraida	26
Iro	26
Janice	26
Jasmiini	26
Jertta	26
Kadri	26
Kseniia	26
Lisa-Maria	26
Lotta-Emilia	26
Lotta-Mari	26
Margareeta	26
Mari-Annika	26
Marine	26
Maritsa	26
Marja-Anneli	26
Marle	26
Melike	26
Mercedes	26
Miia-Riikka	26
Milla-Riina	26
Milou	26
Minna-Kristiina	26
Mirela	26
Nahid	26
Naimi	26
Nea-Sofia	26
Nida	26
Odelia	26
Päivyt	26
Roosamari	26
Rosalina	26
Rosa-Marie	26
Ruuth	26
Sakina	26
Satu-Johanna	26
Sihaam	26
Sini-Pilvi	26
Sirkka-Maija	26
Sävy	26
Taru-Tuulia	26
Trine	26
Ulla-Britta	26
Ulla-Kaarina	26
Zamzam	26
Zanna	26
Ahlam	25
Alviina	25
Amaya	25
Anastasiya	25
Ancela	25
Anetta	25
Angelique	25
Annabelle	25
Anni-Lotta	25
Anuliina	25
Britt-Inger	25
Carolyn	25
Debora	25
Dinah	25
Elisaveta	25
Ellamaria	25
Elli-Mari	25
Elli-Sofia	25
Emeliina	25
Emmelie	25
Eunice	25
Faith	25
Gunbritt	25
Ha	25
Hannariikka	25
Henna-Maarit	25
Hennamari	25
Hoang	25
Ida-Mari	25
Indira	25
Iona	25
Ira-Maria	25
Jaanika	25
Jiina	25
Justina	25
Kaja	25
Kristi	25
Madelen	25
Madicken	25
Madison	25
Maggie	25
Marena	25
Maria-Sofia	25
Marjanna	25
Maxine	25
Meritta	25
Mia-Marika	25
Minne	25
Muska	25
Ninette	25
Olesia	25
Pilvi-Sisko	25
Priita	25
Päivi-Sisko	25
Rabia	25
Raija-Riitta	25
Riikka-Maija	25
Ronia	25
Saara-Leena	25
Saina	25
Seila	25
Selda	25
Silja-Maria	25
Silje	25
Sini-Vuokko	25
Sirkkaliisa	25
Suvi-Elina	25
Suzana	25
Tiara	25
Tuija-Riitta	25
Uni	25
Utu	25
Varma	25
Venla-Maria	25
Vilhelmina	25
Wilja	25
Vivica	25
Yael	25
Aasa	24
Aija-Liisa	24
Ainokaisa	24
Aino-Leena	24
Aleksia	24
Alona	24
Amra	24
Anissa	24
Annasofia	24
Anne-Helena	24
Anne-Maaria	24
Armiida	24
Asli	24
Aula	24
Camila	24
Darya	24
Dolores	24
Donya	24
Edina	24
Ema	24
Ene	24
Gun-Marie	24
Gun-Viol	24
Heli-Maarit	24
Ila	24
Ilhan	24
Inge-Britt	24
Isadora	24
Isella	24
Ivana	24
Kastanja	24
Kateryna	24
Liliya	24
Lilja-Maria	24
Margetta	24
Mariko	24
Mayvor	24
Milla-Emilia	24
Minette	24
Minna-Marika	24
Naimo	24
Nata	24
Nazanin	24
Olesya	24
Penny	24
Peppilotta	24
Perla	24
Pi	24
Pia-Leena	24
Pia-Sofia	24
Pihla-Maria	24
Reet	24
Renee	24
Salla-Maija	24
Sannamaria	24
Sari-Susanna	24
Satu-Susanna	24
Sidra	24
Siv-Britt	24
Susana	24
Tari	24
Teiju	24
Thilde	24
Tiltu	24
Titta-Maria	24
Tuttu	24
Uljana	24
Zehra	24
Aalia	23
Agnieszka	23
Alica	23
Amber	23
Amran	23
Angel	23
Annariitta	23
Annel	23
Anni-Helena	23
Anu-Maija	23
Arlinda	23
Aviva	23
Beatriz	23
Bibi	23
Chris	23
Edel	23
Eeva-Helena	23
Effi	23
Egzona	23
Eliise	23
Eline	23
Emilja	23
Emma-Liina	23
Eugenia	23
Fatmire	23
Freia	23
Hanna-Kaarina	23
Hazel	23
Helianna	23
Helky	23
Hilja-Maria	23
Hoda	23
Idamaria	23
Iija	23
Ikram	23
Ikran	23
India	23
Ing-Britt	23
Jenifer	23
Jennimari	23
Jerika	23
Kaneli	23
Katalin	23
Keira	23
Kirsi-Marjut	23
Laura-Emilia	23
Lee	23
Leena-Marjatta	23
Liina-Lotta	23
Liona	23
Lissu	23
Lorin	23
Lowa	23
Lucie	23
Lumikukka	23
Maileena	23
Mariaana	23
Maria-Riitta	23
Mari-Elina	23
Mari-Kaisa	23
Miina-Maria	23
Moira	23
Nafisa	23
Néa	23
Niina-Mari	23
Noella	23
Olka	23
Osmi	23
Päivi-Maria	23
Quynh	23
Raissa	23
Rebeca	23
Rode	23
Rosanne	23
Rosemarie	23
Ruu	23
Sadaf	23
Saili	23
Sanniina	23
Sansa	23
Saranda	23
Sindi	23
Sini-Sofia	23
Sirpa-Riitta	23
Sirppa	23
Sofiina	23
Soini	23
Taiju	23
Tetiana	23
Tupu	23
Ull-Britt	23
Valeriia	23
Warda	23
Ada-Emilia	22
Adelle	22
Alda	22
Aliya	22
Anett	22
Anna-Elisa	22
Anniliina	22
Arta	22
Asia	22
Asiya	22
Binta	22
Dorita	22
Eloise	22
Else-May	22
Emmi-Julia	22
Gaia	22
Giselle	22
Gunvi	22
Hajar	22
Henriina	22
Hilla-Maaria	22
Iinu	22
Israa	22
Janelle	22
Jeanne	22
Jemilia	22
Jenni-Kaisa	22
Jessie	22
Kaisaleena	22
Kati-Johanna	22
Kendra	22
Kirsi-Maija	22
Leenamaija	22
Lidija	22
Liilia	22
Liine	22
Liisamaija	22
Liz	22
Lotta-Liisa	22
Lotta-Sofia	22
Lumi-Kukka	22
Luul	22
Madeline	22
Mahnaz	22
Maija-Helena	22
Maija-Reetta	22
Maira	22
Mairit	22
Malaika	22
Malina	22
Malle	22
Manar	22
Mari-Helena	22
Mariita	22
Marinella	22
Maryna	22
Melita	22
Mireille	22
Mirigli	22
Naana	22
Natalya	22
Natascha	22
Nawaal	22
Nhu	22
Nina-Mari	22
Olesja	22
Penelope	22
Phoebe	22
Pipa	22
Rebekah	22
Reetta-Maija	22
Riina-Maija	22
Riittaliisa	22
Roda	22
Rosamaria	22
Sarai	22
Sasa	22
Shani	22
Signhild	22
Siiri-Maria	22
Silke	22
Sirena	22
Sumeya	22
Suvi-Anna	22
Tanja-Maria	22
Therése	22
Tiida	22
Triinu	22
Tuulevi	22
Viktorija	22
Viviann	22
Vivianne	22
Zina	22
Aaliyah	21
Agnetha	21
Alea	21
Anja-Kaarina	21
Anna-Kristina	21
Anna-Lea	21
Anna-Leea	21
Anna-Tuulia	21
Annmarie	21
April	21
Arya	21
Asra	21
Audrey	21
Aysha	21
Beerit	21
Delila	21
Dunja	21
Eerica	21
Eila-Maija	21
Elham	21
Elke	21
Ellida	21
Emmaleena	21
Havin	21
Heli-Maija	21
Ida-Maija	21
Inka-Riina	21
Isela	21
Katja-Mari	21
Kesia	21
Kiki	21
Léa	21
Leenu	21
Lis-Britt	21
Lolita	21
Lucinda	21
Mai-Britt	21
Maiju-Leena	21
Mairi	21
Majbritt	21
Marjam	21
Marja-Maija	21
Masoumeh	21
Melika	21
Mertta	21
Michele	21
Mihaela	21
Miia-Maarit	21
Miiu	21
Minnamaria	21
Minna-Marja	21
Mulki	21
Nani	21
Nathalia	21
Neta	21
Nikolina	21
Oodi	21
Piia-Pauliina	21
Piia-Riitta	21
Poppy	21
Päivi-Helena	21
Randa	21
Roberta	21
Rosina	21
Roya	21
Runo	21
Sahro	21
Salwa	21
Sanaa	21
Senny	21
Serja	21
Taisa	21
Torborg	21
Varpu-Leena	21
Vicky	21
Vilna	21
Virpi-Liisa	21
Wivi	21
Yen	21
Yu	21
Aamina	20
Aile	20
Aleksina	20
Aliyah	20
Amela	20
Aniela	20
Anna-Kreetta	20
Ann-Cathrine	20
Anne-Elina	20
Asla	20
Beada	20
Berith	20
Blanca	20
Blerta	20
Cesilia	20
Chanel	20
Damla	20
Darling	20
Dominique	20
Eedi	20
Eeva-Kaija	20
Elaine	20
Elliida	20
Elmiira	20
Elvina	20
Emelina	20
Gresa	20
Hayley	20
Heather	20
Helny	20
Hope	20
Ida-Kaisa	20
Inès	20
Inga-Maria	20
Inge-May	20
Isa-Maria	20
Jaana-Maarit	20
Jamie	20
Jamilla	20
Jenni-Sofia	20
Jevgenia	20
Kai	20
Kaisa-Marja	20
Karo	20
Kathryn	20
Katja-Maarit	20
Krisztina	20
Latifa	20
Laura-Elina	20
Liliia	20
Lis-Marie	20
Luana	20
Luz	20
Maaren	20
Mahsa	20
Maijaleena	20
Maikku	20
Manal	20
Mari-Liisa	20
Marléne	20
May-Len	20
Meini	20
Miitu	20
Mio	20
Mirabella	20
Nanja	20
Narin	20
Natacha	20
Neah	20
Neila	20
Nelli-Maria	20
Nermin	20
Nuura	20
Paula-Maria	20
Pihka	20
Qamar	20
Ranya	20
Raquel	20
Rasha	20
Rihanna	20
Riina-Kaisa	20
Sari-Anneli	20
Satu-Päivikki	20
Saynab	20
Shahad	20
Siena	20
Silve	20
Suvi-Sisko	20
Tess	20
Tetta	20
Teuta	20
Tiia-Liisa	20
Tiinu	20
Triin	20
Vanda	20
Veera-Kaisa	20
Zandra	20
Afnaan	19
Alaa	19
Alexandria	19
Amel	19
Amie	19
Anna-Erika	19
Anna-Kajsa	19
Anna-Katarina	19
Anna-Liina	19
Anna-Marie	19
Ann-Catrine	19
Ann-Maria	19
Ann-May	19
Ariella	19
Arja-Maija	19
Asho	19
Aslög	19
Aure	19
Avelia	19
Avin	19
Ayesha	19
Birgitte	19
Britt-Maj	19
Caitlin	19
Carine	19
Cora	19
Dunya	19
Eija-Maija	19
Ella-Maaria	19
Ellimari	19
Elsbeth	19
Els-Maj	19
Eman	19
Erza	19
Evgenija	19
Evgeniya	19
Fatime	19
Georgina	19
Hanna-Katri	19
Hanna-Marika	19
Heidi-Mari	19
Hilta	19
Hippu	19
Huong	19
Iina-Emilia	19
Iina-Sofia	19
Izabelle	19
Jaana-Maija	19
Janiika	19
Janissa	19
Janna-Maria	19
Jean	19
Jerina	19
Jinka	19
Karmen	19
Kerli	19
Kirsimaria	19
Laia	19
Laura-Liisa	19
Leandra	19
Liisa-Lotta	19
Lilith	19
Linda-Mari	19
Luiza	19
Lumi-Lilja	19
Maarja	19
Maj-Brit	19
Maleena	19
Mareena	19
María	19
Marie-Christine	19
Mariikka	19
Mariza	19
Marjariitta	19
Marttiina	19
Marzia	19
Merituulia	19
Miia-Maaria	19
Miisa-Maria	19
Mirna	19
Miroslava	19
Mitja	19
Mona-Maria	19
Nabila	19
Negin	19
Neija	19
Nesrin	19
Ninetta	19
Pia-Maarit	19
Pia-Pauliina	19
Pia-Susanna	19
Piela	19
Piiku	19
Pille	19
Pyry	19
Riina-Mari	19
Riitta-Anneli	19
Safiyo	19
Sara-Emilia	19
Sari-Johanna	19
Satu-Maija	19
Seera	19
Shabnam	19
Shania	19
Sivia	19
Sofija	19
Solin	19
Sonja-Maria	19
Sumayo	19
Suvituulia	19
Talia	19
Thao	19
Tiina-Riikka	19
Tuila	19
Tuula-Maria	19
Wei	19
Vilja-Maria	19
Vivienne	19
Zaynab	19
Zoya	19
Ahlaam	18
Aimee	18
Aino-Ilona	18
Albulena	18
Aminata	18
Anja-Maija	18
Anna-Brita	18
Anna-Laura	18
Annareetta	18
Anneka	18
Anneliina	18
Anne-Marjo	18
Anni-Ilona	18
Arabella	18
Ardita	18
Arja-Sisko	18
Asal	18
Athena	18
Augusta	18
Aziza	18
Beate	18
Blanka	18
Briita	18
Brita-Liisa	18
Christiina	18
Dafina	18
Eevamari	18
Eija-Kaarina	18
Eija-Maarit	18
Elona	18
Emmalotta	18
Emma-Riikka	18
Emmi-Riikka	18
Enni-Sofia	18
Estel	18
Evella	18
Fereshteh	18
Gullan	18
Hanna-Lotta	18
Hayat	18
Hero	18
Iidaliina	18
Iida-Liina	18
Ikhlaas	18
Ilhaan	18
Inara	18
Inka-Mari	18
Inni	18
Iréne	18
Jaana-Kaisa	18
Jaana-Liisa	18
Jenni-Emilia	18
Jina	18
Jing	18
Jonina	18
Judy	18
Kaisamari	18
Kaisa-Reetta	18
Karoline	18
Kateriina	18
Kati-Maria	18
Leena-Anneli	18
Lena-Maria	18
Leticia	18
Liivia	18
Lumi-Helmi	18
Mae	18
Marjan	18
Meriem	18
Meri-Helmi	18
Miana	18
Mia-Riitta	18
Michela	18
Mikael	18
Millamari	18
Minna-Sisko	18
Mirva-Liisa	18
Miski	18
Myriam	18
Natasa	18
Nea-Noora	18
Nella-Maria	18
Noura	18
Parvin	18
Pinja-Maria	18
Princess	18
Päivi-Liisa	18
Rae	18
Rawan	18
Riim	18
Riitta-Mari	18
Rim	18
Rona	18
Ronda	18
Rosemary	18
Roxana	18
Ruweyda	18
Salla-Maari	18
Sanela	18
Sari-Helena	18
Satu-Päivi	18
Sena	18
Shqipe	18
Sievä	18
Silvi	18
Sona	18
Sunita	18
Syeda	18
Taia	18
Teija-Leena	18
Teija-Riitta	18
Thilda	18
Tiina-Sisko	18
Tyyra	18
Ulla-Kaija	18
Ulla-Kristiina	18
Uuna	18
Wai	18
Venera	18
Verena	18
Vjollca	18
Yamina	18
Zsuzsanna	18
Aala	17
Adèle	17
Adelie	17
Alexander	17
Alicja	17
Aljona	17
Anju	17
Anna-Bella	17
Anna-Sisko	17
Anne-Mai	17
Ann-Nina	17
Anu-Elina	17
Anu-Kristiina	17
Bojan	17
Bonnie	17
Celinda	17
Cleo	17
Deeqa	17
Deeqo	17
Dia	17
Dominika	17
Elvia	17
Embla	17
Emiilia	17
Emilija	17
Esti	17
Evguenia	17
Feride	17
Francisca	17
Gilda	17
Gullvi	17
Hanin	17
Helmi-Lotta	17
Heta-Maria	17
Hillervo	17
Ibtisam	17
Ida-Liisa	17
Iina-Mari	17
Ikraan	17
Irmelin	17
Ismahan	17
Jaana-Mari	17
Jenni-Julia	17
Jippu	17
Juuni	17
Katja-Maaria	17
Kawsar	17
Kenza	17
Kianna	17
Kirke	17
Kübra	17
Larin	17
Lea-Liisa	17
Liina-Maija	17
Liina-Maria	17
Lis-Mari	17
Liyana	17
Lo	17
Lotta-Maaria	17
Lotta-Maija	17
Lumianna	17
Lumi-Tuuli	17
Ly	17
Malvina	17
Marigona	17
Marilyn	17
Martiina	17
Mea-Maria	17
Meriam	17
Minttu-Mari	17
Miro	17
Muru	17
Nadya	17
Niina-Riikka	17
Nike	17
Nina-Maarit	17
Nuur	17
Onneli	17
Philippa	17
Piia-Liisa	17
Piia-Mari	17
Pirjo-Sisko	17
Pirkkoliisa	17
Rahaf	17
Reeta-Maria	17
Roosa-Emilia	17
Roxanne	17
Sadio	17
Safi	17
Saido	17
Saija-Liisa	17
Saija-Maria	17
Salla-Kaisa	17
Sargit	17
Satu-Mari	17
Selia	17
Sikke	17
Sinaida	17
Sini-Susanna	17
Sofja	17
Stefani	17
Tarja-Helena	17
Teri	17
Tetyana	17
Tilly	17
Toivi	17
Wendla	17
Winnie	17
Wiola	17
Virpi-Leena	17
Vita	17
Ying	17
Aaliya	16
Ailin	16
Ainikki	16
Ainoliina	16
Albana	16
Alexina	16
Alfa	16
Alwa	16
Amalie	16
Amino	16
Anaïs	16
Anesa	16
Anjelika	16
Anni-Maaria	16
Antonella	16
Anuliisa	16
Anu-Susanna	16
Anzelika	16
Armida	16
Aster	16
Astri	16
Berivan	16
Betti	16
Birthe	16
Blerina	16
Briitta-Liisa	16
Caisa	16
Chatarina	16
Coco	16
Davina	16
Dilek	16
Dita	16
Dorothea	16
Drita	16
Eija-Sisko	16
Elene	16
Elicia	16
Elina-Maria	16
Ellimaria	16
Elnaz	16
Emmilotta	16
Enny	16
Era	16
Eva-Mari	16
Farhio	16
Fatimah	16
Filsan	16
Fitore	16
Gemma	16
Grete	16
Gull-Maj	16
Hala	16
Hamda	16
Hanna-Helena	16
Hanna-Katariina	16
Hanna-Reeta	16
Heba	16
Heidi-Maarit	16
Heléne	16
Hilda-Maria	16
Ikhlas	16
Inga-Lis	16
Iri	16
Irini	16
Irja-Leena	16
Jaana-Marja	16
Jenna-Juulia	16
Jenna-Riina	16
Jilla	16
Jona	16
Júlia	16
Kadi	16
Kairi	16
Kaisi	16
Kaltrina	16
Karolin	16
Kerttu-Kaarina	16
Klea	16
Larysa	16
Laura-Leena	16
Laura-Sofia	16
Leenakaisa	16
Liliane	16
Liya	16
Luciana	16
Maija-Riikka	16
Maj-Gun	16
Malia	16
Maria-Terttu	16
Mari-Ella	16
Mari-Hannele	16
Marjorie	16
Marutzella	16
Meliha	16
Mija	16
Milvi	16
Minna-Kaarina	16
Mirve	16
Mysi	16
Neele	16
Nellinoora	16
Nicoletta	16
Noel	16
Olessia	16
Olga-Maria	16
Oliwia	16
Piatta	16
Piiu	16
Pirketta	16
Päivi-Leena	16
Rahel	16
Reetta-Mari	16
Reija-Liisa	16
Riitta-Kaarina	16
Ritva-Anneli	16
Roosamaria	16
Sabiha	16
Salla-Maaret	16
Sanni-Kaisa	16
Satu-Helena	16
Satu-Liisa	16
Sea	16
Shams	16
Sharmin	16
Silvana	16
Sindy	16
Sirkku-Leena	16
Sofya	16
Solina	16
Suzanna	16
Sylvie	16
Terhi-Tuulia	16
Theodora	16
Tiina-Maarit	16
Tira	16
Tuuliina	16
Tytti-Maria	16
Tähkä	16
Valerija	16
Valeriya	16
Veera-Sofia	16
Venus	16
Vlada	16
Zarah	16
Zenita	16
Zofia	16
Adile	15
Afnan	15
Aleksa	15
Almira	15
Anahita	15
Anais	15
Ancelika	15
Anfisa	15
Angeline	15
Anja-Maria	15
Anna-Eveliina	15
Annamaaria	15
Anne-Kristina	15
Anne-Sisko	15
Annimaija	15
Anni-Riikka	15
Antoinette	15
Anzhela	15
Arma	15
Athina	15
Avella	15
Aynur	15
Basma	15
Boel	15
Caro	15
Chantelle	15
Cheryl	15
Christiana	15
Danja	15
Dima	15
Dua	15
Eeli	15
Eeti	15
Ejvor	15
Eleanoora	15
Eleonor	15
Eli	15
Elia	15
Ellariina	15
Elsa-Maija	15
Emely	15
Emma-Julia	15
Emmi-Leena	15
Enid	15
Enniina	15
Etna	15
Evianna	15
Farhiya	15
Fariba	15
Fartuun	15
Farzana	15
Githa	15
Halina	15
Henna-Reetta	15
Hila	15
Hind	15
Hui	15
Ida-Marie	15
Ikra	15
Ilsa	15
Inas	15
Irem	15
Isabela	15
Jenni-Leena	15
Jiia	15
Joella	15
Juuli-Anna	15
Kaarna	15
Kaila	15
Kay	15
Kyra	15
Lada	15
Lavinia	15
Leili	15
Leo	15
Liisa-Mari	15
Liisa-Marja	15
Linda-Lotta	15
Lotta-Kaisa	15
Lumi-Maria	15
Lumnije	15
Lumo	15
Ma	15
Marcela	15
Marget	15
Maria-Elena	15
Mari-Anneli	15
Maris	15
Marisanna	15
Marja-Tuulikki	15
Marleen	15
Meela	15
Melodi	15
Merette	15
Merja-Hannele	15
Merva	15
Mia-Maarit	15
Miinu	15
Miita	15
Mika	15
Milo	15
Mirja-Maija	15
Mirka-Maria	15
Miya	15
Monique	15
Mumtaz	15
Myrna	15
Nadiya	15
Nea-Emilia	15
Neema	15
Neeta	15
Nela	15
Pian	15
Piipa	15
Pikka	15
Priya	15
Reem	15
Riham	15
Riikkaliisa	15
Riitta-Helena	15
Ritvaliisa	15
Robyn	15
Romina	15
Rosie	15
Ros-Maj	15
Saara-Lotta	15
Saara-Mari	15
Salina	15
Salla-Sofia	15
Samar	15
Samra	15
Sandi	15
Sannu	15
Saria	15
Sari-Leena	15
Sari-Maria	15
Satu-Lotta	15
Seda	15
Selin	15
Simin	15
Sinimarja	15
Skye	15
Solange	15
Taika-Tuuli	15
Taria	15
Teela	15
Teodora	15
Terje	15
Tessi	15
Thua	15
Tiina-Tuulia	15
Tilhi	15
Tilja	15
Tracy	15
Tuuva	15
Ulla-Helena	15
Ulla-Pia	15
Wanja	15
Vanni	15
Weronika	15
Viivia	15
Villiina	15
Zoé	15
Zohra	15
Adelin	14
Aia	14
Aija-Riitta	14
Aime	14
Alanna	14
Alix	14
Amara	14
Amila	14
Anna-Carin	14
Annalisa	14
Annalotta	14
Annami	14
Anna-Pia	14
Anne-Kaisa	14
Anny	14
Ansku	14
Avilla	14
Bria	14
Briana	14
Brigitta	14
Carissa	14
Catrina	14
Charlene	14
Chia	14
Cristel	14
Defne	14
Dianna	14
Diina	14
Donika	14
Dorota	14
Dorthy	14
Eeri	14
Eeva-Reetta	14
Eha	14
Elenor	14
Ella-Roosa	14
Ellinore	14
Emeline	14
Emma-Reetta	14
Ena	14
Eszter	14
Eva-Riitta	14
Fahmo	14
Fanni-Sofia	14
Filiz	14
Franziska	14
Fredrica	14
Freyja	14
Gulnara	14
Hamida	14
Hanna-Karoliina	14
Hanna-Lea	14
Hanna-Sisko	14
Hanne-Leena	14
Hava	14
Helina	14
Heli-Riitta	14
Heliä	14
Hella	14
Hildegard	14
Hildi	14
Iida-Kaisa	14
Iina-Maija	14
Ija	14
Ikraam	14
Ildikó	14
Iliana	14
Inka-Liisa	14
Inke	14
Janitta	14
Jarita	14
Jasmiin	14
Jeela	14
Jelizaveta	14
Joa	14
Jonna-Julia	14
Josetta	14
Jutta-Maria	14
Kaia	14
Kaika	14
Kaisa-Riitta	14
Karine	14
Katja-Helena	14
Katja-Marika	14
Keren	14
Khadijah	14
Khadijo	14
Kuu	14
Kätlin	14
Laura-Mari	14
Lavin	14
Leonore	14
Lilo	14
Lyyra	14
Ma.	14
Maie	14
Maina	14
Maja-Lisa	14
Manaal	14
Maria-Elina	14
Mariah	14
Mari-Annukka	14
Mari-Jaana	14
Marja-Hannele	14
Marja-Lena	14
Marjana	14
Marlén	14
Marya	14
Meemi	14
Meg	14
Miilia	14
Milona	14
Minca	14
Minna-Elina	14
Minna-Marjaana	14
Minna-Susanna	14
Mollie	14
Monia	14
Mya	14
Myra	14
Naava	14
Nadeschda	14
Najah	14
Nala	14
Nasteeho	14
Natallia	14
Natasia	14
Natta	14
Neea-Maria	14
Neili	14
Nena	14
Neri	14
Neva	14
Nicoline	14
Oona-Sofia	14
Pia-Johanna	14
Pia-Marja	14
Piija	14
Ragna	14
Rama	14
Reeta-Kaisa	14
Renita	14
Ria-Maria	14
Riana	14
Roine	14
Rosa-Mari	14
Ruusu-Maria	14
Saabiriin	14
Saaramaria	14
Sabirin	14
Sabriina	14
Saga-Sofia	14
Saija-Riikka	14
Salima	14
Salla-Tuulia	14
Saranna	14
Satu-Hannele	14
Satu-Kaarina	14
Seri	14
Sevda	14
Sevgi	14
Seyedeh	14
Stina-Maria	14
Suha	14
Sumeja	14
Taini	14
Taru-Maija	14
Tea-Maria	14
Tia-Mari	14
Tiia-Maarit	14
Tiia-Mariia	14
Tiinaliisa	14
Titta-Riina	14
Tone	14
Ullariikka	14
Ulla-Sisko	14
Urda	14
Vanesa	14
Varpu-Liisa	14
Vianna	14
Viviane	14
Yasmiin	14
Yelena	14
Özlem	14
Aada-Emilia	13
Aalo	13
Adel	13
Adette	13
Ai	13
Aiko	13
Aileen	13
Ainoliisa	13
Aissa	13
Aksa	13
Akuliina	13
Ala	13
Alexis	13
Aleyna	13
Angeliina	13
Anila	13
Annabell	13
Anna-Marika	13
Annely	13
Anne-Marjatta	13
Annevi	13
Annikaisa	13
Anni-Marja	13
Antigona	13
Aulona	13
Ave	13
Baran	13
Belma	13
Beryl	13
Besarta	13
Brita-Lisa	13
Carlotta	13
Cecilie	13
Christelle	13
Christiane	13
Clarisse	13
Dalila	13
Damaris	13
Derin	13
Diandra	13
Diellza	13
Dimitra	13
Dona	13
Dorotea	13
Edea	13
Eeni	13
Eeva-Inkeri	13
Eeva-Sofia	13
Eija-Maria	13
Elbe	13
Elga	13
Ella-Kaisa	13
Elzbieta	13
Emel	13
Emila	13
Emira	13
Enisa	13
Enni-Lotta	13
Eppu	13
Essi-Emilia	13
Essi-Lotta	13
Eva-Marja	13
Fathi	13
Fatuma	13
Fay	13
Febe	13
Finja	13
Fjolla	13
Friia	13
Ganimete	13
Georgia	13
Gianna	13
Gisella	13
Glory	13
Gun-Mari	13
Habibo	13
Hanna-Emilia	13
Hanna-Kaija	13
Hanna-Lena	13
Hanna-Pauliina	13
Hanna-Tuulia	13
Hedi	13
Heidi-Maaria	13
Heidi-Marika	13
Heloisa	13
Hennariina	13
Henna-Sofia	13
Heta-Maija	13
Hinda	13
Hosna	13
Iida-Elina	13
Iina-Lotta	13
Iita-Maria	13
Imane	13
Ing-Mari	13
Inka-Sofia	13
Iria	13
Irma-Leena	13
Isatou	13
Jara	13
Jeanna	13
Jenni-Elina	13
Jennyfer	13
Jia	13
Jitta	13
Johanne	13
Jolanta	13
Jolina	13
Juana	13
Jun	13
Kaire	13
Kaisa-Elina	13
Kaisa-Maaria	13
Kaitlyn	13
Kati-Susanna	13
Katja-Liisa	13
Katri-Johanna	13
Khadro	13
Kinga	13
Kirsi-Marjo	13
Kukkamaaria	13
Lamia	13
Lan	13
Leena-Liisa	13
Lija	13
Lilyan	13
Linéa	13
Lora	13
Lorna	13
Lu	13
Luljeta	13
Lyra	13
Maaru	13
Madelein	13
Maija-Elina	13
Mallu	13
Mara	13
Marcella	13
Marella	13
Margareth	13
Marguerite	13
Mariliina	13
Mary-Anne	13
Marzieh	13
Meral	13
Merilin	13
Merilla	13
Meri-Maaria	13
Mia-Sofia	13
Michal	13
Milaya	13
Milla-Maarit	13
Miray	13
Mirca	13
Miretta	13
Nadin	13
Nargis	13
Nella-Sofia	13
Nerea	13
Nicolette	13
Niika	13
Noora-Sofia	13
Nora-Maria	13
Oona-Emilia	13
Ophelia	13
Ottiilia	13
Pike	13
Pirke	13
Pirkko-Riitta	13
Pirpa	13
Päivi-Elina	13
Raakkel	13
Rabab	13
Rahima	13
Razia	13
Reeta-Mari	13
Réka	13
Riikka-Johanna	13
Riina-Liisa	13
Riinu	13
Rima	13
Ronja-Maria	13
Roosa-Maija	13
Sabah	13
Salla-Riikka	13
Sanna-Riina	13
Sanna-Sofia	13
Sanna-Tuulia	13
Sanni-Maija	13
Sannimari	13
Sara-Lotta	13
Sari-Liisa	13
Satu-Elina	13
Satu-Maaret	13
Semra	13
Sheima	13
Shilan	13
Shukrije	13
Silja-Sofia	13
Sirin	13
Soheila	13
Suvi-Johanna	13
Svanhild	13
Sydney	13
Taila	13
Tanja-Maarit	13
Taru-Maria	13
Taru-Tuuli	13
Tellu	13
Teressa	13
Terhi-Marja	13
Tesla	13
Tiina-Elina	13
Tiinamaija	13
Tina-Maria	13
Titta-Mari	13
Towe	13
Truc	13
Trude	13
Tu	13
Tuuli-Mari	13
Ulla-Kristina	13
Urve	13
Vadelma	13
Walma	13
Valpu	13
Vera-Maria	13
Vesna	13
Viana	13
Viivi-Lotta	13
Virpa	13
Vlora	13
Yalda	13
Yvette	13
Zeineb	13
Zoey	13
Aaria	12
Adalina	12
Adama	12
Adelaide	12
Aferdita	12
Agnia	12
Ainomari	12
Alejandra	12
Aliza	12
Allison	12
Almaas	12
Almina	12
Amaia	12
Ammi	12
Amrita	12
Anela	12
Aninka	12
Anna-Ilona	12
Annalena	12
Anna-Maj	12
Anni-Julia	12
Annilotta	12
Ann-Sofia	12
Ann-Sophie	12
Antje	12
Anu-Maaria	12
Anu-Marja	12
Anu-Pauliina	12
Arielle	12
Asrin	12
Auvo	12
Ayah	12
Azadeh	12
Bahja	12
Caisha	12
Colette	12
Dara	12
Debbie	12
Delal	12
Desire	12
Didem	12
Dila	12
Diona	12
Divine	12
Doaa	12
Dorina	12
Eevariitta	12
Eevi-Maria	12
Elias	12
Ella-Riina	12
Emma-Noora	12
Enne-Liisa	12
Erikka	12
Eva-Christina	12
Evamaria	12
Farhana	12
Florentina	12
Fowsia	12
Galyna	12
Giovanna	12
Grazyna	12
Gull-Britt	12
Gunn-Maj	12
Hafso	12
Hannariina	12
Hedy	12
Heidi-Marja	12
Heidi-Susanna	12
Heine	12
Heini-Marja	12
Heli-Johanna	12
Helma	12
Hibaq	12
Hillamari	12
Hilla-Mari	12
Hilla-Marja	12
Hilpe	12
Illusia	12
Ilse-Maj	12
Inga-Maarit	12
Ioanna	12
Ippa	12
Izabel	12
Jadele	12
Jadeliina	12
Janka	12
Jannat	12
Jasemin	12
Jazmin	12
Jena	12
Jenna-Sofia	12
Jenni-Maija	12
Jenny-Sofia	12
Jerica	12
Jerita	12
Jila	12
Johanna-Maria	12
Josefia	12
Josie	12
Ka	12
Kaijaleena	12
Kaisamaria	12
Kassandra	12
Katharine	12
Kati-Maarit	12
Katjaana	12
Keth	12
Kide	12
Kimete	12
Kirsi-Marika	12
Kirsti-Kaarina	12
Kitti	12
Laini	12
Lamar	12
Leana	12
Leanne	12
Leenamari	12
Lei	12
Lembi	12
Leonor	12
Lii	12
Linda-Sofia	12
Linette	12
Lirije	12
Loreta	12
Loretta	12
Lottaliina	12
Lotta-Riina	12
Maisie	12
Maliina	12
Maral	12
Maram	12
Maria-Teresa	12
Marie-Helene	12
Marike	12
Mariliisa	12
Mari-Sanna	12
Mari-Sisko	12
Marisol	12
Marjo-Riina	12
Maru	12
Marus	12
Matlena	12
Mayya	12
Meeli	12
Meera	12
Melak	12
Mélanie	12
Meria	12
Merja-Helena	12
Merja-Terttu	12
Mia-Maija	12
Mii	12
Miki	12
Millamaria	12
Minetta	12
Mirjana	12
Nadira	12
Nadra	12
Nea-Mari	12
Nejla	12
Nella-Noora	12
Nelmi	12
Nene	12
Nerissa	12
Niina-Kaisa	12
Outi-Mari	12
Outi-Marja	12
Pami	12
Patience	12
Patrizia	12
Paula-Maija	12
Pella	12
Petrina	12
Pia-Marie	12
Piia-Maarit	12
Piia-Riikka	12
Pirjo-Hannele	12
Precious	12
Prisca	12
Päivi-Maarit	12
Razan	12
Reena	12
Riija	12
Rika	12
Rinesa	12
Ritu	12
Rosabella	12
Rose-Mari	12
Saana-Tuulia	12
Saara-Elina	12
Sadie	12
Salla-Marja	12
Samina	12
Sanna-Pauliina	12
Sanna-Reetta	12
Sára	12
Sara-Julia	12
Sara-Tuulia	12
Sari-Hannele	12
Sariina	12
Sari-Maija	12
Sarra	12
Sawsan	12
Seinab	12
Shahnaz	12
Shaima	12
Shakila	12
Shamsa	12
Shannon	12
Shanti	12
Shira	12
Shiva	12
Shpresa	12
Sig-Britt	12
Silja-Riitta	12
Sinella	12
Sini-Päivikki	12
Sisi	12
Sisko-Helena	12
Sisko-Maria	12
Snöfrid	12
Sofiel	12
Sofiya	12
Suraya	12
Susie	12
Suvi-Kukka	12
Tabita	12
Taika-Tuulia	12
Tasniim	12
Terhi-Liisa	12
Tiia-Leena	12
Tiia-Riitta	12
Tiia-Sofia	12
Timea	12
Timna	12
To	12
Toni	12
Tony	12
Tran	12
Trina	12
Tyti	12
Wafa	12
Valbona	12
Valdine	12
Van	12
Vanilja	12
Yagmur	12
Yi	12
Zena	12
Zita	12
Zlata	12
Zsófia	12
Zuzanna	12
Adar	11
Adelea	11
Adrianna	11
Agatha	11
Ágnes	11
Ailiina	11
Aino-Riitta	11
Aino-Sisko	11
Aira-Liisa	11
Aksana	11
Alesia	11
Alja	11
Ama	11
Amadea	11
Amilda	11
An	11
Andreea	11
Aniso	11
Anna-Juulia	11
Ann-Cathrin	11
Anne-Katariina	11
Anne-Marit	11
Annemo	11
Ann-Jeanette	11
Ann-Katrine	11
Annu-Maria	11
Anu-Johanna	11
Anu-Liina	11
Anumari	11
Anuriikka	11
Anvi	11
Anzela	11
Arezo	11
Arianne	11
Arin	11
Arisa	11
Arzu	11
Asteri	11
Astra	11
Avesta	11
Axa	11
Ayat	11
Barbi	11
Bayan	11
Benin	11
Biritta	11
Bita	11
Bleona	11
Bouchra	11
Cathy	11
Cécile	11
Chanelle	11
Daga	11
Dahabo	11
Danika	11
Danuta	11
Denisa	11
Désirée	11
Dorthe	11
Dounia	11
Ebru	11
Eileen	11
Eina	11
Ekaterini	11
Elli-Ilona	11
Ellis	11
Elvy	11
Emil	11
Emma-Karoliina	11
Enni-Maija	11
Erva	11
Eva-Leena	11
Evangelia	11
Evangeline	11
Fahima	11
Farideh	11
Frances	11
Francine	11
Franciska	11
Francoise	11
Ganna	11
Gentiana	11
Gerli	11
Giia	11
Gullevi	11
Gunn-Lis	11
Haawo	11
Haddy	11
Hadiya	11
Haidi	11
Hanaa	11
Hania	11
Hanifa	11
Hanna-Stiina	11
Heddy	11
Heidy	11
Hélène	11
Heta-Liisa	11
Hibaaq	11
Hidajete	11
Hilal	11
Hillamaria	11
Ibadete	11
Ida-Amanda	11
Iina-Kaisa	11
Ina-Maria	11
Inga-Lisa	11
Inka-Maaria	11
Istar	11
Ivanka	11
Ivanna	11
Iza	11
Izabela	11
Jasminka	11
Jennamiia	11
Jenni-Liisa	11
Jenni-Maaria	11
Jocelyn	11
Joela	11
Jolie	11
Juan	11
Julienna	11
Julita	11
Kaisa-Reeta	11
Kaisla-Maria	11
Kariina	11
Karma	11
Kaste-Helmi	11
Katarine	11
Katrianna	11
Kausar	11
Kaya	11
Kirsi-Liisa	11
Kosovare	11
Kowsar	11
Krenare	11
Krystyna	11
Leina	11
Leone	11
Leonita	11
Leya	11
Liah	11
Liis	11
Lippe	11
Liridona	11
Lis	11
Lita	11
Lotta-Liina	11
Ludmilla	11
Lyudmila	11
Maiju-Liina	11
Maika	11
Maisu	11
Maliha	11
Mandana	11
Margitha	11
Mária	11
Maribel	11
Marileena	11
Marja-Sinikka	11
Márta	11
Merianna	11
Merihelmi	11
Meri-Kukka	11
Merjem	11
Mielikki	11
Miia-Leena	11
Milla-Riikka	11
Milva	11
Mine	11
Minela	11
Minna-Johanna	11
Minnaleena	11
Minnamaija	11
Miri	11
Mirja-Kaarina	11
Moona-Maria	11
Muntaha	11
Naila	11
Nazia	11
Neha	11
Neli	11
Nelliina	11
Neonilla	11
Nguyet	11
Nicita	11
Nikola	11
Nina-Johanna	11
Nina-Marie	11
Orla	11
Orvo	11
Outi-Katariina	11
Outi-Maaria	11
Paula-Riitta	11
Pia-Christina	11
Piretta	11
Pirje	11
Pirkka	11
Pirve	11
Pricella	11
Prisilla	11
Päivi-Riitta	11
Rand	11
Rena	11
Rihaam	11
Riikka-Maaria	11
Riikka-Susanna	11
Riona	11
Rita-Maria	11
Ritva-Maija	11
Roni	11
Rosa-Liina	11
Rosa-Linda	11
Rose-May	11
Rosetta	11
Runa-Lisa	11
Sabiriin	11
Sadiyo	11
Saga-Maria	11
Saija-Riitta	11
Samah	11
Sanaz	11
Sane	11
Sanya	11
Sari-Sisko	11
Satu-Kristiina	11
Satu-Marika	11
Satu-Marjaana	11
Seeli	11
Selinda	11
Senni-Sofia	11
Shari	11
Shima	11
Shkurte	11
Shugri	11
Sierra	11
Sievi	11
Sinea	11
Sinem	11
Sini-Johanna	11
Sini-Marika	11
Sini-Meri	11
Sirius	11
Sita	11
Sol	11
Su	11
Sultan	11
Sumaiya	11
Suweyda	11
Suvi-Pauliina	11
Suvi-Pilvi	11
Tahiti	11
Tarja-Anneli	11
Tarja-Sisko	11
Tereza	11
Terri	11
Thien	11
Thora	11
Tida	11
Tiia-Maaria	11
Tiia-Marika	11
Tilli	11
Tordis	11
Torhild	11
Tuija-Maija	11
Tuula-Marjatta	11
Tuuli-Anna	11
Ulpukka	11
Umayma	11
Vaili	11
Valbone	11
Valentiina	11
Wendela	11
Vendi	11
Vineta	11
Vinja	11
Vira	11
Viri	11
Virna	11
Vladislava	11
Xin	11
Yasmeen	11
Zana	11
Zarina	11
Åse	11
Abrar	10
Adrienne	10
Afifa	10
Afsaneh	10
Aila-Maija	10
Áile	10
Aino-Helena	10
Aino-Liina	10
Aino-Maaria	10
Alfia	10
Amine	10
Amirah	10
Anilla	10
Anna-Kreeta	10
Anna-Matilda	10
Anna-Mia	10
Anna-Miia	10
Anna-Roosa	10
Ann-Caroline	10
Anne-Birgitta	10
Annelise	10
Annileena	10
Anni-Liisa	10
Anni-Riina	10
Anni-Riitta	10
Annlis	10
Ann-Maarit	10
Anu-Riitta	10
Anzal	10
Arja-Helena	10
Arja-Terttu	10
Arwa	10
Asja	10
Asmin	10
Aurea	10
Aye	10
Bambi	10
Beáta	10
Beatrix	10
Beatta	10
Bernadette	10
Besa	10
Bia	10
Bigga	10
Bilan	10
Blessing	10
Bridget	10
Caren	10
Carole	10
Catherina	10
Cathrin	10
Catja	10
Chioma	10
Chira	10
Corina	10
Cristal	10
Cristine	10
Dalal	10
Deka	10
Della	10
Deqa	10
Donjeta	10
Eeden	10
Efia	10
Eh	10
Eija-Marja	10
Eila-Sisko	10
Eleonore	10
Elisia	10
Ella-Emilia	10
Ella-Olivia	10
Ella-Riikka	10
Elli-Lotta	10
Elmedina	10
Elodie	10
Elwa	10
Emmakaisa	10
Emma-Roosa	10
Emmi-Liina	10
Enea	10
Ennika	10
Erjona	10
Eva-Kristina	10
Evian	10
Fanny-Maria	10
Farahnaz	10
Fardowso	10
Fatme	10
Faye	10
Frida-Maria	10
Giada	10
Gizem	10
Grethel	10
Gry	10
Gwen	10
Hadil	10
Hai	10
Hajer	10
Haley	10
Hanane	10
Hanieh	10
Hanna-Elisa	10
Hanna-Katriina	10
Hanna-Laura	10
Hanne-Riikka	10
Hebe	10
Heile	10
Heli-Sisko	10
Helmi-Riitta	10
Henrita	10
Hilkka-Leena	10
Ida-Annika	10
Ida-Julia	10
Ieva	10
Indigo	10
Indra	10
Intisar	10
Ioana	10
Isolde	10
Jaael	10
Jadette	10
Jenilla	10
Jenna-Emilia	10
Jette	10
Jin	10
Jolana	10
Jonna-Kaisa	10
Jooa	10
Josephina	10
Josette	10
Judi	10
Juliane	10
Junie	10
Justyna	10
Jutta-Mari	10
Juuli-Maria	10
Jwan	10
Jytte	10
Kaija-Helena	10
Kaija-Maija	10
Kaija-Sisko	10
Kaili	10
Kaisu-Liisa	10
Kaitlin	10
Kasandra	10
Kathrin	10
Kati-Mari	10
Keesia	10
Kevät	10
Kirsi-Hannele	10
Kirsi-Marie	10
Kirsi-Marjaana	10
Kiuru	10
Konstantina	10
Kreta	10
Kristy	10
Ladan	10
Lakshmi	10
Lala	10
Lalla	10
Laure	10
Leini	10
Lemmikki	10
Liina-Kaisa	10
Liisamari	10
Ling	10
Lise-Maj	10
Lotta-Leena	10
Lul	10
Lycke	10
Maarita	10
Maha	10
Mahtab	10
Majlinda	10
Mali	10
Manha	10
Manti	10
Margitta	10
Maria-Kristiina	10
Mari-Liis	10
Marja-Riikka	10
Marjo-Hannele	10
Marjo-Reetta	10
Maysa	10
Meeri-Maria	10
Melani	10
Melania	10
Meli	10
Meriel	10
Meriitta	10
Merima	10
Meta	10
Mette-Maaria	10
Mette-Maarit	10
Mia-Riikka	10
Miimi	10
Mila-Maria	10
Milina	10
Milja-Emilia	10
Milja-Maaria	10
Milla-Riitta	10
Milla-Roosa	10
Miral	10
Mireka	10
Mirina	10
Mirjaliisa	10
Mirke	10
Mirlinda	10
Misella	10
Mojgan	10
Monja	10
Morsal	10
Muno	10
Naemi	10
Nafiso	10
Nahla	10
Naile	10
Nanda	10
Negar	10
Nehir	10
Nenja	10
Nermina	10
Nessi	10
Netta-Maria	10
Nica	10
Nigar	10
Niina-Maija	10
Niitty	10
Nikoletta	10
Nina-Marika	10
Nino	10
Noémi	10
Nuria	10
Onja	10
Ooda	10
Outi-Leena	10
Paige	10
Peeta	10
Pelagia	10
Pia-Carita	10
Pia-Helena	10
Piia-Johanna	10
Piippa	10
Pilvikki	10
Piri	10
Pirjo-Helena	10
Pirjoriitta	10
Pirkitta	10
Pirkko-Helena	10
Rachelle	10
Rahil	10
Raija-Sisko	10
Raika	10
Ranim	10
Reelika	10
Reija-Leena	10
Reija-Riitta	10
Reita	10
Remi	10
Rene	10
Riia-Liisa	10
Riikka-Elina	10
Riikka-Sisko	10
Riina-Lotta	10
Rispa	10
Rista	10
Ritja	10
Robin	10
Rosalin	10
Rosette	10
Rosmari	10
Rosmarie	10
Saadia	10
Saana-Sofia	10
Safaa	10
Sahara	10
Saia	10
Saila-Maria	10
Sallamaarit	10
Samuel	10
Sandra-Sofia	10
Sanna-Kaija	10
Sannaliisa	10
Sanny	10
Sara-Tuuli	10
Sari-Minna	10
Sarla	10
Satu-Leena	10
Say	10
Seija-Sinikka	10
Seni	10
Senita	10
Sennu	10
Serafiia	10
Setareh	10
Sila	10
Sine	10
Sini-Maaret	10
Sirina	10
Sirli	10
Sirpa-Helena	10
Sisko-Riitta	10
Sofía	10
Sofia-Maria	10
Sola	10
Somaya	10
Somayeh	10
Souad	10
Stacy	10
Stanislava	10
Steffi	10
Suhaila	10
Sunniva	10
Susi	10
Svenja	10
Taija-Leena	10
Tarja-Maarit	10
Tehilla	10
Terhi-Maria	10
Tessaliina	10
Tiinakaisa	10
Tiira	10
Timja	10
Tonya	10
Tosca	10
Tuula-Mari	10
Ulli	10
Valmu	10
Wanessa	10
Wanna	10
Via	10
Vian	10
Viive	10
Viivi-Sofia	10
Wiktoria	10
Vilde	10
Willa	10
Vilma-Liina	10
Vu	10
Xiao	10
Yllka	10
Yuki	10
Zilan	10
Zoë	10
Zoia	10
Aarna	9
Abir	9
Aino-Elisa	9
Aino-Kaarina	9
Aino-Lotta	9
Alara	9
Aleena	9
Allis	9
Almas	9
Almiina	9
Althea	9
Amélia	9
Ameliina	9
Andra	9
Aneta	9
Anna-Inkeri	9
Annalea	9
Anna-Lyydia	9
Anna-Marjaana	9
Anna-Mi	9
Anna-Rosa	9
Anna-Sara	9
Anne-Sofie	9
Ann-Gret	9
Anni-Eveliina	9
Anni-Katri	9
Anni-Roosa	9
Ann-Kristine	9
Ann-Len	9
Anu-Marika	9
Anu-Tuulia	9
Arbenita	9
Ariadna	9
Arja-Maarit	9
Aryana	9
Asya	9
Atena	9
Aurela	9
Auriina	9
Avalon	9
Aysel	9
Batool	9
Belle	9
Betina	9
Biljana	9
Billie	9
Bozena	9
Britt-Helen	9
Brooke	9
Caitlyn	9
Cami	9
Candice	9
Cariina	9
Caritta	9
Carmel	9
Chandra	9
Christal	9
Cina	9
Cindi	9
Clementine	9
Connie	9
Crystal	9
Dali	9
Daniel	9
Daphne	9
Destiny	9
Domna	9
Dragana	9
Duaa	9
Eeva-Maaria	9
Eija-Anneli	9
Eija-Elina	9
Eija-Helena	9
Elana	9
Elfrida	9
Eliane	9
Eliida	9
Elizabet	9
Ella-Leena	9
Elle-Maria	9
Elo	9
Eloisa	9
Elpi	9
Elsbet	9
Elva	9
Emiliia	9
Emmaliisa	9
Emmi-Riina	9
Ennie	9
Enrika	9
Ermira	9
Essi-Mari	9
Éva	9
Eva-Kaisa	9
Evelyne	9
Eve-Maria	9
Evilda	9
Eylül	9
Fabiola	9
Fannie	9
Fateme	9
Felia	9
Fenja	9
Fianna	9
Fina	9
Floora	9
Ghazal	9
Gisele	9
Gunne	9
Gunni-Maj	9
Habiibo	9
Haije	9
Hanife	9
Hanne-Kaisa	9
Hanni-Mari	9
Hasna	9
Heidi-Hannele	9
Heidi-Johanna	9
Heidi-Marie	9
Hekla	9
Helfrid	9
Heli-Anneli	9
Heli-Maaria	9
Helja	9
Helmi-Lilja	9
Henja	9
Henje	9
Henna-Emilia	9
Htoo	9
Huynh	9
Ida-Elina	9
Ida-Eveliina	9
Ida-Liina	9
Ida-Lina	9
Iida-Eveliina	9
Iidamari	9
Iina-Riikka	9
Ilaf	9
Ilda	9
Indi	9
Ing-Maj	9
Inkaliina	9
Inka-Liina	9
Inki	9
Iselin	9
Ivi	9
Iwona	9
Jadelina	9
Janett	9
Jannah	9
Jassi	9
Jay	9
Jeanine	9
Jehona	9
Jenna-Maaria	9
Jennamari	9
Jennimaria	9
Jesmina	9
Jesse	9
Jevgenija	9
Jillian	9
Joann	9
Jonna-Marika	9
Joséphine	9
Kaisa-Helena	9
Kaisaliisa	9
Kaisla-Kerttu	9
Kanjana	9
Kaste	9
Katianna	9
Katina	9
Katjuska	9
Katri-Elina	9
Katri-Leena	9
Katri-Mari	9
Kavita	9
Kawthar	9
Khawla	9
Kirsimari	9
Kirsti-Maija	9
Kreetta-Liisa	9
Külli	9
Laleh	9
Lani	9
Lian	9
Liisa-Kaarina	9
Liisamaria	9
Liljan	9
Lina-Maria	9
Lis-Beth	9
Lisse	9
Ljudmilla	9
Lona	9
Lou	9
Lourdes	9
Love	9
Luca	9
Lucía	9
Luise	9
Lumiella	9
Lumilla	9
Luminia	9
Lyudmyla	9
Madelaine	9
Maiju-Liisa	9
Mako	9
Man	9
Maria-Elisa	9
Mariem	9
Marilena	9
Mari-Lotta	9
Mariska	9
Mari-Tuulia	9
Marja-Tuulia	9
Marjo-Helena	9
Marjo-Rita	9
Martine	9
Matja	9
Maureen	9
Mawada	9
May-Gret	9
Medine	9
Mehri	9
Melise	9
Mena	9
Menja	9
Mercy	9
Merena	9
Merikukka	9
Meri-Sisko	9
Meri-Tuulikki	9
Merja-Anneli	9
Merli	9
Mery	9
Mia-Liisa	9
Miia-Johanna	9
Miia-Riina	9
Miina-Liisa	9
Miina-Mari	9
Milan	9
Milla-Maija	9
Milla-Sofia	9
Mille	9
Min	9
Minelle	9
Minja-Maria	9
Minya	9
Mirel	9
Mirha	9
Miritza	9
Mo	9
Moe	9
Molli	9
Mona-Liisa	9
Monalisa	9
Morgan	9
Märit	9
Naema	9
Nahida	9
Najwa	9
Nataly	9
Natasja	9
Naya	9
Nayla	9
Naz	9
Neetta	9
Neilikka	9
Nelli-Sofia	9
Nenni	9
Neo	9
Nicoleta	9
Niina-Liisa	9
Niina-Maarit	9
Nikole	9
Nima	9
Ninni-Maria	9
Nisha	9
Nnenna	9
Noga	9
Nola	9
Nóra	9
Nuran	9
Oda	9
Oona-Lotta	9
Oona-Mari	9
Outi-Elina	9
Paris	9
Parvaneh	9
Paw	9
Pearl	9
Pertta	9
Petra-Pauliina	9
Pettiina	9
Pia-Lena	9
Pia-Riikka	9
Pia-Sisko	9
Pilke	9
Pinar	9
Pioni	9
Pirkko-Maija	9
Pouta	9
Päivi-Johanna	9
Rachida	9
Ramina	9
Renáta	9
Riika-Maria	9
Riikkamari	9
Romy	9
Rosa-Emilia	9
Rosella	9
Rufina	9
Ruta	9
Saana-Mari	9
Saarah	9
Sabira	9
Sabriin	9
Sadiya	9
Saidi	9
Saira	9
Sakineh	9
Saliha	9
Sallamaaria	9
Sallariina	9
Salla-Riina	9
Sama	9
Samara	9
Samiro	9
Sanije	9
Sanita	9
Sanna-Elina	9
Sanna-Helena	9
Sanna-Sisko	9
Sara-Juulia	9
Saramaria	9
Sari-Marjut	9
Satu-Anna	9
Satumaria	9
Satu-Tuulia	9
Seere	9
Seida	9
Sela	9
Selvete	9
Seren	9
Serita	9
Sessa	9
Setayesh	9
Severiina	9
Shadi	9
Shan	9
Sheida	9
Shiri	9
Shweta	9
Sigrun	9
Siiri-Maija	9
Silja-Maaria	9
Sini-Mari	9
Sinimaria	9
Siret	9
Sky	9
Skylar	9
Soli	9
Stella-Maria	9
Sukanya	9
Summer	9
Supaporn	9
Susanna-Maria	9
Suska	9
Susu	9
Suvi-Juulia	9
Sylwia	9
Taina-Liisa	9
Taina-Maija	9
Tam	9
Tarja-Maija	9
Tarja-Terttu	9
Taru-Leena	9
Terése	9
Teresita	9
Tertta	9
Terttu-Kaarina	9
Thalia	9
Tiiamaria	9
Tiia-Noora	9
Tikva	9
Tinni	9
Toivikki	9
Tonia	9
Tricia	9
Tulan	9
Tuli	9
Tuula-Kaarina	9
Ulla-Christina	9
Ulla-Maaria	9
Ulla-Marjatta	9
Ulla-Terttu	9
Urszula	9
Valencia	9
Veera-Liisa	9
Wen	9
Venla-Sofia	9
Verla	9
Wilma-Lotta	9
Vilma-Maria	9
Virpi-Maria	9
Y	9
Yousra	9
Zakia	9
Zeynab	9
Aasiya	8
Abby	8
Abraar	8
Adi	8
Adine	8
Adora	8
Agne	8
Aija-Mari	8
Aila-Maria	8
Aino-Marjatta	8
Aino-Riikka	8
Airin	8
Aja	8
Ajana	8
Aliida	8
Aliise	8
Alita	8
Alivia	8
Ameli	8
Ameneh	8
Aminah	8
Anabel	8
Angeliki	8
Angie	8
Anida	8
Anja-Kaisa	8
Anna-Johanna	8
Anna-Kerttu	8
Anna-Loviisa	8
Anna-Maaret	8
Annamária	8
Annareeta	8
Ann-Christina	8
Ann-Cristin	8
Ann-Cristine	8
Anne-Britt	8
Anne-Carita	8
Anne-Irene	8
Anne-Katriina	8
Anneke	8
Anni-Maarit	8
Anni-Pauliina	8
Annita	8
Anouk	8
Anu-Kaarina	8
Anuradha	8
Anu-Sisko	8
Apila	8
Arezu	8
Ariane	8
Arja-Kaarina	8
Arlette	8
Auli-Maija	8
Avan	8
Ayana	8
Azita	8
Barita	8
Batul	8
Betsy	8
Betül	8
Bina	8
Bintou	8
Birita	8
Birkitta	8
Bogdana	8
Borghild	8
Canan	8
Cansu	8
Catariina	8
Ceela	8
Celestine	8
Ceren	8
Charlott	8
Chiman	8
Chrisse	8
Christabel	8
Clary-Ann	8
Clea	8
Csilla	8
Dafna	8
Dicle	8
Diem	8
Dorcas	8
Duha	8
Duygu	8
Edvina	8
Eijaliisa	8
Eila-Kaarina	8
Eila-Maria	8
Eirin	8
Elinore	8
Elis	8
Elisa-Maria	8
Elle-Sofia	8
Elli-Marja	8
Elli-Nora	8
Ellu	8
Else-Britt	8
Elve	8
Elviina	8
Emma-Riina	8
Emmastiina	8
Emmeli	8
Emmi-Karoliina	8
Emmi-Liisa	8
Emy	8
Erja-Maija	8
Erla	8
Essie	8
Essi-Noora	8
Eva-Maj	8
Fabiana	8
Fanni-Maria	8
Farzaneh	8
Fatemah	8
Fatoumata	8
Fiia-Maria	8
Fikrije	8
Florije	8
Ganga	8
Geraldine	8
Gillian	8
Glenda	8
Gul	8
Gullbritt	8
Gunne-Maj	8
H	8
Habiiba	8
Hadia	8
Hakima	8
Haldis	8
Hanna-Kristiina	8
Hanna-Stina	8
Heide	8
Heidimaria	8
Helea	8
Hellikki	8
Helmi-Ilona	8
Helve	8
Hennaleena	8
Hennika	8
Henni-Maria	8
Hilli	8
Himmi	8
Hira	8
Hodo	8
Homa	8
Houda	8
Hue	8
Husna	8
Iben	8
Idaliina	8
Iida-Juulia	8
Iida-Maaria	8
Iida-Marja	8
Iida-Olivia	8
Iitamari	8
Iitamaria	8
Ilayda	8
Ildiko	8
Ilo	8
Imelda	8
Inaya	8
Inga-Maj	8
Ingbritt	8
Ingemaj	8
Ing-Marie	8
Inja	8
Inka-Leena	8
Inka-Lilja	8
Iva	8
Jaana-Riitta	8
Jaana-Sisko	8
Jacinda	8
Jadelle	8
Jamelia	8
Janni-Mari	8
Jaroslava	8
Jawahir	8
Jeniina	8
Jenna-Lotta	8
Jenna-Marika	8
Jenna-Miia	8
Jenniliisa	8
Jie	8
Jinan	8
Jolene	8
Jonna-Juulia	8
Jumana	8
Kaddy	8
Kaisa-Riikka	8
Kari	8
Kasmira	8
Katri-Anna	8
Khatera	8
Kiia-Sofia	8
Kiida	8
Kira-Maria	8
Kirsi-Maaret	8
Kirsi-Tiina	8
Kirstin	8
Kjerstin	8
Klavdia	8
Kobra	8
Kristella	8
Kristian	8
Ksenja	8
Kylie	8
Laetitia	8
Lale	8
Lalita	8
Lanya	8
Laura-Lotta	8
Lava	8
Leen	8
Leena-Maarit	8
Leene	8
Leonna	8
Leslie	8
Lexi	8
Liisa-Marjatta	8
Liise	8
Liljen	8
Lill	8
Lilyana	8
Lina-Lotta	8
Lindis	8
Lisel	8
Lisi	8
Lis-Maj	8
Liva	8
Livian	8
Ljuba	8
Lori	8
Lotti	8
Loubna	8
Louhi	8
Luka	8
Mabel	8
Maijakaisa	8
Maijariitta	8
Maija-Stina	8
Maivor	8
Maj-Helen	8
Malinda	8
Mansi	8
Marfa	8
Margalit	8
Margarete	8
Maria-Christina	8
Maria-Emilia	8
Maria-Johanna	8
Maria-Kaisa	8
Maria-Karoliina	8
Maria-Pia	8
Marie-Anne	8
Mariet	8
Mari-Helen	8
Mari-Kaarina	8
Marikaisa	8
Mari-Kristiina	8
Mari-Louise	8
Mari-Pauliina	8
Marja-Katriina	8
Marjoriikka	8
Marru	8
Martyna	8
Maryanne	8
Meia	8
Melian	8
Mereta	8
Merili	8
Meri-Maija	8
Merja-Maarit	8
Meron	8
Mia-Leena	8
Mihane	8
Miia-Susanna	8
Miiru	8
Mileena	8
Milga	8
Milica	8
Milja-Sofia	8
Milka-Maria	8
Milla-Lotta	8
Millariina	8
Minna-Helena	8
Minnariikka	8
Minni-Maria	8
Minttumaria	8
Mirena	8
Mirita	8
Mirka-Leena	8
Mirta	8
Mirva-Leena	8
Miryam	8
Mónika	8
Nagham	8
Naja	8
Nanami	8
Nashaad	8
Nasriin	8
Ndey	8
Neea-Emilia	8
Neea-Sofia	8
Nell	8
Neneh	8
Nevia	8
Nga	8
Nian	8
Niina-Marika	8
Nikol	8
Niloufar	8
Nina-Liisa	8
Nini	8
Njomza	8
Noela	8
Noora-Mari	8
Nusrat	8
Nuuro	8
Ola	8
Olha	8
Oline	8
Olive	8
Oliver	8
Oona-Maija	8
Orsolya	8
Oula	8
Outi-Maija	8
Papu	8
Petja	8
Petra-Sofia	8
Pham	8
Pia-Stina	8
Piia-Sisko	8
Pinka	8
Pirjo-Kaarina	8
Pola	8
Pranee	8
Qendresa	8
Radha	8
Ragnborg	8
Rahime	8
Raja	8
Randi	8
Rani	8
Raune	8
Rebeka	8
Reini	8
Repekka	8
Reyhan	8
Rhonda	8
Riia-Mari	8
Riikkaleena	8
Riina-Emilia	8
Rojin	8
Romi	8
Roosa-Marja	8
Roosa-Sofia	8
Rosa-Maaria	8
Rosamari	8
Rubina	8
Rukia	8
Saana-Maarit	8
Saara-Emilia	8
Saara-Marja	8
Sacdiyo	8
Saffron	8
Saija-Mari	8
Sainab	8
Sairi	8
Saja	8
Sam	8
Samiya	8
San	8
Sandra-Maria	8
Sanna-Lotta	8
Sannika	8
Sannimaria	8
Sara-Ella	8
Sara-Maaria	8
Sara-Marie	8
Sassa	8
Satu-Annika	8
Satu-Marjut	8
Satu-Minna	8
Satu-Pauliina	8
Satu-Riitta	8
Saya	8
Seema	8
Selen	8
Selmi	8
Sema	8
Sepideh	8
Sere	8
Sessi	8
Shamis	8
Shara	8
Sharifa	8
Shila	8
Shirel	8
Sifa	8
Sihem	8
Siia	8
Sinianna	8
Sini-Linnea	8
Sini-Orvokki	8
Sini-Päivi	8
Sini-Sisko	8
Sinituuli	8
Sinna-Sofia	8
Sinni	8
Sirpa-Sisko	8
Sitra	8
Snezhana	8
Solweig	8
Sonja-Sofia	8
Sora	8
Stacey	8
Suela	8
Sulevi	8
Sumaja	8
Sumu	8
Sunny	8
Sura	8
Susette	8
Suvi-Anne	8
Suvi-Annika	8
Suvi-Hannele	8
Tahira	8
Taija-Maria	8
Taija-Tuulia	8
Taina-Leena	8
Taina-Mari	8
Tanja-Leena	8
Tao	8
Taru-Tuulikki	8
Terhi-Tuulikki	8
Thordis	8
Tiia-Lotta	8
Tiia-Maija	8
Tiiariina	8
Tiina-Kaarina	8
Tiisa	8
Tittamari	8
Trifa	8
Tuba	8
Tuija-Maarit	8
Tuija-Mari	8
Tuija-Maria	8
Tuija-Sisko	8
Tuiri	8
Tuula-Leena	8
Tuula-Sisko	8
Türkan	8
Ulla-May	8
Uwase	8
Wafaa	8
Wahida	8
Valentyna	8
Vania	8
Veina	8
Venla-Maija	8
Veronique	8
Vibeke	8
Vicki	8
Viiu	8
Viivu	8
Vilja-Tuulia	8
Wilmiina	8
Virva-Tuulia	8
Vlera	8
Yasamin	8
Yildiz	8
Yuk	8
Yuna	8
Zahara	8
Zakiya	8
Ziba	8
Zohal	8
Aadaliina	7
Aada-Olivia	7
Aaisha	7
Aale	7
Aata	7
Aaya	7
Adaeze	7
Agnete	7
Aija-Maria	7
Aina-Maria	7
Aino-Linnea	7
Aishah	7
Ajsa	7
Aldina	7
Alecia	7
Alexiina	7
Alissia	7
Allegra	7
Almaz	7
Alya	7
Ambra	7
Amiina	7
Anessa	7
Anica	7
Anna-Christina	7
Anna-Elena	7
Anna-Greetta	7
Anna-Henriikka	7
Annakatri	7
Annalina	7
Anna-Linnea	7
Anna-Maja	7
Anna-Mariia	7
Anna-Marjatta	7
Anna-Miina	7
Anna-Ulla	7
Anne-Christina	7
Anne-Marjaana	7
Anne-Riikka	7
Annett	7
Anni-Liina	7
Anni-Reetta	7
Ann-Kristina	7
Annuliina	7
Ansela	7
Antoniina	7
Anu-Katri	7
Anu-Marjaana	7
Anu-Reetta	7
Anu-Riina	7
Aretta	7
Arezoo	7
Arja-Tuulikki	7
Arleena	7
Arlena	7
Arra	7
Arwen	7
Aseel	7
Ashna	7
Ayala	7
Aysegül	7
Banaz	7
Baraa	7
Betta	7
Bette	7
Betul	7
Birgitt	7
Blenda	7
Bo	7
Cam	7
Cata	7
Catina	7
Cécilia	7
Chaima	7
Chanette	7
Chatrine	7
Chau	7
Chiamaka	7
Chidera	7
Ciana	7
Clare	7
Cristiina	7
Danijela	7
Darlene	7
Delphine	7
Deqo	7
Diba	7
Dino	7
Diya	7
Eelia	7
Eevaliina	7
Eeva-Liina	7
Eeva-Maarit	7
Eeve	7
Eevi-Lotta	7
Eija-Irmeli	7
Eija-Riina	7
Elahe	7
Elanor	7
Eleftheria	7
Elettra	7
Elfete	7
Elfi	7
Elinda	7
Elisabetta	7
Ella-Lotta	7
Ellika	7
Elora	7
Elsa-Sofia	7
Else-Mai	7
Elsi-Maria	7
Elwiira	7
Elvin	7
Elwira	7
Emese	7
Emma-Juulia	7
Emma-Maaria	7
Emmanuela	7
Emmanuelle	7
Emma-Pauliina	7
Emmariikka	7
Emmariina	7
Emmi-Elina	7
Emmi-Maaria	7
Emminoora	7
Emmi-Reetta	7
Enna-Sofia	7
Enrica	7
Erisa	7
Erlinda	7
Essi-Sofia	7
Eva-Britt	7
Eva-Helena	7
Evilla	7
Evina	7
Faiso	7
Fan	7
Fardus	7
Farrah	7
Fawzia	7
Fazile	7
Federica	7
Fei	7
Felice	7
Femmi	7
Ferdane	7
Fereshta	7
Fidan	7
Fotini	7
Fria	7
Gamze	7
Genevieve	7
Gergana	7
Gerta	7
Gila	7
Greete	7
Gullveig	7
Gundis	7
Gungerd	7
Gun-Gerd	7
Haliimo	7
Halime	7
Hamide	7
Hanadi	7
Haniin	7
Hanna-Marie	7
Hannastiina	7
Hannelore	7
Hanne-Marie	7
Hanne-Marika	7
Hannimari	7
Hasti	7
Heini-Leena	7
Heini-Maaria	7
Heini-Mari	7
Heini-Sofia	7
Heldine	7
Helia	7
Heli-Anna	7
Heli-Anne	7
Heli-Hannele	7
Heli-Kaarina	7
Heli-Kristiina	7
Helju	7
Helka-Liisa	7
Helka-Maria	7
Helme	7
Helmi-Elisa	7
Helmililja	7
Helmina	7
Henna-Julia	7
Henna-Riika	7
Henni-Sofia	7
Herta	7
Heta-Kaisa	7
Hilpa	7
Ho	7
Hoa	7
Hoodo	7
Hua	7
Hülya	7
Ibado	7
Ibtisaam	7
Idamari	7
Ifeoma	7
Iftin	7
Iimaan	7
Iine	7
Ilknur	7
Imaan	7
Inaaya	7
Ina-Sofia	7
Ineza	7
Inga-Lena	7
Inka-Emilia	7
Inka-Maija	7
Iqlaas	7
Iqlas	7
Isha	7
Ivie	7
Jaada	7
Jaana-Kristiina	7
Jade-Julia	7
Jade-Juulia	7
Jadelia	7
Jade-Maria	7
Jade-Sofia	7
Jaina	7
Janea	7
Janiela	7
Janja	7
Jannice	7
Jannie	7
Jasper	7
Jatta-Maria	7
Jea	7
Jeli	7
Jelissa	7
Jemila	7
Jemmi	7
Jenissa	7
Jenna-Johanna	7
Jenna-Liisa	7
Jenna-Marie	7
Jennariina	7
Jenni-Juulia	7
Jennileena	7
Jenni-Riikka	7
Jessa	7
Jeta	7
Jimena	7
Jodie	7
Jola	7
Jolin	7
Jonna-Maaria	7
Jonna-Maija	7
Julienne	7
Jusra	7
Juta	7
Jutta-Kaisa	7
Kadra	7
Kaidi	7
Kaisa-Lotta	7
Kaisamaija	7
Kaisa-Sisko	7
Kaisu-Liina	7
Karissa	7
Karitta	7
Kata-Riina	7
Kati-Annika	7
Kati-Sisko	7
Katri-Maaria	7
Katri-Susanna	7
Keea	7
Kenny	7
Kezia	7
Khalida	7
Khanh	7
Khava	7
Kheda	7
Kida	7
Kieu	7
Kiran	7
Kirsi-Helena	7
Kirsti-Leena	7
Kirsti-Maria	7
Krista-Maarit	7
Kristiine	7
Lamija	7
Laura-Annika	7
Laura-Johanna	7
Laxmi	7
Lea-Maarit	7
Leea-Maria	7
Leela	7
Leelo	7
Leena-Marjut	7
Leila-Marja	7
Lelia	7
Leoni	7
Leylo	7
Lidiya	7
Liel	7
Liin	7
Liini	7
Liisa-Maaria	7
Lil	7
Lili-Ann	7
Lillan	7
Lille-Mor	7
Lillie	7
Lilli-Lotta	7
Limor	7
Lindita	7
Lissa	7
Livi	7
Loan	7
Lonny	7
Lounatuuli	7
Lua	7
Lubna	7
Lucille	7
Lumi-Sofia	7
Lumi-Tuulia	7
Lyubov	7
Maana	7
Maarit-Hannele	7
Madleena	7
Maeve	7
Maggi	7
Mahlet	7
Maija-Liina	7
Maija-Sofia	7
Maijastina	7
Maiju-Riikka	7
Maike	7
Maile	7
Mai-Leena	7
Maimu	7
Maise	7
Maiza	7
Majgret	7
Maj-Louise	7
Mana	7
Marcia	7
Marga	7
Margo	7
Margret	7
Maria-Katariina	7
Mari-Anni	7
Maricel	7
Marilou	7
Mari-Sofia	7
Marites	7
Marja-Johanna	7
Marja-Katariina	7
Marja-Liisi	7
Marja-Lisa	7
Marjama	7
Marja-Reetta	7
Marjetta	7
Marjo-Anneli	7
Marjo-Elina	7
Marjokaisa	7
Marjo-Terttu	7
Marleene	7
Martta-Liisa	7
Marua	7
Maruzella	7
Maryamo	7
Max	7
Meea-Maria	7
Meili	7
Meiri	7
Meisa	7
Melica	7
Memmu	7
Mere	7
Meret	7
Meri-Anna	7
Merissa	7
Merja-Sisko	7
Merjo	7
Merla	7
Mette-Marie	7
Miamari	7
Mia-Susanna	7
Mielo	7
Miia-Kaisa	7
Miia-Maija	7
Miima	7
Miimu	7
Mikki	7
Miléa	7
Milene	7
Miliana	7
Militsa	7
Miliza	7
Milla-Kaisa	7
Milla-Marika	7
Milla-Marja	7
Milly	7
Mini	7
Minire	7
Minnakaisa	7
Minna-Katriina	7
Minna-Sofia	7
Mirabelle	7
Mirana	7
Mirell	7
Mirja-Helena	7
Mirjeta	7
Mirsada	7
Mirtta	7
Mita	7
Mona-Carita	7
Mu	7
Mumtaaz	7
Nadina	7
Najat	7
Najla	7
Nanna-Maria	7
Nanu	7
Narmin	7
Nasim	7
Nastaran	7
Nathali	7
Nazli	7
Nea-Julia	7
Neemi	7
Nelli-Emilia	7
Nemo	7
Neslihan	7
Nesrine	7
Nexhmije	7
Nihal	7
Niina-Riitta	7
Niko	7
Nina-Kristiina	7
Ninka	7
Noémie	7
Noora-Maija	7
Nora-Emilia	7
Nunnu	7
Nuray	7
Oana	7
Olsa	7
Outi-Kaarina	7
Outi-Maarit	7
Paiju	7
Paula-Sisko	7
Phung	7
Pia-Christine	7
Pia-Hannele	7
Pia-Kristina	7
Pia-Maija	7
Piamaria	7
Pia-Marika	7
Piialiisa	7
Piia-Susanna	7
Piisku	7
Piltti	7
Pinja-Riina	7
Pirjoliisa	7
Pranvera	7
Priscila	7
Prisha	7
Päivi-Hannele	7
Päivi-Kristiina	7
Päivä	7
Qaali	7
Qian	7
Rachael	7
Rada	7
Rafif	7
Raija-Helena	7
Raija-Maija	7
Ramlo	7
Raqia	7
Raya	7
Reetta-Sofia	7
Riika-Mari	7
Riikka-Kaisa	7
Riikkaliina	7
Riikka-Marja	7
Riinamari	7
Riitta-Hannele	7
Riittamaija	7
Riku	7
Riti	7
Ritva-Kaarina	7
Ronak	7
Roo	7
Roona	7
Roosaliina	7
Roosa-Liina	7
Roosa-Liisa	7
Rosveig	7
Rowena	7
Rozerin	7
Ruqia	7
Ruqiya	7
Rusul	7
Saana-Maaria	7
Saania	7
Sabrije	7
Sabrine	7
Sacha	7
Sadije	7
Safija	7
Safiye	7
Saija-Maarit	7
Saijamari	7
Saija-Riina	7
Saika	7
Salla-Reetta	7
Salmo	7
Samanta	7
Sanda	7
Sanna-Katriina	7
Sannariikka	7
Sanni-Marja	7
Sanra	7
Sara-Leena	7
Saraliina	7
Sara-Susanna	7
Sari-Elina	7
Sari-Maaria	7
Sari-Tiina	7
Satu-Anne	7
Satu-Anneli	7
Satumaija	7
Satu-Sirkku	7
Sawda	7
Selvi	7
Senait	7
Senta	7
Sevdije	7
Sevil	7
Shadan	7
Shahin	7
Shaimaa	7
Shakira	7
Shalini	7
Shana	7
Shanna	7
Shatha	7
Sheena	7
Sia	7
Signild	7
Siida	7
Simran	7
Singa	7
Sini-Elina	7
Sini-Helmi	7
Sini-Kristiina	7
Sini-Pauliina	7
Sinituulia	7
Siriporn	7
Sirkku-Marja	7
Sirkku-Sisko	7
Sirpa-Anneli	7
Sissy	7
Sofiella	7
Sofina	7
Soivi	7
Soumia	7
Suhuur	7
Susannah	7
Suvi-Sirkku	7
Suvi-Sofia	7
Syksy	7
Szilvia	7
Tabea	7
Tabitha	7
Tamana	7
Tamanna	7
Tamila	7
Tani	7
Tanja-Marika	7
Tanja-Riitta	7
Tanja-Tuulia	7
Tarja-Kaarina	7
Tarja-Tuulia	7
Taru-Maaria	7
Tasha	7
Tasneem	7
Tatsiana	7
Teele	7
Teia	7
Teija-Maria	7
Tepa	7
Terhi-Leena	7
Terttu-Maija	7
Terttu-Marja	7
Thida	7
Tia-Tuulia	7
Tiia-Emilia	7
Tiia-Kaisa	7
Tiia-Liina	7
Tiina-Johanna	7
Tiina-Maaria	7
Tiinamaria	7
Tiina-Susanna	7
Tilia	7
Tímea	7
Tini	7
Tracey	7
Trinity	7
Tuija-Helena	7
Tuulimaria	7
Ulla-Elina	7
Ullamaria	7
Ulrike	7
Unna-Maria	7
Urpu-Liisa	7
Vailet	7
Valla	7
Vann	7
Varja	7
Wasana	7
Veija	7
Wendi	7
Wieslawa	7
Viesti	7
Viivi-Tuulia	7
Vilena	7
Willow	7
Virve-Liisa	7
Wivi-Ann	7
Vivi-Anne	7
Volha	7
Xuan	7
Xue	7
Yaiza	7
Yanina	7
Yasna	7
Yesim	7
Yona	7
Yun	7
Yurub	7
Yvonn	7
Zuzana	7
Aagot	6
Abshiro	6
Adelé	6
Adelma	6
Adesuwa	6
Adia	6
Afiifa	6
Afrah	6
Agnese	6
Aïcha	6
Aija-Sisko	6
Aikku	6
Aila-Sisko	6
Aimée	6
Ainaz	6
Aino-Ellen	6
Aino-Kaija	6
Aino-Kerttu	6
Aino-Olivia	6
Aino-Tuulia	6
Aisa	6
Aisho	6
Akira	6
Albertina	6
Aldi	6
Aleftina	6
Aliisia	6
Altina	6
Alvi	6
Alysa	6
Amelié	6
Ameliia	6
Amenah	6
Anabella	6
Ana-Maria	6
Ane	6
Anea	6
Anfac	6
Anikó	6
Anjela	6
Anjelica	6
Anjuli	6
Anjuska	6
Anna-Charlotta	6
Anna-Eliisa	6
Annaelina	6
Anna-Kaisu	6
Anna-Olivia	6
Annaroosa	6
Anna-Sophie	6
Ann-Chatrine	6
Ann-Elisabeth	6
Annemaija	6
Anne-Maiju	6
Anne-Margit	6
Anne-Sophie	6
Ann-Gerd	6
Ann-Helén	6
Anni-Erika	6
Anni-Maj	6
Anni-Veera	6
Annsofi	6
Annsofie	6
Annuli	6
Anrika	6
Ansu	6
Anton	6
Anu-Hannele	6
Anu-Helena	6
Anukaisa	6
Anuleena	6
Ara	6
Arbnora	6
Arja-Anneli	6
Arja-Hannele	6
Arnevi	6
Aronia	6
Artemis	6
Artina	6
Aruna	6
Arzo	6
Asil	6
Assia	6
Asta-Leena	6
Asta-Maria	6
Atefa	6
Auli-Marja	6
Ava-Sofia	6
Avelina	6
Avigail	6
Ayten	6
Azam	6
Azeb	6
Azemine	6
Azhaar	6
Azhar	6
Azin	6
Bahrije	6
Banu	6
Behije	6
Bei	6
Bela	6
Benedicte	6
Bente	6
Bethel	6
Birge	6
Bitja	6
Brita-Stina	6
Brittany	6
Britten	6
Büsra	6
Caritha	6
Carlota	6
Cathrina	6
Cati	6
Cecile	6
Cemile	6
Cessa	6
Charina	6
Charity	6
Charlie	6
Cheri	6
Chi	6
Chimamanda	6
Daina	6
Dakota	6
Dan	6
Daniéla	6
Danya	6
Deanna	6
Debra	6
Deego	6
Delfina	6
Delina	6
Desireé	6
Despina	6
Diara	6
Dieu	6
Dijana	6
Dong	6
Dóra	6
Doreen	6
Doruntina	6
Dzenana	6
Edwina	6
Eeva-Johanna	6
Eeva-Kaisu	6
Eeva-Katri	6
Eevi-Sofia	6
Egle	6
Eida	6
Eija-Hannele	6
Eija-Mari	6
Eija-Riikka	6
Eira-Liisa	6
Elaha	6
Elaisa	6
Ele	6
Eleia	6
Elektra	6
Elinne	6
Eliora	6
Elisse	6
Elize	6
Eljesa	6
Ella-Alina	6
Ella-Ilona	6
Ella-Marie	6
Ella-Marja	6
Ellan	6
Ella-Reetta	6
Ellenoora	6
Ellenor	6
Elli-Kaisa	6
Elli-Maaria	6
Elliroosa	6
Elmina	6
Elsa-Mari	6
Else-Mari	6
Elssi	6
Elsy	6
Émilie	6
Emma-Emilia	6
Emma-Ilona	6
Emmanuella	6
Emma-Olivia	6
Emma-Stiina	6
Emma-Tuulia	6
Emmi-Emilia	6
Emmi-Juulia	6
Emmi-Roosa	6
Eni	6
Enikö	6
Enni-Liisa	6
Erda	6
Ertta	6
Esin	6
Esraa	6
Essi-Ilona	6
Eufemia	6
Eva-Karin	6
Eva-Kristiina	6
Eva-Lis	6
Evangelina	6
Eva-Sofia	6
Evea	6
Ewelina	6
Eylem	6
Fahimeh	6
Faize	6
Fanni-Lotta	6
Faranak	6
Farhat	6
Fatbardha	6
Feven	6
Florencia	6
Foos	6
Fouzia	6
Fowzia	6
Funda	6
Garita	6
Geeta	6
Genet	6
Gigi	6
Golda	6
Gracia	6
Greta-Lisa	6
Gretchen	6
Götha	6
Habon	6
Haboon	6
Halala	6
Halima-Sadia	6
Han	6
Hang	6
Hanna-Kerttu	6
Hanna-Leea	6
Hanne-Maaria	6
Harriette	6
Hasina	6
Hawra	6
Hawraa	6
Havu	6
Haya	6
Haylie	6
Hazal	6
Heddi	6
Hede	6
Hedwig	6
Heidi-Kristiina	6
Heline	6
Heljä-Marja	6
Helleni	6
Helmi-Marja	6
Henna-Maaret	6
Henna-Tuulia	6
Heta-Mari	6
Hidaya	6
Hilda-Mari	6
Hilka	6
Hilkka-Helena	6
Hilla-Maija	6
Hilla-Sofia	6
Hiltu	6
Hoai	6
Homaira	6
Huyen	6
Ida-Riikka	6
Ida-Roosa	6
Iida-Alina	6
Iida-Anniina	6
Iida-Leena	6
Iidalotta	6
Iida-Riikka	6
Iidasofia	6
Iina-Elina	6
Iina-Julia	6
Iina-Liisa	6
Iisa-Maria	6
Iissa	6
Iita-Liina	6
Ilhaam	6
Ilon	6
Imma	6
Ine	6
Inga-Leena	6
Inga-Riitta	6
Inka-Julia	6
Inna-Maria	6
Inne	6
Irén	6
Íris	6
Irja-Riitta	6
Irma-Riitta	6
Isa-Erika	6
Isa-Lotta	6
Iselinn	6
Isobel	6
Jaana-Helena	6
Jaana-Kaarina	6
Jaana-Leena	6
Jacinta	6
Jadella	6
Jadena	6
Jalna	6
Janda	6
Janeta	6
Janeth	6
Janna-Juulia	6
Jannamari	6
Janni-Maria	6
Jaqueline	6
Jemimah	6
Jemma	6
Jenia	6
Jenna-Jasmin	6
Jenna-Leena	6
Jenna-Maarit	6
Jenni-Annika	6
Jenni-Noora	6
Jenni-Pauliina	6
Jenny-Mari	6
Jenny-Marie	6
Jesmiina	6
Jian	6
Jody	6
Jonita	6
Jouki	6
Julian	6
Justine	6
Jutta-Emilia	6
Jwana	6
Kadija	6
Kadriye	6
Kaie	6
Kaija-Maria	6
Kaislakerttu	6
Kaisu-Maria	6
Kajal	6
Kaltun	6
Kani	6
Kanita	6
Kanokwan	6
Kaori	6
Kariitta	6
Karmel	6
Katelyn	6
Katherina	6
Kathrina	6
Kathrine	6
Kati-Helena	6
Kati-Maaria	6
Kati-Marika	6
Katja-Riina	6
Katre	6
Kazhal	6
Keisha	6
Kelsey	6
Kerttu-Leena	6
Kerttu-Liina	6
Ketsia	6
Keyf	6
Khaali	6
Khadiija	6
Kirsi-Johanna	6
Kirsi-Minna	6
Kisu	6
Kit	6
Klarissa	6
Kris	6
Krista-Maaria	6
Krista-Mari	6
Kseniya	6
Kyla	6
Käpy	6
Kärt	6
Laara	6
Lady	6
Lai	6
Laura-Maaria	6
Lauramaija	6
Layal	6
Layan	6
Leena-Kaija	6
Leida	6
Lenja	6
Lenna	6
Lenny	6
Léonie	6
Liisa-Helena	6
Liisa-Inkeri	6
Lijana	6
Lilah	6
Lilan	6
Liliann	6
Lilianne	6
Lilien	6
Lilja-Mari	6
Lilja-Sofia	6
Lilka	6
Lizzie	6
Loa	6
Lois	6
Loren	6
Lotta-Karoliina	6
Lotta-Riikka	6
Lottariina	6
Lubov	6
Lumililja	6
Lumimarja	6
Luula	6
Lya	6
Lynda	6
Maayan	6
Madelin	6
Madelyn	6
Madhu	6
Madiha	6
Mahdia	6
Mai-Brit	6
Maiia	6
Maija-Anneli	6
Maija-Riina	6
Maiken	6
Maisi	6
Maja-Stina	6
Majda	6
Maj-Ruth	6
Maj-Viol	6
Mandeep	6
Manon	6
Mar	6
Máret	6
Maria-Theresa	6
Marie-Charlotte	6
Marie-Sofie	6
Marie-Therese	6
Mari-Katariina	6
Mari-Katriina	6
Mari-Mia	6
Mario	6
Marja-Inkeri	6
Marja-Kerttu	6
Marja-Sirkku	6
Marjo-Kristiina	6
Marjoriina	6
Marjuska	6
Markitta	6
Markus	6
Mavis	6
Mayan	6
Mayar	6
Mayuree	6
Medea	6
Mélissa	6
Melitta	6
Meltem	6
Merelle	6
Mergime	6
Merica	6
Meri-Ellen	6
Meriina	6
Meri-Maria	6
Meri-Sofia	6
Merja-Maija	6
Merja-Sinikka	6
Mervi-Liisa	6
Meryam	6
Mevlude	6
Mia-Emilia	6
Mia-Johanna	6
Mia-Kristiina	6
Mia-Lisa	6
Mia-Maaria	6
Michella	6
Mida	6
Miia-Maaret	6
Miiamari	6
Miia-Marja	6
Miina-Maija	6
Miira-Maria	6
Mikayla	6
Mila-Marie	6
Milanna	6
Mila-Sofia	6
Militza	6
Milja-Maija	6
Milja-Mari	6
Millamaari	6
Milla-Noora	6
Minel	6
Ming	6
Minka-Maria	6
Minna-Lotta	6
Minna-Marjut	6
Minna-Riina	6
Minnariitta	6
Minou	6
Minttumaari	6
Minttu-Maari	6
Mirabel	6
Miracle	6
Mirah	6
Mira-Tuulia	6
Mire	6
Miria	6
Mirika	6
Mirja-Sisko	6
Mirje	6
Mirkka-Liisa	6
Mirkka-Maaria	6
Mirva-Riitta	6
Mirvete	6
Mobina	6
Montaha	6
Mouna	6
Mozhgan	6
Muriel	6
Mushtaq	6
Naiima	6
Naiimo	6
Najiba	6
Nanika	6
Nannu	6
Naomie	6
Nashmil	6
Natalina	6
Nea-Lotta	6
Nea-Nora	6
Nefeli	6
Nelli-Maaria	6
Nelli-Mari	6
Neomi	6
Nera	6
Nergis	6
Nesa	6
Nevin	6
Ngan	6
Nhat	6
Niina-Johanna	6
Niinamari	6
Niina-Susanna	6
Nikoleta	6
Niloofar	6
Nina-Carita	6
Nina-Kaisa	6
Ninamari	6
Nina-Susanna	6
Ninel	6
Noëlle	6
Noemie	6
Noora-Elina	6
Noora-Kaisa	6
Noova	6
Nuka	6
Nuna	6
Nupel	6
Nuua	6
Nyima	6
Olta	6
Omolola	6
Oona-Elina	6
Oona-Roosa	6
Orathai	6
Othilia	6
Outa	6
Outi-Sisko	6
Palina	6
Palma	6
Palwasha	6
Panagiota	6
Panja	6
Parwin	6
Paulette	6
Peetra	6
Pegah	6
Pelin	6
Penina	6
Petra-Leena	6
Petranella	6
Petriikka	6
Pia-Anneli	6
Pia-Lisa	6
Pia-Lotta	6
Pia-Maaria	6
Pia-Marita	6
Pia-Tiina	6
Pihlaja	6
Piia-Leena	6
Piia-Riina	6
Ping	6
Pinja-Emilia	6
Pinja-Sofia	6
Pirkko-Kaarina	6
Pirkko-Sisko	6
Polly	6
Princesse	6
Priyanka	6
Pui	6
Päivi-Anneli	6
Raama	6
Rafaella	6
Raghad	6
Rahmah	6
Raile	6
Raine	6
Raisa-Maria	6
Rajana	6
Ratree	6
Rayana	6
Reia	6
Rhoda	6
Rianne	6
Rida	6
Riikka-Liina	6
Riikkamaria	6
Riina-Maaria	6
Riitta-Elina	6
Riittakaisa	6
Ritva-Helena	6
Ritva-Sisko	6
Rochelle	6
Roma	6
Ronahi	6
Rosana	6
Rosa-Sofia	6
Ros-Britt	6
Rose-Maria	6
Roshni	6
Rosmariini	6
Rozan	6
Rumejsa	6
Ruwayda	6
Ruweida	6
Saamiya	6
Saanamaria	6
Saara-Liina	6
Sada	6
Sade-Helmi	6
Sadetta	6
Saija-Sisko	6
Sajida	6
Sakura	6
Salam	6
Salvia	6
Sanna-Karoliina	6
Sanna-Katri	6
Sanna-Maaret	6
Sanna-Susanna	6
Sanna-Tiina	6
Sanni-Lotta	6
Sannukka	6
Santa	6
Santtu	6
Sara-Annika	6
Saraella	6
Sarafiina	6
Saralotta	6
Sari-Päivi	6
Saru	6
Satumari	6
Satumarja	6
Satu-Sofia	6
Satu-Tiina	6
Sebahat	6
Seija-Maija	6
Selamawit	6
Seline	6
Semina	6
Senja-Maria	6
Serin	6
Sham	6
Sharareh	6
Sharona	6
Shaymaa	6
Shekinah	6
Sheri	6
Shler	6
Shreya	6
Shu	6
Shyhrete	6
Siina-Maria	6
Siira	6
Sikri	6
Silja-Liisa	6
Sini-Annika	6
Sini-Emilia	6
Sini-Säde	6
Sinivuokko	6
Sipi	6
Sipriina	6
Siria	6
Sirianna	6
Siriwan	6
Sirkka-Marja	6
Sirkka-Riitta	6
Sirle	6
Sirpa-Maarit	6
Sisko-Inkeri	6
Siu	6
Sivan	6
Snezana	6
Sofia-Emilia	6
Soili-Marja	6
Sousan	6
Sowda	6
Sudarat	6
Suheila	6
Sukaina	6
Sumaia	6
Sunisa	6
Sunná	6
Susa-Maria	6
Susse	6
Susy	6
Suvi-Kaarina	6
Suvi-Leena	6
Suvi-Liisa	6
Sveta	6
Tabarak	6
Tahereh	6
Taica	6
Taija-Liisa	6
Taina-Maria	6
Taisiia	6
Taissia	6
Taja	6
Tala	6
Tamar	6
Tammy	6
Tanisha	6
Tanja-Lotta	6
Tanja-Maaria	6
Taru-Liisa	6
Taru-Maarit	6
Taslima	6
Taylor	6
Teija-Tuulia	6
Tenna	6
Terhi-Maaria	6
Terttu-Leena	6
Thai	6
Theres	6
Thindra	6
Tiamaria	6
Tiera	6
Tieu	6
Tiia-Pauliina	6
Tiia-Sisko	6
Tiina-Annukka	6
Tiina-Hannele	6
Tiina-Tuulikki	6
Tinet	6
Tinja-Maria	6
Tintin	6
Titta-Liisa	6
Titvi	6
Tiuhti	6
Tram	6
Tua-Maria	6
Tuija-Tiina	6
Tuula-Liisa	6
Tuula-Marita	6
Tuuli-Sofia	6
Tytti-Leena	6
Tytti-Lotta	6
Tytti-Maaria	6
Tyty	6
Ulla-Marita	6
Ullastiina	6
Ulla-Stiina	6
Ullica	6
Unnukka	6
Wah	6
Valérie	6
Vandana	6
Vanna	6
Veanna	6
Veda	6
Veeda	6
Viija	6
Viivi-Emilia	6
Viktória	6
Vila	6
Wiliina	6
Vilja-Maaria	6
Vilma-Liisa	6
Vilmalotta	6
Vilma-Riina	6
Winona	6
Violette	6
Virpi-Marja	6
Virva-Leena	6
Wivan	6
Wiveca	6
Vuokko-Leena	6
Yang	6
Yaren	6
Yin	6
Yodit	6
Yumna	6
Zarife	6
Zeidi	6
Zeina	6
Zeliha	6
Zenia	6
Zineb	6
Zohreh	6
Aada-Lotta	5
Aarni	5
Aasha	5
Aasia	5
Abena	5
Adafiia	5
Ada-Lotta	5
Adelei	5
Adelheid	5
Adelisa	5
Adelmiina	5
Adetta	5
Adiel	5
Adila	5
Adisa	5
Aditi	5
Adonika	5
Adrienn	5
Agafia	5
Aino-Kaisla	5
Ainomarja	5
Aira-Maria	5
Aishe	5
Aive	5
Aiza	5
Ajlin	5
Ajna	5
Akram	5
Alaia	5
Aleina	5
Alette	5
Aliah	5
Aliisi	5
Alima	5
Alin	5
Alis	5
Alma-Sofia	5
Almi	5
Alsu	5
Aluel	5
Amandine	5
Amarachi	5
Amen	5
Amena	5
Amilla	5
Aminat	5
Amit	5
Amma	5
Anahit	5
Anamaria	5
Anat	5
Anaya	5
Anca	5
Andri	5
Andria	5
Andriana	5
Anduena	5
Angelita	5
Anhaar	5
Anifa	5
Aniisa	5
Anis	5
Anja-Irmeli	5
Anjariitta	5
Anke	5
Anna-Carolina	5
Anna-Cecilia	5
Anna-Erica	5
Annakaarina	5
Anna-Karolina	5
Annaleea	5
Anna-Maiju	5
Anna-Marija	5
Annamarja	5
Annarosa	5
Anna-Veera	5
Ann-Catherine	5
Annea	5
Anne-Kristin	5
Anne-Lie	5
Annemaarit	5
Anne-Mariia	5
Annemi	5
Anne-Mirjami	5
Annet	5
Anne-Tuulia	5
Annicka	5
Annielina	5
Anni-Elisa	5
Anni-Ellen	5
Anniriina	5
Anni-Saara	5
Ann-Kristiina	5
Ann-Niina	5
Annu-Maaria	5
Annuska	5
Anriikka	5
Anselika	5
Anthea	5
Anu-Eveliina	5
Anu-Inkeri	5
Anu-Katriina	5
Anumaria	5
Anu-Minna	5
Anusha	5
Anu-Tiina	5
Aqsa	5
Aralia	5
Ariadne	5
Arife	5
Ariya	5
Arja-Kaisa	5
Arjaleena	5
Arjeta	5
Arla-Maria	5
Aryan	5
Ashleigh	5
Ashti	5
Asiyah	5
Asraa	5
Atefeh	5
Aulimaija	5
Auli-Sisko	5
Aune-Maria	5
Aveline	5
Avery	5
Awin	5
Aysan	5
Aysu	5
Aza	5
Azize	5
Badria	5
Bafrin	5
Bahra	5
Bailey	5
Balqisa	5
Bang	5
Béa	5
Beanna	5
Béatrice	5
Begard	5
Bella-Maria	5
Benjamin	5
Beren	5
Berina	5
Besiana	5
Birte	5
Bishaaro	5
Bisharo	5
Björg	5
Blandine	5
Blerona	5
Bonita	5
Borbála	5
Brielle	5
Brit	5
Britt-Lis	5
Britt-May	5
Bärbel	5
Calista	5
Camelia	5
Candy	5
Carme	5
Cataleya	5
Catharine	5
Caty	5
Celena	5
Célia	5
Cenita	5
Ceyda	5
Chantel	5
Chasmine	5
Chaweewan	5
Cherry	5
Cheyenne	5
Chintana	5
Christa-Maria	5
Christell	5
Chro	5
Ciira	5
Cilia	5
Clarice	5
Cleopatra	5
Con	5
Cong	5
Constance	5
Coral	5
Courtney	5
Da	5
Dafni	5
Dalya	5
Danella	5
Dani	5
Danina	5
Darcy	5
Dareia	5
Darin	5
Delvin	5
Didar	5
Dilay	5
Dionne	5
Dominica	5
Donata	5
Doora	5
Dooris	5
Dordi	5
Dudu	5
Duong	5
Ecrin	5
Edia	5
Edibe	5
Edyta	5
Eetu	5
Eeva-Elina	5
Eeva-Karoliina	5
Eeva-Katriina	5
Efi	5
Efua	5
Eija-Kaisa	5
Eija-Tuulikki	5
Eila-Riitta	5
Eile	5
Eilidh	5
Eine-Liisa	5
Eir	5
Elba	5
Eldina	5
Eleanna	5
Eleena	5
Eleina	5
Elenora	5
Eléonore	5
Eleri	5
Elianna	5
Eliisabet	5
Elka	5
Ellakaisa	5
Ella-Liisa	5
Ellamaija	5
Ella-Rosa	5
Ella-Tuulia	5
Ellianna	5
Elli-Veera	5
Elmiida	5
Elna-Maria	5
Elouise	5
Else-Maria	5
Elsmaj	5
Els-May	5
Emeli	5
Emiina	5
Emilii	5
Emiliina	5
Emma-Helena	5
Emma-Kaarina	5
Emma-Lina	5
Emma-Reeta	5
Emme	5
Emmeline	5
Emmi-Ilona	5
Emmi-Inkeri	5
Emmi-Pauliina	5
Emmi-Reeta	5
Emna	5
Eneli	5
Enla	5
Enna-Liina	5
Enni-Ilona	5
Enni-Mari	5
Ennimaria	5
Enni-Olivia	5
Epp	5
Erja-Sisko	5
Ermina	5
Erona	5
Esenia	5
Eslem	5
Esmi	5
Essi-Elina	5
Essi-Leena	5
Esta	5
Eva-Brita	5
Eva-Johanna	5
Eva-Lotte	5
Eva-Maarit	5
Evanna	5
Eweliina	5
Evely	5
Fabienne	5
Fadila	5
Fadima	5
Fadwa	5
Fahrije	5
Fang	5
Fanniina	5
Farduus	5
Faria	5
Farxiyo	5
Fatha	5
Fathia	5
Fathima	5
Fatiha	5
Faustina	5
Feelia	5
Felicity	5
Fereshte	5
Fernanda	5
Fia-Maria	5
Filomena	5
Firdaus	5
Flavia	5
Fleur	5
Flordeliza	5
Folashade	5
Fowsiya	5
Fozia	5
Fredriikka	5
Gertrude	5
Ginger	5
Gittan	5
Gladis	5
Glena	5
Gohar	5
Golaleh	5
Gona	5
Gulala	5
Gulli	5
Gulmira	5
Gun-Christin	5
Gülen	5
Gülsen	5
Güzel	5
Hafida	5
Hafiza	5
Hafza	5
Haide	5
Haiyan	5
Hajnalka	5
Hajrije	5
Halyna	5
Haneen	5
Haniya	5
Hanna-Anneli	5
Hanna-Greta	5
Hanna-Karin	5
Hannaliina	5
Hanna-Liina	5
Hannamarja	5
Hanna-Riika	5
Hanne-Riitta	5
Harper	5
Havanna	5
Hayad	5
Hazbije	5
Heelmä	5
Heidemarie	5
Heike	5
Heinikki	5
Helan	5
Heleri	5
Heli-Katriina	5
Heli-Marjatta	5
Heli-Susanna	5
Helje	5
Heljä-Riitta	5
Heljä-Sisko	5
Helmi-Emilia	5
Helmiida	5
Helmi-Leena	5
Helmi-Liisa	5
Hena	5
Hend	5
Henna-Elina	5
Henna-Lotta	5
Henna-Marika	5
Henna-Marja	5
Henni-Kaisa	5
Henni-Riikka	5
Henriitta	5
Hera	5
Hertta-Maria	5
Heta-Leena	5
Heta-Sofia	5
Hilke	5
Hilma-Liisa	5
Hilma-Maria	5
Hissu	5
Honya	5
Humaira	5
Härdis	5
Ianina	5
Ibtihal	5
Ida-Anniina	5
Ida-Josefina	5
Ida-Olivia	5
Idel	5
Idman	5
Iida-Amalia	5
Iidaliisa	5
Iila	5
Iina-Maaria	5
Iiris-Maria	5
Iita-Mari	5
Ilaria	5
Imbi	5
Imen	5
Immaculee	5
Imogen	5
Inanna	5
Inci	5
Indy	5
Inés	5
Inga-Maija	5
Inga-Marita	5
Ingrit	5
Inka-Amanda	5
Inkalilja	5
Inka-Maarit	5
Inkamari	5
Inka-Tuuli	5
Inker-Anni	5
Inkku	5
Inu	5
Io	5
Irené	5
Irja-Kaarina	5
Irjaliisa	5
Irja-Maija	5
Irmi	5
Ismahaan	5
Jaana-Marita	5
Jaane	5
Jadwiga	5
Jaklin	5
Jalina	5
Jalmiina	5
Jani	5
Jania	5
Janira	5
Janna-Jemina	5
Janna-Julia	5
Janna-Riina	5
Jarona	5
Jasmira	5
Jatta-Mari	5
Jeanett	5
Jelica	5
Jemilla	5
Jennah	5
Jenna-Maija	5
Jenni-Helena	5
Jenni-Lotta	5
Jenni-Maarit	5
Jenny-Emilia	5
Jenny-Julia	5
Jenny-Juulia	5
Jenny-Liisa	5
Jihaan	5
Jintana	5
Jiyan	5
Joenna	5
Jonida	5
Jonna-Kristiina	5
Jonna-Leena	5
Jonna-Liisa	5
Jonnamari	5
Jorunn	5
Jule	5
Juli-Anna	5
Julieta	5
Juniper	5
Jutta-Maija	5
Kaija-Anneli	5
Kaija-Inkeri	5
Kaisa-Kerttu	5
Kaisu-Maija	5
Kajo	5
Kalina	5
Kalpana	5
Kanyarat	5
Karenina	5
Karli	5
Karlotta	5
Karpalo	5
Kasper	5
Kati-Hannele	5
Kati-Marjaana	5
Kati-Riina	5
Katja-Pauliina	5
Katja-Riikka	5
Katla	5
Katleena	5
Katri-Anneli	5
Katri-Liisa	5
Katri-Maarit	5
Keela	5
Kenzy	5
Keri	5
Kertu	5
Kha	5
Khadijeh	5
Khanittha	5
Kien	5
Kiia-Riikka	5
Kiri	5
Kirre	5
Kirsi-Anneli	5
Kirsi-Kaarina	5
Kirsi-Marju	5
Kita	5
Klára	5
Kosar	5
Kousar	5
Krista-Helena	5
Krista-Liisa	5
Kukka-Lotta	5
Küllike	5
La	5
Lahja-Maria	5
Laija	5
Lam	5
Lamis	5
Lano	5
Latife	5
Laulu	5
Laura-Anniina	5
Laura-Kristiina	5
Laurana	5
Laura-Sisko	5
Laura-Tuulia	5
Laurel	5
Lauri	5
Learta	5
Leena-Inkeri	5
Leena-Katriina	5
Leena-Kristiina	5
Leena-Maaria	5
Leenamaria	5
Leena-Marjukka	5
Leevi	5
Leiah	5
Leila-Anneli	5
Leila-Maria	5
Leilani	5
Léna	5
Lenka	5
Lenni	5
Leonia	5
Ler	5
Lexie	5
Liane	5
Lidiia	5
Lieko	5
Liisa-Anneli	5
Liisa-Elina	5
Liisa-Sisko	5
Liisi-Maria	5
Lilas	5
Lilibeth	5
Lilie	5
Lilja-Lotta	5
Lillimari	5
Lilly-Ann	5
Liloz	5
Lily-Rose	5
Lina-Sofia	5
Lindsay	5
Lindvi	5
Linni	5
Ljubica	5
Lorita	5
Lory	5
Louna-Tuuli	5
Luella	5
Lukas	5
Lumi-Emilia	5
Lumihelmi	5
Lumikirsikka	5
Lumilia	5
Lumi-Maaria	5
Lumi-Marja	5
Luminita	5
Luminka	5
Lumme	5
Maaida	5
Mackenzie	5
Madelén	5
Madeléne	5
Madlena	5
Madli	5
Magnhild	5
Mahabad	5
Mahbuba	5
Mahdieh	5
Mahin	5
Mahnoor	5
Maïa	5
Maija-Inkeri	5
Maija-Katariina	5
Maija-Terttu	5
Maiju-Elina	5
Maiju-Emilia	5
Maijukka	5
Maijuleena	5
Mailen	5
Maimi	5
Maire-Liisa	5
Maj-Leena	5
Maj-Rut	5
Majvi	5
Makka	5
Malalai	5
Malene	5
Malisa	5
Malwa	5
Malyun	5
Malyuun	5
Mame	5
Mamta	5
Manijeh	5
Maretta	5
Margarethe	5
Margherita	5
Marghita	5
Margie	5
Marguerita	5
Maria-Eliisa	5
Mari-Anniina	5
Maria-Riikka	5
Maria-Susanna	5
Mariatta	5
Marie-Luise	5
Marie-Susanne	5
Mari-Hanna	5
Mariisa	5
Marilin	5
Mari-Minttu	5
Marinette	5
Marith	5
Marivic	5
Marja-Irmeli	5
Marja-Leea	5
Marjo-Katriina	5
Marju-Riitta	5
Markéta	5
Marley	5
Marna	5
Maruska	5
Masal	5
Masooma	5
Masuma	5
Masume	5
May-Louise	5
Mayra	5
Mediha	5
Meetta	5
Mehtap	5
Meike	5
Meklit	5
Melida	5
Meline	5
Melisse	5
Meliza	5
Melli	5
Memma	5
Memmi	5
Merianne	5
Meribel	5
Merida	5
Meriella	5
Merimaija	5
Merisa	5
Merna	5
Merri	5
Meseret	5
Mia-Carita	5
Mia-Marja	5
Mia-Marjut	5
Michéle	5
Michell	5
Midia	5
Miia-Emilia	5
Miiju	5
Miisa-Maija	5
Mikaella	5
Milagros	5
Mileah	5
Milja-Elina	5
Milla-Liisa	5
Milla-Reetta	5
Millicent	5
Milya	5
Minka-Maaria	5
Minna-Anneli	5
Minna-Maaret	5
Mintti	5
Minttu-Liisa	5
Minttu-Maija	5
Mira-Bella	5
Miradije	5
Mira-Liisa	5
Mira-Maaria	5
Mira-Sofia	5
Mireya	5
Mirja-Terttu	5
Mirka-Maarit	5
Mirra	5
Mischa	5
Misla	5
Mitzi	5
Momo	5
Mona-Riikka	5
Mona-Sofia	5
Monita	5
Mooa	5
Moona-Kaisa	5
Mooni	5
Moonica	5
Most.	5
Mst	5
Mst.	5
Muhubo	5
Munisa	5
Muwada	5
Myrtel	5
Nabiha	5
Nadiia	5
Nadire	5
Nahal	5
Naime	5
Najlaa	5
Nandi	5
Nanna-Johanna	5
Nanna-Mari	5
Nastasia	5
Nastja	5
Nava	5
Nay	5
Nazife	5
Nazmije	5
Neira	5
Nella-Mari	5
Nella-Riina	5
Netta-Maaria	5
Nicki	5
Nico	5
Nicol	5
Nieves	5
Niiki	5
Niina-Kristiina	5
Niina-Maaria	5
Niina-Marja	5
Niisa	5
Niitta	5
Nilgün	5
Nilofar	5
Ninamaria	5
Nina-Riikka	5
Nina-Riitta	5
Ninna-Maria	5
Nira	5
Nittaya	5
Nor	5
Norna	5
Nuppu-Maria	5
Nupur	5
Nurije	5
Nuru	5
Nusaiba	5
Oluchi	5
Onnia	5
Oona-Ilona	5
Oona-Julia	5
Oonamaria	5
Otilia	5
Paria	5
Patriicia	5
Patrycja	5
Paula-Helena	5
Paula-Kaisa	5
Peija	5
Peppi-Emilia	5
Peppi-Ilona	5
Peppi-Maria	5
Perihan	5
Pernille	5
Pervin	5
Petimat	5
Petra-Johanna	5
Pia-Kaarina	5
Pialiisa	5
Pia-Marjut	5
Pia-Susanne	5
Pieta-Maria	5
Pihla-Maaria	5
Piipe	5
Piki	5
Pinja-Liisa	5
Pinja-Maaria	5
Pinja-Pauliina	5
Pinja-Riikka	5
Pippi	5
Pirjo-Maarit	5
Pirjo-Maija	5
Pirki	5
Pitja	5
Piu	5
Pray	5
Priskilla	5
Purity	5
Puro	5
Päivi-Inkeri	5
Qadra	5
Qing	5
Queen	5
Raaho	5
Radwa	5
Rafal	5
Rafia	5
Ragne	5
Raho	5
Raida	5
Raihana	5
Raluca	5
Rashmi	5
Rasmus	5
Rattanaporn	5
Rawaa	5
Ravinder	5
Raz	5
Razieh	5
Réa	5
Ree	5
Reeta-Leena	5
Reeta-Liisa	5
Reetamari	5
Regiina	5
Rehana	5
Rei	5
Reidun	5
Reija-Riikka	5
Remzije	5
Ren	5
René	5
Renu	5
Rezan	5
Riam	5
Rihana	5
Riikka-Emilia	5
Riikka-Lotta	5
Riikka-Tiina	5
Riin	5
Riina-Sofia	5
Riita	5
Rimas	5
Rinka	5
Ritva-Marja	5
River	5
Riya	5
Robina	5
Roksana	5
Ronela	5
Ronit	5
Ronja-Sofia	5
Roosa-Maarit	5
Rosali	5
Rosalind	5
Rosa-Mariia	5
Rosario	5
Roselia	5
Rosemaria	5
Routa	5
Roxanna	5
Rubi	5
Ruken	5
Ruqaya	5
Ruslana	5
Ruut-Maria	5
Saabirin	5
Saabriin	5
Saafi	5
Saamia	5
Saana-Riikka	5
Saarai	5
Saarakaisa	5
Saaramaija	5
Saara-Susanna	5
Saarni	5
Sabiina	5
Saffie	5
Saiga	5
Saila-Maarit	5
Saila-Mari	5
Saila-Riitta	5
Salaado	5
Salla-Sisko	5
Salli-Sofia	5
Sami	5
Samiiro	5
Sanam	5
Sanette	5
Sanika	5
Sanna-Emilia	5
Sannah	5
Sanna-Kaarina	5
Sanna-Leea	5
Sannaliina	5
Sannamaaria	5
Sanna-Marie	5
Sanni-Maaria	5
Sannimaija	5
Sannina	5
Sara-Anna	5
Sara-Elina	5
Sara-Ellen	5
Sarafina	5
Sara-Liina	5
Saranya	5
Sara-Sofie	5
Saraswati	5
Sare	5
Sari-Kaarina	5
Saritta	5
Saron	5
Sarpa	5
Satu-Pia	5
Satu-Riikka	5
Sau	5
Sazan	5
Scilla	5
Sebahate	5
Seher	5
Seija-Anneli	5
Seijaliisa	5
Seile	5
Sejla	5
Seli	5
Senada	5
Senja-Sofia	5
Serap	5
Serine	5
Sesse	5
Sevi	5
Sevin	5
Shabana	5
Shadiya	5
Shahd	5
Shaida	5
Shakiba	5
Shelan	5
Shelley	5
Shemsije	5
Shereen	5
Sheryl	5
Shiloh	5
Shkurta	5
Shohreh	5
Shruti	5
Siana	5
Sibora	5
Siirisofia	5
Siisa	5
Silja-Leena	5
Silja-Maija	5
Silla-Sofia	5
Sin	5
Sinia	5
Sini-Anna	5
Sini-Helena	5
Sini-Iiris	5
Sini-Jasmin	5
Sinikka-Liisa	5
Sini-Lilja	5
Sinimaaria	5
Sini-Marjut	5
Sini-Minttu	5
Sinitta	5
Sirad	5
Sirissa	5
Sirja-Liisa	5
Sirkka-Helena	5
Sirkka-Sisko	5
Sirpa-Maija	5
Sirpa-Marja	5
Sirri	5
Sirwa	5
Sisko-Kaarina	5
Sisse	5
Sneha	5
Snejana	5
Soila-Maria	5
Soile-Maria	5
Solmaz	5
Somjai	5
Songül	5
Sonila	5
Sosan	5
Soumya	5
Sri	5
Stiina-Liisa	5
Stiina-Maria	5
Suaad	5
Suada	5
Sucaad	5
Suchada	5
Suhayla	5
Suhur	5
Sukeyna	5
Sultana	5
Supriya	5
Suvi-Ilona	5
Suvi-Kaisa	5
Suvi-Kristiina	5
Suvi-Maaret	5
Suvi-Mari	5
Suvimaria	5
Suvimarja	5
Suvi-Marjut	5
Suvi-Riikka	5
Suvi-Sanna	5
Suvi-Sinikka	5
Sveva	5
Sviatlana	5
Tahera	5
Tahmina	5
Taina-Maarit	5
Taina-Marja	5
Taina-Riitta	5
Taisiya	5
Tanja-Maaret	5
Tanvi	5
Taru-Tiina	5
Tau	5
Téa	5
Tea-Leena	5
Teena	5
Teija-Tiina	5
Teila	5
Terhi-Maija	5
Terry	5
Tette	5
Théa	5
Tia-Riikka	5
Tiia-Elina	5
Tiia-Johanna	5
Tiia-Karoliina	5
Tiiju	5
Tiinaleena	5
Tiivi	5
Tijana	5
Tina-Marie	5
Tine	5
Tipi	5
Titta-Liina	5
Titta-Maaria	5
Tiu	5
Towa	5
Triine	5
Tringa	5
Tuija-Kaisa	5
Tuiti	5
Tulikukka	5
Tuong	5
Tupuna	5
Tutu	5
Tuuli-Emilia	5
Tuulimari	5
Tuuli-Marja	5
Typy	5
Ubax	5
Ugbad	5
Ulla-Anneli	5
Ulla-Lena	5
Ulla-Maja	5
Ulla-Reetta	5
Ulyana	5
Umaima	5
Unia	5
Unna-Liina	5
Unna-Maija	5
Ursa	5
Uura	5
Vahida	5
Vaida	5
Walaa	5
Valentine	5
Valmira	5
Valmire	5
Valona	5
Warpu	5
Wasan	5
Vasiliki	5
Wava	5
Veera-Emilia	5
Veera-Johanna	5
Veera-Lotta	5
Veera-Mari	5
Wellamo	5
Wenny	5
Véra	5
Werna	5
Wia	5
Wiam	5
Wiia	5
Viivi-Maaria	5
Viljaana	5
Vilka	5
Vilma-Leena	5
Vilve	5
Virpi-Helena	5
Virpi-Maarit	5
Virpi-Sisko	5
Viyan	5
Xena	5
Yada	5
Yanna	5
Yaya	5
Ye	5
Yemina	5
Yenni	5
Yevgeniya	5
Yohanna	5
Yuan	5
Zahira	5
Zaira	5
Zamira	5
Zea	5
Zeena	5
Zinat	5
Zoha	5
Zora	5
Zorica	5
Zuhra	5
Zuhur	5
Åsa-Maria	5
