Juha	44567
Timo	44188
Matti	41696
Kari	39558
Mikko	38307
Jari	37716
Antti	37421
Jukka	33722
Mika	33513
Markku	32485
Pekka	31584
Hannu	29463
Heikki	28468
Janne	27592
Seppo	26970
Ari	26762
Sami	26295
Ville	25788
Marko	25104
Petri	24081
Lauri	22918
Jani	22761
Erkki	20568
Teemu	20269
Harri	19760
Jorma	19748
Pentti	19646
Jarmo	18331
Eero	18318
Jaakko	18145
Jussi	17970
Pasi	17936
Risto	17721
Raimo	17346
Juho	17193
Niko	16928
Esa	16760
Toni	16725
Jouni	16551
Arto	16046
Pertti	15911
Markus	15813
Aleksi	15572
Martti	15505
Tomi	15477
Tuomas	15419
Reijo	15306
Vesa	15202
Olli	15061
Veikko	14741
Kimmo	14661
Jouko	14647
Joni	14529
Tommi	14341
Tero	13852
Esko	13713
Joonas	13204
Eetu	12842
Henri	12700
Leo	12366
Kalle	11326
Jarkko	11291
Ilkka	11158
Elias	11095
Jesse	11080
Joona	10809
Eino	10642
Paavo	10556
Tuomo	10365
Pauli	10325
Mikael	10204
Jere	9964
Onni	9840
Matias	9707
Juuso	9648
Tapio	9603
Veli	9065
Leevi	8982
Arttu	8951
Simo	8659
Jyrki	8651
Keijo	8493
Lasse	8406
Joel	8327
Niklas	8031
Väinö	8004
Aki	8002
Riku	7897
Juhani	7893
Kai	7822
Otto	7794
Daniel	7718
Toivo	7578
Miika	7479
Mauri	7478
Veeti	7449
Jarno	7308
Niilo	7279
Valtteri	7143
Jan	7037
Rasmus	6829
Oliver	6666
Kauko	6604
Reino	6584
Rauno	6542
Roope	6286
Teuvo	6168
Anton	6159
Ossi	6037
Santeri	5980
Oskari	5937
Olavi	5847
Ismo	5791
Atte	5748
Anssi	5727
Emil	5715
Miro	5707
Aaro	5607
Samuel	5535
Veijo	5534
Vilho	5531
Aapo	5474
Samu	5415
Samuli	5313
Asko	5198
Osmo	5135
Tuukka	5135
Tauno	5069
Lassi	4985
Kim	4927
Julius	4890
Kalevi	4871
Eemeli	4856
Roni	4575
Konsta	4554
Topi	4538
Jimi	4519
Johan	4497
Aimo	4448
Taisto	4442
Akseli	4378
Henrik	4283
Max	4279
Aatu	4224
Yrjö	4207
Alex	4200
Henry	4187
Tatu	4176
Miikka	4157
Eemil	4125
Erik	4086
Jyri	4060
Karl	4056
Tarmo	4050
Johannes	4035
Tapani	4021
Kasper	4006
Aarne	4005
Vili	4004
Eeli	4000
Viljami	3951
Patrik	3945
Saku	3913
Sakari	3894
Mauno	3886
Tom	3834
Benjamin	3821
Viljo	3814
Sauli	3727
Ilpo	3668
Oiva	3647
Lenni	3616
Ahti	3613
Kristian	3538
Eelis	3470
Kaarlo	3466
Rami	3460
Kaj	3429
Veli-Matti	3377
Lars	3375
Alpo	3315
Jonne	3311
Arvo	3310
Iiro	3306
Peter	3302
Hugo	3298
Miska	3289
Topias	3267
Otso	3211
Noel	3162
Juha-Pekka	3143
Luka	3134
Sebastian	3130
Aaron	3124
Jami	3116
Unto	3092
Sampo	3060
Kyösti	3030
Pyry	3013
Nico	2925
Robert	2922
Jukka-Pekka	2914
Alexander	2853
Nooa	2842
Heimo	2780
Urho	2771
Tony	2724
Teppo	2686
Hans	2658
Thomas	2641
Miko	2618
Aulis	2614
Aku	2572
Luukas	2555
Petteri	2553
Robin	2544
Sulo	2536
Santtu	2528
Peetu	2517
Ilari	2504
Leif	2440
Jasper	2406
Veikka	2399
Aatos	2385
Tomas	2383
Panu	2371
Perttu	2369
Elmeri	2352
Lucas	2336
Carl	2258
Veli-Pekka	2255
Lukas	2229
Juha-Matti	2198
Ilmari	2188
Jonas	2187
Harry	2180
Olli-Pekka	2145
Voitto	2140
Nuutti	2109
Alvar	2106
Aarni	2102
John	2101
Oskar	2096
Rainer	1978
Kaapo	1966
Christian	1961
Joonatan	1941
Terho	1932
Urpo	1926
Tino	1899
Nils	1888
Klaus	1882
Paul	1861
Antero	1853
Teijo	1830
Joakim	1818
Oscar	1801
Sisu	1799
Stefan	1787
Reima	1784
Severi	1772
Kasperi	1771
Frans	1766
Justus	1763
Lari	1760
Aarno	1758
Anders	1752
Luca	1745
Hannes	1738
Axel	1709
Jooa	1706
William	1678
Bengt	1658
Tommy	1658
Aarre	1654
Jesper	1632
Ari-Pekka	1622
Elmo	1604
Ali	1594
Andreas	1565
Stig	1563
Arvi	1559
Karri	1558
Manu	1557
Milo	1544
Marcus	1533
Martin	1521
Eemi	1502
Rolf	1487
Jori	1476
Erno	1471
Jerry	1452
Kimi	1440
Sven	1408
Taneli	1389
Mats	1387
Vertti	1372
Touko	1369
Kenneth	1357
Timi	1348
Kalervo	1339
Taavi	1339
Kurt	1328
Edvin	1321
Felix	1319
Viktor	1309
Patrick	1302
Ralf	1296
Jonathan	1291
Tenho	1286
Kevin	1275
Verneri	1275
Simon	1273
Linus	1270
Jari-Pekka	1257
Mohamed	1247
Rauli	1239
Michael	1230
Björn	1225
Jiri	1225
Fredrik	1216
Mico	1200
Bo	1180
Per	1171
Adam	1170
Casper	1153
Juhana	1138
Raine	1135
Noah	1104
David	1102
Tobias	1101
Eerik	1093
Tuure	1074
Eliel	1055
Dan	1049
Niki	1046
Ulf	1033
Leon	1030
Kosti	1029
Artturi	1026
Heino	1024
Mathias	1009
Jan-Erik	1002
Sampsa	1002
Magnus	966
Iivo	938
Tiitus	923
Ville-Veikko	922
Visa	919
Victor	913
Erkka	903
Jens	903
Christer	897
Armas	886
Joose	886
Teo	885
Sasu	882
Allan	875
Albert	869
Iikka	869
Jalo	868
Ukko	863
Jose	860
Helge	854
Liam	851
Auvo	850
Taito	839
Ilmo	832
Petrus	827
Jeremias	826
Kjell	819
Ahmed	816
Roger	815
Niila	813
Bror	809
Krister	800
Nikolas	798
Aleksanteri	793
Filip	791
Venni	787
Okko	786
Elia	785
Antton	784
Niclas	784
Gabriel	777
Marco	777
Alf	772
Valto	771
Noa	757
Waltteri	756
Jimmy	754
Oula	754
Jussi-Pekka	752
Vesa-Matti	752
Altti	737
Jon	737
Jonatan	736
Kaarle	722
Iivari	713
Aamos	711
Nicolas	708
Paulus	707
Isto	703
Rafael	701
Göran	694
Vincent	693
Richard	686
Mio	673
Eric	672
Johnny	672
Roy	661
Börje	651
Andrei	648
Jarl	648
Ilja	635
Turo	631
Eevert	628
Jim	623
Adrian	619
Theo	618
Jonni	614
Rene	612
Dennis	607
Mark	606
Amos	598
Tim	598
Tor	597
Isak	594
Jare	592
Torsti	589
Nicholas	587
Ben	585
Christoffer	572
Reko	570
Atso	564
Hemmo	564
Hermanni	563
Jalmari	563
Aron	556
Sam	553
Petja	552
Neo	545
Mohammad	544
Walter	543
Frank	535
Nikolai	534
Jasu	531
Miki	531
Håkan	528
Dani	524
Aapeli	516
Elis	513
Vladimir	510
Eppu	509
Pietari	509
Ensio	507
Ville-Pekka	507
Bjarne	506
Eljas	503
Kaius	499
Juri	497
Vesa-Pekka	494
Mirko	486
Elliot	485
Omar	484
Raino	484
Jaro	471
Aukusti	469
Valter	469
Kauno	468
Åke	467
Arno	466
Antti-Jussi	465
Aksel	464
Aleksandr	460
Arne	456
Mohammed	454
Christopher	453
Usko	453
Gunnar	444
Pekko	439
Pontus	432
Guy	431
Ivan	430
Kari-Pekka	429
Gustav	423
Muhammad	415
Romeo	415
Antti-Pekka	411
Sergei	407
Ronny	406
Arsi	404
Nicklas	404
Sten	404
Ibrahim	402
Antto	401
Georg	400
Arthur	395
Elmer	394
Amir	389
Einari	388
Maxim	388
Samppa	388
Alvin	387
Mattias	387
André	383
Nikita	383
Kent	381
Pavel	381
Ruben	381
Into	380
Jakob	380
Turkka	379
Boris	378
Artur	376
Joa	372
Nestori	371
Mikke	369
Igor	368
Aatto	367
Rune	366
Tage	364
Kristoffer	363
Osku	360
Abdirahman	359
Bruno	357
Valo	357
Alfred	351
Toimi	351
Viljam	351
Albin	350
Veini	350
August	349
Klas	349
Vilppu	349
Wille	349
Asmo	344
James	344
Wilhelm	343
Nino	342
Roman	342
Arvid	341
Jonny	340
Joosua	338
Philip	334
Ohto	333
Van	332
Denis	328
Maximilian	327
Anttoni	325
Jacob	324
Pietu	323
Edward	320
Lennart	319
Aleksander	317
Ville-Petteri	316
Matts	313
Mitja	313
Aleksei	312
Uuno	310
Aake	308
Karo	308
Evert	307
Mustafa	306
Marius	305
Soini	304
Vihtori	304
Jack	303
Kasimir	303
Pete	303
Karim	302
Herman	301
Herkko	299
Ivar	298
Eeti	296
Ole	296
Aleksis	295
Manuel	295
Svante	295
Joshua	292
Edvard	291
Esa-Pekka	290
Hannu-Pekka	290
Jean	290
Orvo	290
Jason	289
Ville-Matti	289
Aslak	287
Asser	287
Einar	287
Jari-Matti	287
Ove	287
Kuisma	286
Jake	285
Julian	285
Pirkka	285
Valde	285
Alvari	284
Edwin	284
Masi	284
Abdullahi	283
Erkko	283
Iisakki	283
Totti	283
Maksim	280
Petro	279
Jörgen	278
Dominic	276
Roland	276
Miio	275
Verner	275
Mertsi	274
Nikke	274
Ari-Matti	272
Iisak	271
Mikhail	271
Oleg	271
Ahmad	269
Joachim	268
Konstantin	268
Benny	266
Bernt	265
Per-Erik	265
Rony	264
Sune	264
Rikhard	263
Hassan	260
Jaani	260
Ian	259
Jasse	259
Melvin	259
Milton	259
Petter	259
Olof	258
Ted	258
Juho-Pekka	254
Anthony	253
Dimitri	253
Eddie	253
Anselmi	252
Timo-Pekka	251
Torsten	250
Jetro	249
Maunu	249
Sergey	249
Kaspian	248
Gösta	245
Peik	244
Berndt	243
Jone	243
Pessi	243
Yusuf	242
Samir	241
Wiljami	240
Dick	237
Ernst	237
Immo	237
Renne	237
Charles	236
Andrey	235
Karl-Erik	235
Kirill	235
Hussein	234
Knut	233
Simeon	232
Wilmer	232
Matthew	230
Wäinö	230
Birger	227
Lars-Erik	227
Levi	226
Alec	224
Carl-Johan	224
Dmitri	224
Kare	224
Ronnie	224
Casimir	223
Kaino	222
Miiko	222
Mårten	222
Antonio	221
Olli-Matti	219
Viggo	219
Alexandre	218
Kuutti	217
Leonard	215
Ola	214
Conny	212
Jermu	212
Nemo	212
Hamza	211
Carlos	210
Mike	210
Raul	210
Staffan	210
Kerkko	209
Joe	208
Isac	207
Jeremia	207
Rico	207
Ville-Valtteri	207
Elian	206
Manne	206
Kennet	205
Leonardo	204
Olle	204
Tore	202
Jali	201
Mehmet	201
Benjam	200
Frej	200
Ingmar	199
Bertel	197
Jani-Petteri	196
Said	196
Ami	195
Anas	195
Andrew	195
Ismail	195
Tristan	195
Yngve	195
Jaska	194
Mihail	194
Remu	194
Aappo	193
Caj	193
Sixten	193
Daniil	192
Glenn	192
Jesperi	192
Jusa	192
Sture	191
Huugo	190
Simo-Pekka	190
Artem	189
Alexey	188
Dmitry	186
Elja	186
Kristo	186
Liinus	186
Valentin	186
Fred	185
Hemmi	185
Rudolf	185
Ron	184
Abdi	183
Jarko	182
Ossian	182
Sören	182
Terno	181
Amin	179
Atro	179
Marc	179
Niilas	179
René	178
Micke	177
Kauri	176
Sami-Pekka	175
Zacharias	175
Hasan	174
Mahamed	174
Vilhelm	174
Aarto	172
Kari-Matti	172
Karl-Johan	171
Ken	171
Abdullah	170
Cristian	170
Khalid	170
Sami-Petteri	170
Alfons	169
Joseph	169
Aati	166
Folke	166
Holger	165
Lenny	165
Aate	164
Benjami	164
Colin	164
Harald	164
Milan	164
Miklas	163
Rauni	163
Saska	163
Thor	163
Leino	162
Gustaf	161
Rickard	161
Titus	161
Helmer	160
Ryan	158
Jan-Peter	157
Alexi	156
Eikka	156
Josef	156
Matteus	156
Uula	156
Jaajo	155
Morris	155
Valeri	155
Verne	155
Werner	155
Elo	153
Henrikki	153
Theodor	153
Torbjörn	153
Jani-Pekka	152
Juho-Matti	152
Miiro	152
Sakke	152
Vidar	152
Abdul	151
Charlie	151
Jan-Mikael	151
Emir	150
Esa-Matti	150
Kusti	150
Nathan	150
Luke	149
Vadim	148
Hiski	147
Jero	147
Juan	147
Muhammed	147
Myrsky	147
Risto-Matti	147
Ragnar	144
Saul	144
Valtti	143
Akusti	142
Alexei	142
Niko-Petteri	142
Alan	140
Eeka	140
Ludvig	140
Vinski	140
Alpi	139
Otava	139
Vladislav	139
Osman	138
Sulevi	138
Alvi	137
Eevertti	137
Bertil	136
Jiro	136
Mitro	136
Valle	136
Anttu	135
Janne-Pekka	135
Rufus	135
George	134
Jirka	134
Lionel	134
Jyry	133
Jeremy	132
Kaj-Erik	132
Misa	132
Remi	132
Vikke	132
Matti-Pekka	131
Miku	131
Elvis	130
Greger	130
Jeri	130
Kosmo	130
Per-Olof	130
Evgeny	129
Minh	129
Sammy	129
Alexis	128
Clas	128
Juha-Petri	128
Micael	128
Werneri	128
Asla	127
Eduard	127
Elton	127
Roberto	127
Zakaria	127
Juhamatti	126
Edgar	125
Fabian	125
Juska	125
Wiljam	125
Ahto	124
Kullervo	124
Luis	124
Tyko	124
Uolevi	124
Ville-Markus	124
Andre	123
Juha-Petteri	123
Kustaa	123
Dylan	122
Md.	122
Rabbe	122
Riku-Pekka	122
Roi	122
Sean	122
Claes	121
Karlo	121
Matteo	121
Torolf	121
Dante	120
Jaan	120
Leonel	119
Mikko-Pekka	119
Thanh	119
Yasin	119
Bilal	118
Hampus	118
Juuse	118
Stanislav	118
Aale	117
Curt	117
Mohamad	117
Rayan	117
Uljas	117
Caspian	116
Eliot	116
Evan	116
Emilio	115
Ilyas	115
Tami	115
Ethan	114
Jasperi	114
Lemmy	114
Tuisku	114
Adnan	113
Patric	113
Sven-Erik	113
Timothy	113
Weeti	113
Aksu	111
Chris	111
Finn	111
Harto	111
Jussi-Petteri	111
Pär	111
Miguel	110
Silvo	110
Aleks	109
Anatoli	109
Raoul	109
Riki	109
Timur	109
Valdemar	109
Elvin	108
Jeremi	108
Kian	108
Måns	108
Emre	107
Toomas	107
Jaako	106
Jouka	106
Bo-Erik	105
Kristofer	105
Milko	105
Rolle	105
Auno	104
Eerikki	104
Mario	104
Nils-Erik	104
Abel	103
Carlo	103
Deniz	103
Mauritz	103
Nuuti	103
Vitali	103
Arimo	102
Eki	102
Jakke	102
Kalle-Pekka	102
Riku-Petteri	101
Pedro	100
Brian	99
Huuko	99
Jan-Olof	99
Matvei	99
Olav	99
Ture	99
Eemu	98
Emmanuel	98
Keimo	98
Oliwer	98
Selim	98
Steven	98
Taavetti	98
Vili-Valtteri	98
Kenny	97
Leonid	97
Sakarias	97
Stephen	97
Valtter	97
Wilho	97
Asseri	96
Marlo	96
Mikki	96
Muhamed	96
Ari-Jukka	95
Carl-Erik	95
Jan-Henrik	95
Jussa	95
Nestor	95
Pepe	95
Rudi	95
Isaac	94
Jamal	94
Jerker	94
Eero-Pekka	93
Semi	93
Yahya	93
Arman	92
Ricardo	92
Sameli	92
Abdulkadir	91
Claus	91
Jamiel	91
Urmas	91
Aki-Petteri	90
Diego	90
Jani-Matti	90
Joni-Petteri	90
Mahdi	90
Malte	90
Maximus	90
Ray	90
Emppu	89
Havu	89
José	89
Louis	89
Md	89
Niku	89
Runar	89
Tito	89
Veetu	89
Dominik	88
Jonah	88
Joni-Pekka	88
Marek	88
Mehdi	88
Pieti	88
Wili	88
Abbas	87
Alarik	87
Ilya	87
Jamie	87
Jerri	87
Melker	87
Nick	87
Rurik	87
Joacim	86
Joska	86
Ante	85
Dag	85
Vilmer	85
Antti-Juhani	84
Kaspar	84
Marlon	84
Michel	83
Musa	83
Nicky	83
Pehr	83
Ronald	83
Teodor	83
Arian	82
Jan-Kristian	82
Jooel	82
Josua	82
Alessandro	81
Caius	81
Hamid	81
Jona	81
Malik	81
Matthias	81
Reeti	81
Veli-Jussi	81
Hans-Erik	80
Justin	80
Matheo	80
Murat	80
Nelson	80
Pablo	80
Reetu	80
Ruuben	80
Timmy	80
Totte	80
Youssef	80
Ano	79
Mika-Petteri	79
Nikolay	79
Uno	79
Mateo	78
Miikael	78
Ekku	77
Elijah	77
Jan-Eric	77
Quoc	77
Renny	77
Antti-Ville	76
Aston	76
Fjalar	76
Imran	76
Jyri-Pekka	76
Mika-Petri	76
Ruslan	76
Sander	76
Eskil	75
Hasse	75
Helmeri	75
Jokke	75
Lenne	75
Ludwig	75
Miron	75
Mohamud	75
Morgan	75
Moritz	75
Olli-Petteri	75
Winston	75
Ahmet	74
Alexandros	74
Carl-Gustav	74
Duc	74
Herbert	74
Juho-Antti	74
Junnu	74
Kuura	74
Mahad	74
Otto-Ville	74
Raymond	74
Reh	74
Riko	74
Taimo	74
Tarvo	74
Andres	73
Ilias	73
Ralph	73
Sven-Olof	73
Andy	72
Arnold	72
Ilppo	72
Jan-Markus	72
Yahye	72
Andrea	71
Anthon	71
Damian	71
Egor	71
Enzo	71
Ere	71
Jerome	71
Jirko	71
Khaled	71
Miikkael	71
Mikail	71
Nabil	71
Rio	71
Stephan	71
Tahvo	71
Aram	70
Calle	70
Mika-Matti	70
Riku-Matti	70
Tero-Pekka	70
Viking	70
Akram	69
Harri-Pekka	69
Jayden	69
Julle	69
Melwin	69
Nikolaos	69
Robi	69
Abdifatah	68
Bert	68
Emanuel	68
Franz	68
Ilia	68
Jony	68
Jordan	68
Mert	68
Yury	68
Ayman	67
Hjalmar	67
Juhapekka	67
Juho-Petteri	67
Jukka-Matti	67
Karlos	67
Mahmoud	67
Mici	67
Petr	67
Seemi	67
Anwar	66
Damien	66
Janne-Petteri	66
Joar	66
Kenth	66
Konrad	66
Lev	66
Risto-Pekka	66
Taha	66
Tomi-Pekka	66
Georgios	65
Jussi-Matti	65
Karl-Gustav	65
Lenna	65
Lennu	65
Aito	64
Amar	64
Brandon	64
Ingvar	64
Josi	64
Masa	64
Mika-Pekka	64
Ramin	64
Sasha	64
Steve	64
Anh	63
Francisco	63
Launo	63
Ollipekka	63
Timofei	63
Veli-Jukka	63
Vili-Petteri	63
Antte	62
Feetu	62
Halti	62
Hoang	62
Jan-Anders	62
Jukka-Petteri	62
Juno	62
Kiril	62
Lalli	62
Runo	62
Sayed	62
Serguei	62
Ariel	61
Cedric	61
Eugen	61
Mostafa	61
Quang	61
Robertino	61
Scott	61
Sipi	61
Syed	61
Zachary	61
Adil	60
Algot	60
Carl-Gustaf	60
Carl-Henrik	60
Jemi	60
Marcel	60
Paolo	60
Pasi-Pekka	60
Seyed	60
Trygve	60
Vilhelmi	60
Aabel	59
Alexandr	59
Arho	59
Armin	59
Cay	59
Darin	59
Ernest	59
Johann	59
Jura	59
Marwan	59
Pauno	59
Rikard	59
Salomon	59
Velu	59
Willy	59
Janne-Matti	58
Jooseppi	58
Karel	58
Kunto	58
Nicke	58
Omer	58
Salomo	58
Armo	57
Aslan	57
Atlas	57
Ebbe	57
Elof	57
Hilding	57
Ilo	57
Karl-Henrik	57
Mikko-Petteri	57
Ngoc	57
Theodore	57
Velimatti	57
Ville-Oskari	57
Adel	56
Christofer	56
Danny	56
Eirik	56
Jari-Jukka	56
Jevgeni	56
Keni	56
Riiko	56
Timo-Jaakko	56
Ukko-Pekka	56
Alberto	55
Antoni	55
Ayub	55
Dmitrii	55
Francis	55
Jaron	55
Jomi	55
Jore	55
Mino	55
Mustapha	55
Ristomatti	55
Veli-Heikki	55
Waldemar	55
Waltter	55
Ale	54
Danil	54
Ermo	54
Jymy	54
Stig-Erik	54
Valio	54
Ömer	54
Aki-Pekka	53
Atle	53
Haidar	53
Kaapro	53
Odin	53
Saad	53
Tor-Erik	53
Vieno	53
Aapi	52
Aidan	52
Anto	52
Caspar	52
Faisal	52
Jaakob	52
Jari-Petteri	52
Konstantinos	52
Rachid	52
Reza	52
Viacheslav	52
Ayuub	51
Eeki	51
Idris	51
Kamal	51
Lars-Johan	51
Raineri	51
Sakariye	51
Toni-Pekka	51
Troy	51
Abdulrahman	50
Adem	50
Bill	50
Danial	50
Don	50
Glen	50
Marcos	50
Salah	50
Vaito	50
Aiden	49
Alek	49
Ammar	49
Artti	49
Bernhard	49
Derek	49
Diar	49
Egil	49
Fredric	49
Georgi	49
Gleb	49
Huu	49
Isko	49
Jasin	49
Jorge	49
Markko	49
Miso	49
Nathaniel	49
Niiles	49
Paulo	49
Ricky	49
Rinaldo	49
Salman	49
Arttur	48
Ate	48
Azad	48
Eli	48
Feliks	48
Hadi	48
Jan-Christian	48
Juha-Antti	48
Lassi-Pekka	48
Liban	48
Nasir	48
Paavali	48
Saku-Petteri	48
Stig-Olof	48
Veli-Mikko	48
Vesa-Heikki	48
Ville-Matias	48
Andrej	47
Carl-Magnus	47
Daniele	47
Dino	47
Florian	47
Jax	47
Jusu	47
Kaleva	47
Nilo	47
Noam	47
Tarik	47
Valte	47
Veli-Antti	47
Walid	47
Yassin	47
Yousef	47
Zakariya	47
Bastian	46
Emin	46
Farhan	46
Hanno	46
Harun	46
Hussain	46
Ioannis	46
Jeppe	46
Miilo	46
Omid	46
Owen	46
Pietro	46
Sigurd	46
Tomy	46
Torvald	46
Venne	46
Feeli	45
Fritz	45
Hakan	45
Hashim	45
Jaroslav	45
Musab	45
Sammeli	45
Seth	45
Teddy	45
Toma	45
Velipekka	45
Veli-Petteri	45
Viki	45
Aadam	44
Efe	44
Farid	44
Janek	44
Jedi	44
Joni-Matti	44
Juhan	44
Jukkapekka	44
Nici	44
Niko-Pekka	44
Oke	44
Romi	44
Stepan	44
Stig-Göran	44
Vitaly	44
Xuan	44
Amadeus	43
Arif	43
Artjom	43
Baran	43
Devin	43
Hakim	43
Haris	43
Hong	43
Jani-Petri	43
Joosa	43
Kenan	43
Lippo	43
Milad	43
Per-Ole	43
Päivö	43
Remo	43
Taro	43
Younes	43
Yousif	43
Yunus	43
Arda	42
Ari-Petteri	42
Asad	42
Berat	42
Birk	42
Bogdan	42
Bo-Göran	42
Darius	42
Eetu-Petteri	42
Erpo	42
Francesco	42
Hüseyin	42
Kasmir	42
Lari-Pekka	42
Mahir	42
Paul-Erik	42
Raphael	42
Ridwan	42
Seeti	42
Stefano	42
Valentino	42
Vilgot	42
Abdiaziz	41
Aki-Matti	41
Antony	41
Aziz	41
Bror-Erik	41
Edi	41
Evald	41
Hanad	41
Jari-Petri	41
Jaso	41
Jopi	41
Juha-Heikki	41
Kirmo	41
Nikola	41
Nisse	41
Osma	41
Philipp	41
Philippe	41
Terjo	41
Yasir	41
Yonis	41
Abdulahi	40
Adiel	40
Fedor	40
Freddy	40
Ismael	40
Jan-Ole	40
Kai-Erik	40
Khalil	40
Kristjan	40
Marko-Tapio	40
Miran	40
Oleksandr	40
Retu	40
Sylvester	40
Toni-Petteri	40
Vasili	40
Veka	40
Volter	40
Bashir	39
Chi	39
Conrad	39
Daavid	39
Dave	39
Dean	39
Dimitrios	39
Dion	39
Fatih	39
Filipp	39
German	39
Iivar	39
Jeremiah	39
Jerkko	39
Joeli	39
Joosu	39
Lamin	39
Lars-Olof	39
Nolan	39
Remy	39
Ronni	39
Saman	39
Siilas	39
Silas	39
Sippo	39
Tien	39
Tuan	39
Abdel	38
Aku-Petteri	38
Arni	38
Cosmo	38
Donald	38
El	38
Enes	38
Gary	38
Hector	38
Iisko	38
Joas	38
Lauri-Pekka	38
Leander	38
Misca	38
Nicolai	38
Rickhard	38
Salim	38
Sinan	38
Suleiman	38
Tomi-Petteri	38
Untamo	38
Veerti	38
Vilko	38
Aari	37
Alejandro	37
Allu	37
Arvin	37
Can	37
Danila	37
Fernando	37
Gert	37
Gregory	37
Göte	37
Ivo	37
Jan-Eerik	37
Janiel	37
Jouna	37
Keith	37
Larry	37
Maxwell	37
Miitri	37
Onni-Pekka	37
Pasi-Petteri	37
Ramses	37
Roine	37
Tatu-Pekka	37
The	37
Tico	37
Viima	37
Ville-Mikko	37
Wilton	37
Aare	36
Abdallah	36
Abdinasir	36
Angelo	36
Arttu-Pekka	36
Bryan	36
Carl-Eric	36
Christos	36
Dario	36
Eetu-Pekka	36
Egon	36
Eilo	36
Eliah	36
Evgeni	36
Farhad	36
Hannu-Matti	36
Hendrik	36
Jaime	36
Jalmar	36
Jeeli	36
Juha-Mikko	36
Jules	36
Lion	36
Lorenzo	36
Mikko-Matti	36
Mikko-Ville	36
Misha	36
Päiviö	36
Sante	36
Setti	36
Tarek	36
Valery	36
Veli-Markku	36
Aalto	35
Aaretti	35
Abraham	35
Ake	35
Antti-Matti	35
Arash	35
Arlo	35
Claudio	35
Ensi	35
Erol	35
Grigori	35
Henning	35
Javier	35
Josia	35
Lars-Göran	35
Mahamud	35
Mainio	35
Muisto	35
Pellervo	35
Rino	35
Saif	35
Samy	35
Tan	35
Théo	35
Aaku	34
Aku-Pekka	34
Alessio	34
Aras	34
Aro	34
Aryan	34
Brahim	34
Calvin	34
Cameron	34
Dan-Erik	34
Frederick	34
Frey	34
Fuad	34
Georgij	34
Habib	34
Jamil	34
Jay	34
Jeffrey	34
John-Erik	34
Jüri	34
Jörn	34
Kadir	34
Kay	34
Kemal	34
Lawrence	34
Majid	34
Marvin	34
Mikko-Matias	34
Niels	34
Nima	34
Olli-Heikki	34
Onur	34
Reidar	34
Rodi	34
Samu-Petteri	34
Willem	34
Yoonis	34
Abdirashid	33
Abdirisak	33
Abubakar	33
Alaa	33
Ari-Juhani	33
Benyamin	33
Bob	33
Damir	33
Eepi	33
Evgenii	33
Ezra	33
Halil	33
Jaki	33
Jürgen	33
Kivi	33
Léo	33
Logan	33
Love	33
Metin	33
Miles	33
Miroslav	33
Mortti	33
Nilla	33
Otto-Pekka	33
Santiago	33
Simopekka	33
Solomon	33
Uki	33
Abbe	32
Antti-Oskari	32
Aydin	32
Billy	32
Cong	32
Duy	32
Enis	32
Hans-Peter	32
Imad	32
Ingemar	32
Ismet	32
Jackson	32
Jere-Petteri	32
Juho-Heikki	32
Juho-Ville	32
Kaiku	32
Mirka	32
Mitri	32
Pierre	32
Pyry-Petteri	32
Sonny	32
Sumu	32
Trong	32
Ville-Juhani	32
Vito	32
Abdirizak	31
Ako	31
Arjo	31
Bernard	31
Fahad	31
Felipe	31
Gia	31
Gilbert	31
Heppu	31
Janus	31
Jouni-Pekka	31
Juho-Matias	31
Jyri-Petteri	31
Kari-Tapio	31
Kyle	31
Luqman	31
Mauro	31
Milian	31
Olli-Jussi	31
Osvald	31
Pate	31
Remus	31
Rudy	31
Samu-Pekka	31
Sigge	31
Umar	31
Veli-Juhani	31
Vennu	31
Vili-Veikko	31
Wertti	31
Zakariye	31
Aiman	30
Alban	30
Alireza	30
Andi	30
Christoph	30
Dmytro	30
Douglas	30
Eddy	30
Enrico	30
Ervin	30
Federico	30
Gennadi	30
Goran	30
Jarre	30
Juha-Ville	30
Kaappo	30
Kamil	30
Kris	30
Matti-Juhani	30
Miklos	30
Mooses	30
Nikolaj	30
Osama	30
Peeter	30
Ramazan	30
Ruu	30
Stanley	30
Thure	30
Tor-Björn	30
Vasily	30
Ville-Veikka	30
Walle	30
Östen	30
Abdirahim	29
Abdurahman	29
Aden	29
András	29
Antoine	29
Aripekka	29
Eren	29
Ervo	29
Fabio	29
Faruk	29
Hamse	29
Iouri	29
Janos	29
Jared	29
Jimmie	29
Johny	29
Juha-Markus	29
Kalle-Petteri	29
Karwan	29
Larri	29
Leimu	29
Louie	29
Micah	29
Milos	29
Misael	29
Moses	29
Mubarak	29
Mustafe	29
Nalle	29
Nuno	29
Oki	29
Olivier	29
Orhan	29
Paju	29
Pyry-Pekka	29
Sigvard	29
Simeoni	29
Tomás	29
Tord	29
Ville-Eemeli	29
Yannick	29
Abukar	28
Anssi-Pekka	28
Arseni	28
Artin	28
Connor	28
Dahir	28
Edin	28
Elon	28
Enver	28
Erkan	28
Ferhat	28
Fidel	28
Gideon	28
Guido	28
Heikki-Pekka	28
Husein	28
Jari-Juhani	28
Jussipekka	28
Juuso-Petteri	28
Karrar	28
Koitto	28
Lauri-Matti	28
Le	28
Mattis	28
Maxime	28
Mergim	28
Mohsen	28
Oma	28
Rahim	28
Ramon	28
Rane	28
Saku-Pekka	28
Salmaan	28
Sami-Petri	28
Ukri	28
Varma	28
Vesa-Jukka	28
Vesa-Petteri	28
Viet	28
Viliam	28
Villiam	28
Wiggo	28
Xavier	28
Abdimalik	27
Ailo	27
Alain	27
Alwin	27
Antti-Veikko	27
Ardian	27
Austin	27
Caleb	27
Eduardo	27
Elliott	27
Ernesti	27
Joosef	27
Jori-Pekka	27
Jusuf	27
Kai-Markus	27
Kalle-Matti	27
Kari-Juhani	27
Karolus	27
Lars-Eric	27
Lars-Henrik	27
Lee	27
Liiban	27
Mason	27
Maurits	27
Mick	27
Mirco	27
Naser	27
Nathanael	27
Neil	27
Pekka-Juhani	27
Petros	27
Prince	27
Saarni	27
Sasa	27
Shahin	27
Tani	27
Tuovi	27
Veeti-Valtteri	27
Viatcheslav	27
Ville-Antti	27
Wincent	27
Ylermi	27
Abdelaziz	26
Abu	26
Aldo	26
Anatoly	26
Andriy	26
Attila	26
Ayoub	26
Cedrik	26
Dana	26
Eeri	26
Eero-Matti	26
Ensar	26
Ernesto	26
Espen	26
Fatmir	26
Furkan	26
Haider	26
Hartti	26
Henri-Pekka	26
Hicham	26
Iippo	26
Imraan	26
Irfan	26
Jaakko-Pekka	26
Jeemi	26
Joni-Markus	26
Joonas-Petteri	26
Margus	26
Matvey	26
Muad	26
Nikko	26
Nur	26
Pasi-Matti	26
Peder	26
Peeti	26
Rashid	26
Rick	26
Rodrigo	26
Sébastien	26
Serhat	26
Tanu	26
Thien	26
Tomasz	26
Tyler	26
Ville-Heikki	26
Ville-Joonas	26
Ville-Samuli	26
Vinh	26
Zaid	26
Abdulla	25
Adolf	25
Albion	25
Aleksandar	25
Amer	25
Are	25
Asa	25
Bekim	25
Burhan	25
Carolus	25
Erfan	25
Fouad	25
Hamed	25
Hamsa	25
Hessu	25
Hubert	25
Imre	25
Jani-Markus	25
Jethro	25
Jooas	25
Juha-Veikko	25
Jun	25
Jyri-Matti	25
Kai-Kristian	25
Kirka	25
Lasse-Pekka	25
Leonidas	25
Leo-Pekka	25
Leopold	25
Lorenz	25
Manfred	25
Niko-Matti	25
Olli-Veikko	25
Ora	25
Peitsa	25
Rein	25
Sacha	25
Sami-Matti	25
Sandro	25
Sulho	25
Tariq	25
Terry	25
Timofey	25
Tom-Erik	25
Vu	25
Wictor	25
Yan	25
Yassine	25
Abdirisaq	24
Abdurrahman	24
Alper	24
Amine	24
Andréas	24
Antti-Petteri	24
Ara	24
Arin	24
Armend	24
Björn-Erik	24
Dage	24
Davin	24
Driss	24
Ehsan	24
Elyas	24
Evgueni	24
Faysal	24
Feija	24
Gerald	24
Gerhard	24
Giuseppe	24
Gustavo	24
Harrison	24
Henno	24
Hossein	24
Janrik	24
Jarto	24
Jerko	24
Josa	24
Juha-Tapio	24
Juho-Jaakko	24
Jukka-Tapio	24
Julio	24
Jurkka	24
Kai-Mikael	24
Kaj-Olof	24
Kassu	24
Léon	24
Michail	24
Michele	24
Murad	24
Onni-Oskari	24
Per-Henrik	24
Ramzi	24
Rani	24
Reda	24
Reini	24
Riku-Ville	24
Rohan	24
Roomeo	24
Saeed	24
Sani	24
Sebastien	24
Semen	24
Siimon	24
Silver	24
Stefanos	24
Tero-Matti	24
Tomek	24
Tryggve	24
Valon	24
Veli-Markus	24
Vili-Pekka	24
Ville-Waltteri	24
Vitalii	24
Vjatseslav	24
Zana	24
Aatami	23
Abdiqani	23
Abdirahmaan	23
Afrim	23
Ailu	23
Ajan	23
Amiir	23
Aran	23
Ari-Jussi	23
Ba	23
Baris	23
Darren	23
Dmitrij	23
Eben	23
Efraim	23
Egzon	23
Emran	23
Ewan	23
Fadi	23
Frans-Emil	23
Freddie	23
Frederik	23
Georgy	23
Gholam	23
Giovanni	23
Hardy	23
Hayder	23
Hektor	23
Helke	23
Hermann	23
Janne-Juhani	23
Jegor	23
Jere-Pekka	23
Jiko	23
Jommi	23
Julien	23
Jurij	23
Kajo	23
Karam	23
Kasim	23
Kerim	23
Khadar	23
Kim-Erik	23
Lino	23
Loke	23
Luan	23
Malek	23
Markos	23
Massimo	23
Masud	23
Mica	23
Mikkel	23
Mir	23
Nader	23
Nando	23
Nasim	23
Nichlas	23
Nicolás	23
Nikki	23
Noureddine	23
Penna	23
Rian	23
Saabir	23
Sakri	23
Sointu	23
Soni	23
Timo-Juhani	23
Touho	23
Trung	23
Umut	23
Vesa-Petri	23
Voima	23
Walther	23
Wiljo	23
Yuusuf	23
Aape	22
Abdalla	22
Abdellah	22
Abshir	22
Adi	22
Alen	22
Alho	22
Alvaro	22
Antti-Eemeli	22
Antti-Heikki	22
Ari-Heikki	22
Ari-Petri	22
Astor	22
Bujar	22
Cai	22
Carl-Axel	22
Carl-Oscar	22
Davide	22
Dexter	22
Eetu-Oskari	22
Grigory	22
Guled	22
Iipo	22
Jama	22
Jan-Ove	22
Kelvin	22
Koda	22
Kouta	22
Lenni-Kalle	22
Liibaan	22
Mete	22
Michal	22
Muhsin	22
Muscab	22
Nadir	22
Naim	22
Nikodemus	22
Nuka	22
Olli-Juhani	22
Rebin	22
River	22
Robbie	22
Salar	22
Salih	22
Samson	22
Savva	22
Serkan	22
Shawn	22
Terje	22
Tiko	22
Tommie	22
Upi	22
Veli-Petri	22
Veli-Ville	22
Weikka	22
Wilson	22
Yosef	22
Zain	22
Abderrahmane	21
Abdulaziz	21
Adriano	21
Agim	21
Aku-Matti	21
Aldin	21
Almir	21
Alve	21
Anselm	21
Antreas	21
Arben	21
Aso	21
Bengt-Erik	21
Bruuno	21
Constantin	21
Demir	21
Dilan	21
Dominick	21
Emad	21
Emerik	21
Emile	21
Erland	21
Firas	21
Georges	21
Georgii	21
Henkka	21
Hisham	21
Jacques	21
Jalle	21
Jami-Petteri	21
Jan-Krister	21
Jarl-Erik	21
Joni-Petri	21
Juhopekka	21
Karl-Oskar	21
Kilian	21
Kurt-Erik	21
Meelis	21
Meo	21
Natanael	21
Nikolaus	21
Niro	21
Nuur	21
Ossi-Pekka	21
Pirkka-Pekka	21
Poju	21
Rebwar	21
Reni	21
Riad	21
Ringo	21
Ronan	21
Roobert	21
Safet	21
Saleh	21
Sami-Jussi	21
Sandor	21
Sirius	21
Soran	21
Tarkko	21
Thommy	21
Timoteus	21
Wiktor	21
Yann	21
Yki	21
Abdihakim	20
Abdikarim	20
Alexandru	20
Amadou	20
Amit	20
Antonios	20
Anttijussi	20
Art	20
Atilla	20
Bayram	20
Besim	20
Besnik	20
Brage	20
Bruce	20
Bülent	20
Carl-Christian	20
Carl-Olof	20
Danilo	20
Dany	20
Didrik	20
Dorian	20
Ebrahim	20
Eeropekka	20
Elion	20
Emmett	20
Gunder	20
Haakon	20
Hai	20
Hannu-Heikki	20
Heinz	20
Ilkka-Kristian	20
István	20
Jaanus	20
Jafar	20
Jakub	20
Jaxon	20
Jiska	20
Jontte	20
Josiah	20
Juko	20
Kalle-Antti	20
Kalle-Oskari	20
Karl-Olof	20
Kerem	20
Leni	20
Mahmood	20
Makar	20
Maks	20
Manh	20
Marios	20
Masoud	20
Matin	20
Matti-Jussi	20
Matti-Petteri	20
Micky	20
Mihkel	20
Miika-Matias	20
Muaad	20
Natan	20
Nour	20
Olaf	20
Ollimatti	20
Olli-Mikko	20
Ousman	20
Pawel	20
Petrik	20
Piotr	20
Raikko	20
Rain	20
Raman	20
Rex	20
Riccardo	20
Rida	20
Ropi	20
Salem	20
Sami-Ville	20
Sergio	20
Sharif	20
Shayan	20
Timo-Matti	20
Urban	20
Veli-Martti	20
Vellu	20
Velmu	20
Vesa-Ville	20
Yaasir	20
Yacine	20
Yasser	20
Abdiasis	19
Abdikadir	19
Adan	19
Amjad	19
Ansu	19
Artemi	19
Artto	19
Axl	19
Bilaal	19
Brendan	19
Burak	19
Cody	19
Demian	19
Dinh	19
Elwin	19
Erick	19
Farah	19
Faris	19
Gaius	19
Gennady	19
Gökhan	19
Hari	19
Hemi	19
Henric	19
Ilhan	19
Immanuel	19
Indrek	19
Isa	19
Jakov	19
Jan-Christer	19
Jan-Michael	19
Jeff	19
Jere-Matti	19
Jesse-Petteri	19
Joan	19
Jockum	19
Juho-Oskari	19
Jukka-Petri	19
Kamran	19
Karl-Gustaf	19
Kuuno	19
Lari-Matti	19
Lars-Åke	19
László	19
Leart	19
Lias	19
Maahir	19
Maher	19
Mart	19
Maximillian	19
Mihhail	19
Mikko-Juhani	19
Muhamad	19
Munasar	19
Noar	19
Panu-Petteri	19
Pehr-Erik	19
Per-Johan	19
Per-Åke	19
Rocco	19
Rocky	19
Rodion	19
Samer	19
Sami-Jukka	19
Sharmarke	19
Sirwan	19
Sverre	19
Tao	19
Thai	19
Tommaso	19
Ville-Kalle	19
Wei	19
Yaroslav	19
Zoltán	19
Aivar	18
Akira	18
Antti-Jaakko	18
Ari-Mikko	18
Arkan	18
Besart	18
Caro	18
Cevin	18
Crister	18
Eddi	18
Eden	18
Emrah	18
Enrique	18
Esapekka	18
Esa-Petteri	18
Faton	18
Fedja	18
Feeliks	18
Filippo	18
Geoffrey	18
Heikki-Juhani	18
Hendry	18
Ilir	18
Ilmar	18
Ilyaas	18
Iurii	18
Jaakko-Juhani	18
Jalal	18
Jibril	18
Jonnie	18
Joona-Petteri	18
Jusef	18
Juuso-Pekka	18
Kaan	18
Kari-Jukka	18
Kari-Jussi	18
Kristopher	18
Lowe	18
Malcolm	18
Marko-Tapani	18
Mesut	18
Mihka	18
Mikel	18
Momodou	18
Mubashir	18
Mustaf	18
Nils-Johan	18
Olli-Ville	18
Onni-Matti	18
Renni	18
Reuben	18
Rinor	18
Sabah	18
Sem	18
Serdar	18
Serge	18
Sherif	18
Teemu-Pekka	18
Timitri	18
Toby	18
Trevor	18
Veli-Veikko	18
Velmeri	18
Vesamatti	18
Vili-Veikka	18
Wael	18
Waleed	18
Yonatan	18
Yuri	18
Zakari	18
Zaki	18
Abdelkader	17
Adnaan	17
Ahvo	17
Andrés	17
Angel	17
Anis	17
Antti-Mikael	17
Anuar	17
Aren	17
Arhi	17
Arseny	17
Artan	17
Arton	17
Atri	17
Avni	17
Babak	17
Basil	17
Carl-Mikael	17
Cem	17
Cemal	17
Christophe	17
Davi	17
Ebrima	17
Eldar	17
Elijas	17
Ellis	17
Enso	17
Erdal	17
Erwin	17
Farzad	17
Félix	17
Ferdinand	17
Firat	17
Franco	17
Fredrick	17
Harold	17
Huy	17
Ilkka-Pekka	17
Iman	17
Ioan	17
Jan-Åke	17
Jere-Matias	17
Jesse-Pekka	17
João	17
Juha-Jaakko	17
Juho-Mikko	17
Kai-Pekka	17
Kai-Petteri	17
Kareem	17
Kawa	17
Khaalid	17
Kåre	17
Lahja	17
Lewis	17
Mahmud	17
Mansur	17
Markku-Pekka	17
Matte	17
Mirza	17
Morten	17
Muhannad	17
Niko-Petri	17
Oku	17
Onni-Kalle	17
Per-Eric	17
Raed	17
Ram	17
Rami-Pekka	17
Reimo	17
Rodney	17
Sakaria	17
Samuele	17
Senad	17
Stuart	17
Tamás	17
Tauri	17
Teemu-Petteri	17
Tiago	17
Tiera	17
Timjami	17
Tommi-Petteri	17
Toni-Markus	17
Travis	17
Tri	17
Tyson	17
Ulrik	17
Vide	17
Ville-Aleksi	17
Ville-Hermanni	17
Ville-Jussi	17
Vitaliy	17
Volmari	17
Vyacheslav	17
Weikko	17
Wilhelmi	17
Wisam	17
Wolfgang	17
Abdullaahi	16
Abdulqadir	16
Adrien	16
Akam	16
Aleksej	16
Alpertti	16
Amiin	16
Amon	16
Andrus	16
Anttipekka	16
Ares	16
Ari-Veikko	16
Ari-Ville	16
Arsenii	16
Ata	16
Ati	16
Björn-Olof	16
Bore	16
Casmir	16
Castor	16
Cengiz	16
Derrick	16
Diyar	16
Edmond	16
Edmund	16
Eemel	16
Ekke	16
Emiel	16
Ensti	16
Erkka-Pekka	16
Esra	16
Evangelos	16
Fadil	16
Finley	16
Gabriele	16
Ghulam	16
Hamze	16
Hani	16
Hiwa	16
Iska	16
Israel	16
Issa	16
Jari-Heikki	16
Jarkko-Pekka	16
Jaromir	16
Jesse-Joonas	16
Jeton	16
Jocke	16
Jonte	16
Juho-Kusti	16
Juho-Tuomas	16
Ka	16
Kaarne	16
Kaiho	16
Kaj-Mikael	16
Kalle-Eemeli	16
Kalle-Ville	16
Kami	16
Kari-Petteri	16
Leif-Erik	16
Lio	16
Lorik	16
Marat	16
Marno	16
Mateus	16
Matt	16
Maxi	16
Mehran	16
Mickey	16
Miiku	16
Mikko-Oskari	16
Miro-Matias	16
Morad	16
Mourad	16
Muslim	16
Nasser	16
Nhat	16
Norman	16
Nova	16
Onni-Eemeli	16
Oska	16
Pami	16
Péter	16
Ramadan	16
Roihu	16
Rory	16
Ross	16
Samu-Ville	16
Seelim	16
Semir	16
Siim	16
Tahir	16
Thiago	16
Thore	16
Tran	16
Ugur	16
Valfrid	16
Vedat	16
Veija	16
Veino	16
Veli-Hannu	16
Veli-Valtteri	16
Ville-Vesa	16
Vilpas	16
Väiski	16
Wolf	16
Xander	16
Yakup	16
Yousuf	16
Zack	16
Zakarias	16
Ziad	16
Aapro	15
Abas	15
Abdishakur	15
Akim	15
Aku-Ville	15
Aman	15
Antonis	15
Arbnor	15
Arlind	15
Armando	15
Arn	15
Áron	15
Arsenij	15
Arto-Pekka	15
Ashraf	15
Augustin	15
Ayhan	15
Bajram	15
Bakhtiar	15
Benedict	15
Beni	15
Blerim	15
Cian	15
Daud	15
Deni	15
Dima	15
Eeno	15
Erkki-Mikael	15
Hamzah	15
Haron	15
Heikki-Matti	15
Heimer	15
Heinrich	15
Hemming	15
Jaden	15
Janis	15
Jan-Magnus	15
Jan-Patrik	15
Jari-Antti	15
Jesus	15
Jico	15
Jimmi	15
Jude	15
Juho-Kalle	15
Kale	15
Kalle-Juhani	15
Karol	15
Kie	15
Kieran	15
Kingsley	15
Kjell-Erik	15
Klas-Erik	15
Latif	15
Lex	15
Lior	15
Lyly	15
Mahmut	15
Make	15
Marian	15
Mauricio	15
Mika-Juhani	15
Mirsad	15
Mukhtar	15
Nabeel	15
Nali	15
Nazar	15
Nikos	15
Nils-Göran	15
Nils-Olof	15
Nipa	15
Nizar	15
Noé	15
Noël	15
Paul-Henrik	15
Rafik	15
Raphaël	15
Reine	15
Rion	15
Roki	15
Sabir	15
Sami-Antti	15
Santino	15
Semih	15
Shane	15
Simi	15
Sina	15
Stavros	15
Sunny	15
Taoufik	15
Tatu-Matti	15
Timka	15
Timo-Petteri	15
Timo-Tapio	15
Toni-Matti	15
Toni-Petri	15
Ulf-Erik	15
Uoti	15
Uuras	15
Uwe	15
Vanja	15
Viimo	15
Villematti	15
Ville-Pertti	15
Vilmeri	15
Vladyslav	15
Vänni	15
Wai	15
Wihtori	15
Yaqub	15
Zion	15
Abderrahim	14
Abdisalam	14
Abdulaahi	14
Adar	14
Akif	14
Akil	14
Alari	14
Aleksey	14
Alexandro	14
Alfonso	14
Amel	14
Amr	14
Anatolii	14
Anil	14
Antti-Jukka	14
Arber	14
Aris	14
Asher	14
Aws	14
Axu	14
Bahman	14
Barry	14
Bassam	14
Bedri	14
Behzad	14
Béla	14
Bernd	14
Blake	14
Camilo	14
Cao	14
Carl-Fredrik	14
Carsten	14
Cary	14
Cole	14
Cooper	14
Craig	14
Danel	14
Deon	14
Dmitriy	14
Eino-Pekka	14
Ele	14
Eliam	14
Emiliano	14
Erich	14
Ewert	14
Eyal	14
Feodor	14
Fikret	14
Fitim	14
Gael	14
Geir	14
Guillermo	14
Hans-Olof	14
Hardi	14
Huima	14
Husam	14
Idiris	14
Iiro-Pekka	14
Ilan	14
Innocent	14
Ion	14
Isaiah	14
Jad	14
Jani-Mikael	14
Jarek	14
Jari-Markus	14
Jasmin	14
Jeriko	14
Jerkka	14
Juha-Veli	14
Juho-Eemil	14
Juusa	14
Jörg	14
Kai-Eerik	14
Karl-Magnus	14
Karzan	14
Lennox	14
León	14
Lorentz	14
Loui	14
Luuka	14
Mamadou	14
Mansour	14
Marko-Juhani	14
Matti-Mikael	14
Mentor	14
Miika-Markus	14
Mischa	14
Modou	14
Moussa	14
Munir	14
Nabiil	14
Najib	14
Nico-Petteri	14
Noor	14
Oktay	14
Ollie	14
Onni-Matias	14
Orion	14
Ossi-Petteri	14
Otto-Oskari	14
Per-Anders	14
Per-Håkan	14
Petu	14
Piko	14
Platon	14
Rahman	14
Rahul	14
Rai	14
Randy	14
Rasul	14
Repe	14
Rieti	14
Roan	14
Rostislav	14
Sadiq	14
Safwan	14
Saku-Matti	14
Sergiy	14
Shaho	14
Shahram	14
Shaun	14
Soheil	14
Sulaiman	14
Suleyman	14
Sverker	14
Tam	14
Tanel	14
Taru	14
Tempo	14
Thorolf	14
Thorvald	14
Timo-Jukka	14
Todd	14
Tomer	14
Usama	14
Utu	14
Valeriy	14
Vasilij	14
Veli-Pentti	14
Vesa-Veikko	14
Vili-Verneri	14
Villeveikko	14
Volkan	14
Volodymyr	14
Wesley	14
Yahia	14
Yaser	14
Yilmaz	14
Ümit	14
Zeb	14
Zoran	14
Aadolf	13
Abdillahi	13
Abdukadir	13
Agron	13
Aki-Jussi	13
Aki-Petri	13
Akke	13
Alf-Erik	13
Alon	13
Andrii	13
Antti-Mikko	13
Araz	13
Arkadi	13
Arsalan	13
Arun	13
Asaad	13
Auku	13
Ayad	13
Barham	13
Bashiir	13
Bashkim	13
Behar	13
Bekir	13
Benja	13
Carl-Göran	13
Clas-Göran	13
Csaba	13
Dan-Anders	13
Dome	13
Edis	13
Edon	13
Emel	13
Emrik	13
Ercan	13
Erion	13
Erkki-Jussi	13
Erkki-Pekka	13
Esaias	13
Esu	13
Fahim	13
Fehmi	13
Finlay	13
Ghassan	13
Gordon	13
Grels	13
Haitham	13
Hansi	13
Haroun	13
Haydar	13
Hayden	13
Hung	13
Ibraahim	13
Ikenna	13
Iljas	13
Immu	13
Ingolf	13
Ingvald	13
Ishak	13
Islam	13
Jaafar	13
Jahn	13
Jan-Sebastian	13
Jaripekka	13
Jayson	13
Joah	13
Joao	13
Joël	13
Joni-Mikael	13
Jousia	13
Jukka-Tapani	13
Junior	13
Kert	13
Khac	13
Kosma	13
Kristen	13
Kushtrim	13
Laith	13
Lare	13
Lars-Peter	13
Lennie	13
Lennon	13
Leroy	13
Loris	13
Lulzim	13
Luucas	13
Maksym	13
Mano	13
Margo	13
Markku-Juhani	13
Masuud	13
Mickael	13
Mika-Markus	13
Mishka	13
Morteza	13
Muharrem	13
Murtada	13
Musse	13
Nael	13
Navid	13
Nicola	13
Noe	13
Noeli	13
Norbert	13
Otto-Emil	13
Panagiotis	13
Panu-Pekka	13
Pavlos	13
Penja	13
Penjami	13
Pette	13
Phi	13
Phillip	13
Pohto	13
Raiko	13
Raimond	13
Rajan	13
Ramesh	13
Reittu	13
Sabri	13
Saki	13
Salvatore	13
Sascha	13
Seif	13
Sheikh	13
Sid	13
Sigfrid	13
Simo-Petteri	13
Sinuhe	13
Sofiane	13
Solmu	13
Suheyb	13
Syksy	13
Süleyman	13
Taher	13
Tamer	13
Tane	13
Taras	13
Terence	13
Tero-Petteri	13
Thorsten	13
Till	13
Timo-Jussi	13
Toive	13
Tommo	13
Toni-Mikael	13
Topi-Matti	13
Valerii	13
Veeli	13
Veli-Tapio	13
Ville-Tapio	13
Ville-Tuomas	13
Vinha	13
Virmo	13
Wasim	13
Wenni	13
Yaxye	13
Youcef	13
Yu	13
Yuriy	13
Yusef	13
Zubair	13
Özgür	13
Aato	12
Aavo	12
Abdellatif	12
Abdulkarim	12
Al	12
Aleksandros	12
Alfredo	12
Alieu	12
Altin	12
Ameer	12
Andrzej	12
Antti-Einari	12
Antti-Tapio	12
Arham	12
Arion	12
Armi	12
Arri	12
Arsen	12
Arturo	12
Arwid	12
Asto	12
Bahram	12
Cajus	12
Cecil	12
Cesar	12
Claude	12
Collin	12
Conor	12
Cristiano	12
Damon	12
Darian	12
Deniss	12
Denys	12
Doni	12
Ebenezer	12
Edris	12
Eelia	12
Eelon	12
Eetu-Matti	12
Eetu-Ville	12
Eetvi	12
Eino-Juhani	12
Ekrem	12
Elio	12
Eliott	12
Endrit	12
Enok	12
Esa-Jussi	12
Esteban	12
Fares	12
Fatos	12
Ferenc	12
Fidan	12
Fionn	12
Florent	12
Franklin	12
Fride	12
Gani	12
Gavin	12
Ghazi	12
Granit	12
Hamdi	12
Hans-Göran	12
Hawkar	12
Heikki-Tapio	12
Henri-Mikael	12
Hunter	12
Ihsan	12
Iko	12
Isse	12
Jann	12
Janne-Markus	12
Jannis	12
Jari-Jussi	12
Jari-Mikko	12
Jari-Tapio	12
Jasir	12
Jauri	12
Jimy	12
Jino	12
Joannis	12
Joni-Juhani	12
Jonttu	12
Joona-Pekka	12
Joonathan	12
Joonia	12
Josse	12
Jovan	12
Juha-Markku	12
Jussi-Heikki	12
Jussi-Mikko	12
Kai-Juhani	12
Kaijus	12
Kajus	12
Kalle-Valtteri	12
Kalle-Veikko	12
Karipekka	12
Karl-Anton	12
Kastriot	12
Kaveh	12
Kelpo	12
Kille	12
Kiri	12
Klas-Göran	12
Krishna	12
Kristof	12
Lars-Ole	12
Lassi-Matti	12
Laurent	12
Leandro	12
Leith	12
Lloyd	12
Lumi	12
Marcello	12
Marko-Mikael	12
Marko-Pekka	12
Marwaan	12
Mascuud	12
Mats-Erik	12
Matthieu	12
Mattia	12
Matti-Esko	12
Matts-Erik	12
Miclas	12
Miihkali	12
Mitjo	12
Moustafa	12
Mykola	12
Neeo	12
Nguyen	12
Nic	12
Nietos	12
Nihat	12
Obinna	12
Okan	12
Olli-Oskari	12
Onni-Elmeri	12
Othman	12
Patu	12
Pavlo	12
Phoenix	12
Phuoc	12
Raafael	12
Raikas	12
Raivo	12
Ramiz	12
Ransu	12
Rikumatti	12
Roshan	12
Rui	12
Rupert	12
Ruudolf	12
Sadik	12
Saeid	12
Salam	12
Sameer	12
Samo	12
Sándor	12
Sead	12
Semmi	12
Sipan	12
Sohrab	12
Sony	12
Steffen	12
Suhaib	12
Sultan	12
Thorbjörn	12
Timo-Tapani	12
Toni-Kristian	12
Toni-Tapio	12
Tonny	12
Udo	12
Vahid	12
Veli-Kalle	12
Veli-Tapani	12
Venneri	12
Vesa-Tapio	12
Vicente	12
Ville-Sakari	12
Visa-Pekka	12
Volmar	12
Vsevolod	12
Walton	12
Wiliam	12
Yacquub	12
Yoav	12
Zakarie	12
Zein	12
Abd	11
Abdelkarim	11
Abdiwali	11
Abdiweli	11
Abdoulie	11
Adis	11
Ajmal	11
Alfie	11
Alp	11
Amro	11
Anik	11
Anthonio	11
Antti-Matias	11
Ardit	11
Ario	11
Arsim	11
Assar	11
Asse	11
Atos	11
Awil	11
Axeli	11
Azhar	11
Badr	11
Bashar	11
Bengt-Olof	11
Bennet	11
Berk	11
Bjørn	11
Casey	11
Daan	11
Dániel	11
Dara	11
Daris	11
Davy	11
Deniel	11
Desmond	11
Dewin	11
Dimi	11
Dimitar	11
Dominique	11
Drilon	11
Driton	11
Edison	11
Eelo	11
Elvar	11
Emmet	11
Erasmus	11
Esa-Petri	11
Eugene	11
Fathi	11
Feelix	11
Flynn	11
Fredi	11
Gerard	11
Guennadi	11
Haci	11
Halit	11
Han	11
Hao	11
Hedi	11
Heiki	11
Heljo	11
Horst	11
Ila	11
Jaakko-Matti	11
Jaapo	11
Jamshid	11
Janko	11
Jan-Martin	11
Jannik	11
Janno	11
Jan-Roger	11
Jari-Veikko	11
Jarkko-Juhani	11
Jasim	11
Jelmeri	11
Jesse-Juhani	11
Jon-Erik	11
Joni-Kristian	11
Joopi	11
Joosia	11
Jori-Matti	11
Josias	11
Jouni-Matti	11
Juha-Erkki	11
Juha-Pertti	11
Juho-Erik	11
Juhomatti	11
Jupiter	11
Jussi-Joonas	11
Jyri-Petri	11
Kai-Petri	11
Kaj-Henrik	11
Kaleb	11
Kambiz	11
Kardo	11
Karri-Pekka	11
Kebba	11
Kien	11
Kim-Henrik	11
Kim-Johan	11
Klim	11
Krisse	11
Ledion	11
Lemmi	11
Leo-Matti	11
Liekki	11
Liius	11
Liridon	11
Lotfi	11
Luc	11
Lumo	11
Marcelo	11
Marcin	11
Mariwan	11
Marko-Petteri	11
Maurice	11
Mazin	11
Mertzi	11
Mies	11
Mihku	11
Mika-Erik	11
Min	11
Miro-Petteri	11
Moise	11
Mojtaba	11
Nadeem	11
Nedim	11
Nedzad	11
Nhu	11
Olli-Antti	11
Olov	11
Onni-Ilmari	11
Oscari	11
Otis	11
Pascal	11
Pedram	11
Pelle	11
Per-Göran	11
Petar	11
Phuc	11
Pjotr	11
Pär-Erik	11
Rafi	11
Ramiar	11
Rando	11
Ravi	11
Rei	11
Remzi	11
Renas	11
Renato	11
Ridwaan	11
Ronaldo	11
Roope-Oskari	11
Ruska	11
Safin	11
Sahand	11
Sahin	11
Sai	11
Samiir	11
Sami-Kristian	11
San	11
Sedat	11
Shuaib	11
Shwan	11
Sohail	11
Spencer	11
Sten-Olof	11
Sunday	11
Sunil	11
Suraj	11
Sylvain	11
Taave	11
Talal	11
Tate	11
Teri	11
Tero-Tapio	11
Thord	11
Tijan	11
Timo-Heikki	11
Truong	11
Usman	11
Vassili	11
Veeni	11
Veli-Erkki	11
Veli-Jaakko	11
Veniamin	11
Vesa-Antti	11
Vexi	11
Ville-Mikael	11
Villepekka	11
Ville-Tapani	11
Ville-Veli	11
Visa-Matti	11
Visar	11
Waldo	11
Will	11
Wojciech	11
Yazan	11
Ykä	11
Zsolt	11
Aapo-Matti	10
Aarav	10
Aaret	10
Abdelghani	10
Abdelhamid	10
Abdelrahman	10
Abdihamid	10
Abdikani	10
Abdisamad	10
Abdoulaye	10
Adham	10
Aditya	10
Adrián	10
Afshin	10
Agon	10
Ajdin	10
Alwar	10
Angus	10
Antti-Ilari	10
Antti-Olli	10
Apollo	10
Ari-Juha	10
Armand	10
Arte	10
Arttu-Eemeli	10
Arttu-Oskari	10
Ashish	10
Ashkan	10
Astrit	10
Atik	10
Atte-Oskari	10
Augusti	10
Augustine	10
Aurel	10
Auro	10
Avi	10
Ayden	10
Batu	10
Behnam	10
Belal	10
Binh	10
Bobby	10
Bradley	10
Buster	10
Carson	10
Cemil	10
Collins	10
Dai	10
Dariush	10
Dastan	10
Dawud	10
Diako	10
Didier	10
Dimitris	10
Dirk	10
Duncan	10
Eemin	10
Eero-Veikko	10
Ege	10
Eh	10
Elmar	10
Elmin	10
Emeka	10
Emmanuil	10
Engin	10
Erko	10
Erling	10
Eron	10
Esamatti	10
Eymen	10
Fardin	10
Fisnik	10
Florim	10
Gazmend	10
Gheorghe	10
Giacomo	10
Gian	10
Gianluca	10
Gil	10
Giulio	10
Gottfrid	10
Gregor	10
Grigorii	10
Halid	10
Hamish	10
Hanne	10
Hans-Christian	10
Hans-Henrik	10
Hany	10
Harro	10
Helmut	10
Hemminki	10
Henri-Matias	10
Hristo	10
Ilai	10
Inge	10
Iyad	10
Jaber	10
Jace	10
Jan-Emil	10
Jan-Gustav	10
Jan-Håkan	10
Jani-Jukka	10
Jani-Kristian	10
Jari-Juha	10
Jarimatti	10
Jasmo	10
Javad	10
Jehki	10
Jian	10
Joackim	10
Jochen	10
Johan-Erik	10
John-Eric	10
Jonne-Pekka	10
Joona-Matias	10
Jori-Petteri	10
Josu	10
Juha-Mikael	10
Juho-Aleksi	10
Junno	10
Jusse	10
Jussi-Tuomas	10
Jussi-Ville	10
Jyrki-Pekka	10
Kaito	10
Kaj-Gustav	10
Kaj-Johan	10
Kalid	10
Kalle-Markus	10
Kamu	10
Karar	10
Kari-Veikko	10
Karl-Anders	10
Krish	10
Krzysztof	10
Kwok	10
Lajos	10
Lance	10
Lari-Petteri	10
Lauri-Juhani	10
Lian	10
Loimu	10
Luiz	10
Malick	10
Marcell	10
Mardin	10
Masood	10
Matti-Tapio	10
Maximiliam	10
Mazen	10
Melik	10
Merlin	10
Merri	10
Mickel	10
Mihai	10
Miika-Matti	10
Miikka-Matias	10
Mika-Tapio	10
Mikko-Jussi	10
Mirwais	10
Mohanad	10
Mose	10
Mounir	10
Muamer	10
Mubarik	10
Muhamet	10
Nadim	10
Nam	10
Nassim	10
Nickolas	10
Niko-Markus	10
Niko-Ville	10
Nils-Eric	10
Nio	10
Nooke	10
Nuh	10
Nuuk	10
Okke	10
Oliveri	10
Orlando	10
Otto-Eemeli	10
Outi	10
Ozan	10
Pa	10
Pehr-Olof	10
Petri-Juhani	10
Qasim	10
Rauf	10
Rebaz	10
Recep	10
Reemus	10
Rejan	10
Rémi	10
Renat	10
Reo	10
Ridvan	10
Riley	10
Rodin	10
Roopert	10
Rymy	10
Sajad	10
Sajjad	10
Samueli	10
Sanjay	10
Santtu-Pekka	10
Sardar	10
Sarmad	10
Saulus	10
Saveli	10
Saw	10
Seán	10
Serafim	10
Sere	10
Sergej	10
Set	10
Seve	10
Shadi	10
Shahid	10
Siavash	10
Sidar	10
Simo-Heikki	10
Sindre	10
Skender	10
Sohaib	10
Stian	10
Styrbjörn	10
Suman	10
Sven-Eric	10
Talha	10
Tapsa	10
Tareq	10
Tedi	10
Teim	10
Tomi-Matti	10
Tommi-Pekka	10
Topi-Pekka	10
Torkel	10
Tudor	10
Turjo	10
Ukkopekka	10
Umberto	10
Valdo	10
Vallu	10
Veiko	10
Veli-Tuomas	10
Verni	10
Vesa-Mikko	10
Vesa-Valtteri	10
Vikko	10
Ville-Martti	10
Vilperi	10
Walto	10
Warren	10
Wellu	10
Wen	10
Widar	10
Wilfred	10
Yacqub	10
Yavuz	10
Yigit	10
Yoel	10
Youness	10
Younis	10
Yrjänä	10
Yussuf	10
Zafer	10
Zander	10
Zubeyr	10
Örjan	10
Abaas	9
Abdelkrim	9
Abdirisaaq	9
Abdiwahab	9
Abdulhakim	9
Abedin	9
Admir	9
Akilles	9
Alexej	9
Alexios	9
Alexsander	9
Alpha	9
Amaar	9
Amor	9
Andri	9
Anes	9
Anse	9
Anssi-Petteri	9
Antti-Olavi	9
Ari-Antti	9
Ari-Tapani	9
Ari-Tapio	9
Ari-Veli	9
Arjan	9
Armaan	9
Arnaud	9
Arslan	9
Ashton	9
Atte-Pekka	9
Auri	9
Ayaan	9
Ayaz	9
Benno	9
Bile	9
Blendi	9
Bo-Gustav	9
Bojan	9
Brett	9
Callum	9
Caner	9
Carl-Anders	9
Carl-Michael	9
Casperi	9
Chia	9
Christo	9
Cihan	9
Claës	9
Cyril	9
Dang	9
Danyal	9
Dardan	9
Davood	9
Declan	9
Denny	9
Devran	9
Dogan	9
Ed	9
Ehab	9
Eijo	9
Eino-Veikko	9
Elie	9
Elmedin	9
Elmi	9
Emerson	9
Erdem	9
Erdi	9
Erhan	9
Erjon	9
Erki	9
Esam	9
Esat	9
Esa-Tapio	9
Esa-Ville	9
Etienne	9
Etvi	9
Ezekiel	9
Fahri	9
Falah	9
Fiilus	9
Filiph	9
Fjodor	9
Frédéric	9
Fridolf	9
Friedrich	9
Gábor	9
Ghaith	9
Gonzalo	9
Grant	9
Grim	9
Guy-Erik	9
Haaruun	9
Hakon	9
Hamidullah	9
Hamit	9
Hannu-Tapio	9
Harley	9
Harras	9
Harvey	9
Hassen	9
Haval	9
Heikka	9
Heikki-Jussi	9
Hemen	9
Hemn	9
Hunar	9
Huner	9
Ihab	9
Iisai	9
Ike	9
Iker	9
Iku	9
Ile	9
Ilian	9
Ilija	9
Illi	9
Jaarli	9
Jafet	9
Jallu	9
Jame	9
Jamo	9
Jani-Juhani	9
Jani-Tapani	9
Janne-Mikael	9
Janne-Veikko	9
János	9
Jari-Ville	9
Jarno-Petteri	9
Jassu	9
Jawad	9
Jean-Paul	9
Jere-Juhani	9
Jeremie	9
Jermo	9
Jerzy	9
Jesaja	9
Jesse-Matias	9
Jhonny	9
Jihad	9
Joaquin	9
Jofiel	9
Johnson	9
Jolle	9
Jones	9
Jorgos	9
Joutsi	9
Juha-Martti	9
Juha-Tapani	9
Juha-Tuomas	9
Juho-Eemeli	9
Jussimatti	9
Juuso-Matias	9
Kaimo	9
Kais	9
Kalev	9
Karan	9
Kari-Antti	9
Kari-Markus	9
Karimatti	9
Karl-Axel	9
Karl-Gunnar	9
Karl-Mikael	9
Keanu	9
Kim-Kristian	9
Kimmo-Petteri	9
Kimo	9
Kim-Peter	9
Kiran	9
Klaus-Erik	9
Knuutti	9
Lahoucine	9
Lamine	9
Lars-Ove	9
Lasse-Matti	9
Lauri-Kalle	9
Lei	9
Leonhard	9
Leslie	9
Levente	9
Lucian	9
Luciano	9
Lucius	9
Luigi	9
Luqmaan	9
Majed	9
Manoj	9
Mara	9
Master	9
Mathieu	9
Matjus	9
Mats-Johan	9
Matti-Oskari	9
Matti-Veikko	9
Micu	9
Miica	9
Mika-Antti	9
Mika-Tapani	9
Mikhael	9
Mikk	9
Mikka	9
Mikko-Samuli	9
Mikko-Tapio	9
Miko-Matias	9
Miksu	9
Mirac	9
Miska-Matias	9
Mokhtar	9
Mortaza	9
Naatan	9
Nataniel	9
Nenad	9
Nermin	9
Nero	9
Nesta	9
Nhut	9
Nicolae	9
Niikka	9
Niikko	9
Niko-Joonas	9
Oleksi	9
Oleksiy	9
Olli-Eemeli	9
Olli-Jukka	9
Olli-Kalle	9
Olli-Tapio	9
Oswald	9
Otto-Petteri	9
Otto-Wille	9
Owe	9
Parviz	9
Pasi-Petri	9
Pauli-Petteri	9
Petri-Mikael	9
Petrit	9
Preston	9
Puja	9
Quy	9
Rae	9
Raido	9
Rama	9
Ramil	9
Ranjit	9
Rasim	9
Reinhold	9
Reto	9
Rhys	9
Ricu	9
Riho	9
Roald	9
Roel	9
Rollo	9
Roni-Petteri	9
Ryszard	9
Saber	9
Sakarie	9
Samba	9
Samet	9
Sami-Seppo	9
Samu-Matias	9
Santi	9
Saulo	9
Shahzad	9
Sigvald	9
Silvio	9
Simo-Matti	9
Simone	9
Simo-Santeri	9
Soner	9
Sorjo	9
Stellan	9
Stig-Ole	9
Storm	9
Svantte	9
Sven-Ole	9
Taim	9
Tamim	9
Tatu-Petteri	9
Tayfun	9
Teljo	9
Teoman	9
Tero-Jukka	9
Thobias	9
Tian	9
Tibor	9
Tiger	9
Timon	9
Timo-Veikko	9
Timy	9
Tin	9
Tini	9
Tio	9
Tobia	9
Tom-Henrik	9
Tom-Johan	9
Tom-Peter	9
Tomppa	9
Ton	9
Torleif	9
Tung	9
Tyrsky	9
Uchenna	9
Vasileios	9
Vasilios	9
Veli-Seppo	9
Vi	9
Viktori	9
Vilbert	9
Vilkko	9
Ville-Erik	9
Villemarkus	9
Vilmo	9
Vincenzo	9
Walde	9
Wayne	9
Wilbert	9
Wing	9
Xhevdet	9
Yassir	9
Yll	9
Ylli	9
Yusif	9
Zachris	9
Zakhar	9
Zeki	9
Ziyad	9
Zoltan	9
Aadel	8
Aadi	8
Aatu-Eemeli	8
Abdelmalek	8
Abderrahman	8
Abdihakin	8
Abdikariim	8
Abdikarin	8
Abdimaalik	8
Abdou	8
Abdulfatah	8
Abdulmalik	8
Ade	8
Adriel	8
Aki-Ville	8
Allen	8
Amani	8
An	8
Anatolij	8
Anel	8
Angelos	8
Anouar	8
Ánte	8
Anttijuhani	8
Antti-Sakari	8
Apostolos	8
Arafat	8
Archie	8
Aref	8
Arimatti	8
Arnav	8
Arttu-Matti	8
Asaf	8
Atakan	8
Atef	8
Athanasios	8
Augusto	8
Ayan	8
Azizullah	8
Baboucarr	8
Bahri	8
Bakary	8
Balázs	8
Bao	8
Bart	8
Basri	8
Ben-Erik	8
Berkan	8
Bo-Anders	8
Bo-Gunnar	8
Boy	8
Brayan	8
Carl-Anton	8
Carl-Emil	8
Carl-Victor	8
Carl-Wilhelm	8
Carol	8
Celal	8
César	8
Chan	8
Chau	8
Cornelis	8
Cyrus	8
Daniar	8
Davud	8
Davut	8
Dawit	8
Deepak	8
Dejan	8
Deng	8
Denzel	8
Didar	8
Dijar	8
Domenico	8
Durim	8
Edouard	8
Eewert	8
Efosa	8
Eitan	8
Eka	8
Ekko	8
Eldin	8
Elisei	8
Emilian	8
Emmanouil	8
Ergin	8
Eris	8
Erkki-Juhani	8
Ermin	8
Ersin	8
Esa-Heikki	8
Esmail	8
Essa	8
Eyman	8
Ezel	8
Farouk	8
Farshad	8
Fazel	8
Fenix	8
Ferit	8
Fevzi	8
Filemon	8
Flamur	8
Flavio	8
Franck	8
Fynn	8
Gaurav	8
Gay	8
Gezim	8
Gino	8
Haarun	8
Hakki	8
Hannu-Petteri	8
Hanssi	8
Harri-Matti	8
Hashem	8
Hayrettin	8
Henri-Petteri	8
Henryk	8
Hesham	8
Hoai	8
Htoo	8
Hussam	8
Iakov	8
Ignat	8
Iiska	8
Ilyes	8
Iosif	8
Iro	8
Isam	8
Izet	8
Jaabir	8
Jaakko-Petteri	8
Jael	8
Jakim	8
Jan-Fredrik	8
Janne-Joonas	8
Jan-Ola	8
Jan-Olav	8
Jari-Tapani	8
Jarkka	8
Jarl-Olof	8
Jarmo-Juhani	8
Jaroel	8
Jemias	8
Jemil	8
Jere-Joonas	8
Jericho	8
Jerico	8
Jermi	8
Jia	8
Johnnie	8
Joonis	8
Juho-Joonas	8
Juho-Kustaa	8
Juho-Veikko	8
Jukka-Antero	8
Jussi-Antti	8
Jussi-Matias	8
Jyri-Jukka	8
Jöran	8
Kaarel	8
Kadri	8
Kaj-Gunnar	8
Kaj-Håkan	8
Kaj-Ole	8
Kalle-Heikki	8
Kari-Petri	8
Karl-Kristian	8
Karsten	8
Kayden	8
Kendrick	8
Kero	8
Kid	8
Kim-Mikael	8
Kimon	8
Knuut	8
Ko	8
Kofi	8
Konni	8
Kosar	8
Kwame	8
Köpi	8
Labinot	8
Lahcen	8
Larbi	8
Lars-Christian	8
Lars-Mikael	8
Lenno	8
Leone	8
Levent	8
Levin	8
Long	8
Lorens	8
Mac	8
Madis	8
Mahesh	8
Majd	8
Malakai	8
Maltti	8
Mani	8
Marino	8
Martino	8
Martti-Mikael	8
Marttin	8
Máté	8
Matej	8
Mateusz	8
Mattus	8
Matvej	8
Maunus	8
Maximilien	8
MD.	8
Mehrdad	8
Micha	8
Mihalis	8
Mihkal	8
Mihkku	8
Miika-Petteri	8
Mikaël	8
Mika-Kristian	8
Mikolas	8
Milco	8
Miljo	8
Mille	8
Milon	8
Milot	8
Miroel	8
Miro-Markus	8
Mixu	8
Mohamed-Amin	8
Monir	8
Mosku	8
Mouhamed	8
Mucaad	8
Muhanad	8
Mujtaba	8
Muniir	8
Murtaza	8
Muse	8
Muzaffer	8
Nahom	8
Najiib	8
Nante	8
Nazmi	8
Nehat	8
Neko	8
Nemanja	8
Nevzat	8
Nexhat	8
Nidal	8
Niilo-Pekka	8
Niklaus	8
Niko-Kristian	8
Niko-Matias	8
Nils-Henrik	8
Noak	8
Nyrki	8
Oguz	8
Olli-Markus	8
Olli-Petri	8
Olliver	8
Omran	8
Onnimanni	8
Onni-Petteri	8
Oren	8
Oumar	8
Papu	8
Patryk	8
Pau	8
Pave	8
Peetro	8
Pena	8
Perry	8
Petka	8
Peyman	8
Phuong	8
Priit	8
Pyry-Matti	8
Quinn	8
Raad	8
Radu	8
Raid	8
Raj	8
Ramy	8
Ran	8
Rasoul	8
Raúl	8
Rawand	8
Rayen	8
Reno	8
Rey	8
Ridha	8
Roby	8
Rolf-Erik	8
Romet	8
Rron	8
Rustam	8
Sabit	8
Saed	8
Sahal	8
Sahil	8
Saikou	8
Sakariya	8
Saleem	8
Salu	8
Samatar	8
Sami-Juhani	8
Sami-Kalle	8
Sami-Markus	8
Samsa	8
Sandeep	8
Sangar	8
Sarno	8
Saro	8
Sasu-Pekka	8
Savas	8
Sayd	8
Sebastián	8
Selahattin	8
Sergii	8
Sero	8
Seyyed	8
Shahab	8
Sharmake	8
Shukri	8
Sidi	8
Slava	8
Soufiane	8
Stanislaw	8
Sten-Erik	8
Suhayb	8
Suheib	8
Sulayman	8
Sumit	8
Suune	8
Sven-Åke	8
Svyatoslav	8
Tammi	8
Taner	8
Taulant	8
Tero-Tapani	8
Tewodros	8
Tex	8
Thim	8
Thony	8
Timofej	8
Timo-Tuomas	8
Tomme	8
Tom-Mikael	8
Tuncay	8
Tyr	8
Tyyko	8
Uku	8
Ulf-Göran	8
Uri	8
Urim	8
Vantte	8
Veele	8
Veli-Mies	8
Veton	8
Villehard	8
Ville-Jaakko	8
Vilpo	8
Vilppo	8
Vinnie	8
Vinsent	8
Visa-Valtteri	8
Vlad	8
Voldemar	8
Wahid	8
Walentin	8
Wali	8
Waqas	8
Wilgot	8
Willi	8
Win	8
Wyatt	8
Yasar	8
Yohannes	8
Yrjö-Pekka	8
Yuval	8
Zackarias	8
Zahir	8
Zayd	8
Zayn	8
Zebastian	8
Zeid	8
Zuhair	8
Aamir	7
Aaro-Matti	7
Aaroni	7
Aarush	7
Aayan	7
Abdeljalil	7
Abdelmajid	7
Abdigani	7
Abdihakiim	7
Abdilahi	7
Abdinur	7
Abdirashiid	7
Abdisalan	7
Abdisamed	7
Abdulwahid	7
Adonis	7
Aiham	7
Áilu	7
Aland	7
Alar	7
Alden	7
Aldur	7
Ales	7
Amanj	7
Amarjit	7
Amed	7
Amiel	7
Anand	7
Anastasios	7
Anian	7
Ansel	7
Ansumana	7
Antonin	7
Antti-Kustaa	7
Antti-Tuomas	7
Arbër	7
Ardi	7
Argjend	7
Arhippa	7
Aria	7
Ari-Kalle	7
Arje	7
Arjun	7
Arkko	7
Armen	7
Arpo	7
Arttu-Ville	7
Arvind	7
Asil	7
Asim	7
Atanas	7
Ato	7
Atticus	7
Aviel	7
Awat	7
Aymen	7
Ayrton	7
Babatunde	7
Bach	7
Bailey	7
Basim	7
Batuhan	7
Benedikt	7
Benn	7
Bent	7
Bernardo	7
Bishal	7
Blend	7
Bleron	7
Boes	7
Bora	7
Botond	7
Bouchaib	7
Burim	7
Carel	7
Cassius	7
Cédric	7
Chukwuemeka	7
Chung	7
Claes-Göran	7
Coskun	7
Cumhur	7
Curtis	7
Dane	7
Darko	7
Daryl	7
Davis	7
Deeq	7
Domenic	7
Domi	7
Doron	7
Ebou	7
Edson	7
Eeben	7
Eedvin	7
Eemili	7
Eemos	7
Eenok	7
Eepu	7
Efim	7
Egert	7
Eicca	7
Ejvind	7
Eloi	7
Enno	7
Enoch	7
Erdogan	7
Erik-Mikael	7
Erjo	7
Esad	7
Esa-Jukka	7
Esa-Mikko	7
Esko-Juhani	7
Esko-Matti	7
Essam	7
Even	7
Evgenij	7
Ewald	7
Faik	7
Farhaan	7
Fatlum	7
Feeti	7
Ferid	7
Fuat	7
Gene	7
Gentrit	7
Gerd	7
Gianni	7
Gusten	7
Günter	7
Halmat	7
Hannu-Tapani	7
Harding	7
Haroon	7
Hasen	7
Hatem	7
Hazar	7
Hazem	7
Heikki-Mikael	7
Heka	7
Hesse	7
Hilmi	7
Hilpi	7
Hjalte	7
Hugh	7
Iain	7
Iaroslav	7
Iason	7
Idan	7
Ifeanyi	7
Ignacio	7
Iika	7
Iiro-Matti	7
Ilker	7
Ilkka-Christian	7
Ilkka-Matti	7
Ilkka-Tapio	7
Imer	7
Ingo	7
Istvan	7
Jaakkima	7
Jaakko-Ilkka	7
Jacek	7
Jackie	7
Jahangir	7
Jan-Juhani	7
Janne-Kalle	7
Jannu	7
Jan-Otto	7
Jan-Petteri	7
Jan-Robert	7
Jan-Stefan	7
Jarke	7
Jarkko-Petteri	7
Jarne	7
Jarno-Pekka	7
Jaspar	7
Jeehu	7
Jere-Markus	7
Jiri-Pekka	7
Joey	7
Joni-Jussi	7
Jonis	7
Joppe	7
Joris	7
Josep	7
Jouni-Petteri	7
Joy	7
Juha-Matias	7
Juha-Pentti	7
Juho-Erkki	7
Jukka-Sakari	7
Jukka-Veikko	7
Jukka-Veli	7
Jukka-Ville	7
Juli	7
Jussi-Tapio	7
Kaamos	7
Kadar	7
Kael	7
Kaido	7
Kai-Henrik	7
Kain	7
Kaj-Christian	7
Kalle-Matias	7
Kamaran	7
Kamel	7
Kane	7
Kari-Erik	7
Karl-Emil	7
Karl-Göran	7
Kasra	7
Kassius	7
Kazi	7
Kemo	7
Kenzo	7
Keon	7
Kjell-Ove	7
Koa	7
Kolja	7
Kosmos	7
Kuu	7
Kyrö	7
Kössi	7
Laszlo	7
Lauri-Matias	7
Lauri-Petteri	7
Laurus	7
Layth	7
Leevi-Kalle	7
Leewi	7
Leif-Johan	7
Lembit	7
Leo-Petteri	7
Liang	7
Loki	7
Lore	7
Lucien	7
Lukman	7
Luna	7
Maciej	7
Maco	7
Maël	7
Maksimus	7
Manolis	7
Mansoor	7
Maslah	7
Matheus	7
Mathew	7
Mats-Peter	7
Matti-Eemeli	7
Matti-Veli	7
Maximo	7
Max-Mikael	7
Melih	7
Michalis	7
Mido	7
Migel	7
Mihály	7
Miikka-Markus	7
Miikka-Pekka	7
Miikka-Petteri	7
Miikus	7
Mijo	7
Mika-Matias	7
Mika-Veli	7
Mikkal	7
Mikko-Aleksi	7
Miklo	7
Miko-Matti	7
Miliam	7
Miro-Pekka	7
Mitchell	7
Mohamedamiin	7
Mohamed-Amiin	7
Mohan	7
Moris	7
Mousa	7
Muhammet	7
Muktar	7
Muntadar	7
Mursal	7
Mus'ab	7
Muuse	7
Myytti	7
Namo	7
Nana	7
Nate	7
Nicodemus	7
Nihad	7
Nikhil	7
Nikla	7
Niko-Aleksi	7
Niko-Oskari	7
Nir	7
Nirmal	7
Nuuh	7
Odert	7
Oka	7
Okku	7
Olli-Matias	7
Olli-Veikka	7
Olti	7
Orjo	7
Orvar	7
Oski	7
Otto-Elias	7
Oussama	7
Ozzy	7
Paavo-Petteri	7
Pan	7
Paris	7
Pasi-Heikki	7
Patricio	7
Peetter	7
Per-Ola	7
Per-Ove	7
Perparim	7
Phong	7
Puro	7
Putte	7
Qendrim	7
Rabah	7
Raffaele	7
Ragip	7
Raja	7
Rajesh	7
Rakesh	7
Rami-Petteri	7
Ramyar	7
Rauli-Pekka	7
Rayane	7
Reemi	7
Reinhard	7
Reipas	7
Ren	7
Renee	7
Resul	7
Rezgar	7
Riku-Antti	7
Rizgar	7
Róbert	7
Rodolfo	7
Rohit	7
Roma	7
Roniel	7
Rowan	7
Russell	7
Ruurik	7
Ryder	7
Saban	7
Safa	7
Safaa	7
Sainey	7
Sajid	7
Sakkeus	7
Sami-Heikki	7
Sami-Mikael	7
Samipekka	7
Samvel	7
Sandy	7
Santtu-Matti	7
Saroj	7
Sauvo	7
Seamus	7
Sefer	7
Senol	7
Serko	7
Shah	7
Shakir	7
Shay	7
Shefqet	7
Si	7
Simo-Samuli	7
Simo-Veikko	7
Sipri	7
Sol	7
Soren	7
Soroush	7
Steffan	7
Stenka	7
Suat	7
Subhan	7
Suresh	7
Sven-Gustav	7
Sylvesteri	7
Søren	7
Tadeusz	7
Taku	7
Tare	7
Tarkan	7
Taylor	7
Teemu-Tapio	7
Teino	7
Teno	7
Thamer	7
Theodoros	7
Thor-Björn	7
Timo-Petri	7
Timo-Ville	7
Tomi-Juhani	7
Tomi-Jussi	7
Toni-Ville	7
Topi-Petteri	7
Tor-Leif	7
Toto	7
Troi	7
Tuhto	7
Ulf-Peter	7
Vaatu	7
Vadym	7
Valerian	7
Valton	7
Valtu	7
Vasilii	7
Veeti-Viljami	7
Venkata	7
Vesa-Jaakko	7
Vesa-Juhani	7
Vesa-Markus	7
Vikki	7
Vili-Eemeli	7
Vili-Matti	7
Vilius	7
Vilkku	7
Ville-Henrik	7
Ville-Pentti	7
Ville-Verneri	7
Villy	7
Vince	7
Voltti	7
Väinä	7
Wallu	7
Waltti	7
Wiking	7
Willjam	7
Xhavit	7
Yani	7
Yazid	7
Ye	7
Ylber	7
Yonas	7
Yoni	7
Younus	7
Yunis	7
Yves	7
Zahar	7
Zahid	7
Zaman	7
Zane	7
Zeljko	7
Ziggy	7
A	6
Aage	6
Aahil	6
Aamo	6
Aapa	6
Aapel	6
Aarón	6
Aatu-Oskari	6
Abdelhak	6
Abdelhakim	6
Abderahman	6
Abdijabar	6
Abdiladif	6
Abdirazak	6
Abdisalaan	6
Abdiwahid	6
Abdulgadir	6
Abdulmajid	6
Abduqadir	6
Abdurrahim	6
Abed	6
Abolfazl	6
Abubakr	6
Abul	6
Achraf	6
Acke	6
Ádám	6
Adama	6
Age	6
Agust	6
Ahad	6
Aidin	6
Aivo	6
Ajay	6
Akar	6
Aki-Markus	6
Akin	6
Akipekka	6
Akito	6
Aku-Kimmo	6
Aku-Oskari	6
Aleksandre	6
Alem	6
Alexanteri	6
Aliaksandr	6
Alim	6
Alistair	6
Almer	6
Almin	6
Alonso	6
Amanuel	6
Anmar	6
Antonius	6
Antrei	6
Antti-Aleksi	6
Antti-Eemil	6
Antti-Ilmari	6
Antti-Juhana	6
Antti-Markus	6
Anttony	6
Aqeel	6
Arik	6
Ari-Kristian	6
Ari-Mikael	6
Ari-Seppo	6
Arndt	6
Aros	6
Arran	6
Arseniy	6
Arshan	6
Arssi	6
Artemii	6
Artemiy	6
Arti	6
Arttu-Petteri	6
Ashley	6
Asif	6
Atte-Petteri	6
Atte-Ville	6
Aulo	6
Aus	6
Aviv	6
Aweys	6
Ayaanle	6
Ayanle	6
Aye	6
Ayham	6
Bai	6
Balen	6
Barzan	6
Behrouz	6
Bence	6
Bengt-Göran	6
Bengt-Johan	6
Benito	6
Bero	6
Bishnu	6
Bo-Eric	6
Bo-Håkan	6
Bo-Johan	6
Boran	6
Borhan	6
Brendon	6
Cahit	6
Carl-Peter	6
Carmelo	6
Cenneth	6
Chandra	6
Cheng	6
Chidi	6
Cimraan	6
Ciprian	6
Claes-Henrik	6
Clark	6
Clas-Erik	6
Cliff	6
Clifford	6
Constantinos	6
Cristoffer	6
Daani	6
Damiel	6
Dan-Mikael	6
Danne	6
Dan-Olof	6
Daryoush	6
Davinder	6
Davit	6
Dawood	6
Devid	6
Dillon	6
Djamel	6
Dler	6
Donart	6
Donat	6
Donny	6
Donovan	6
Dren	6
Drin	6
Duong	6
Ebbot	6
Edel	6
Edip	6
Edoardo	6
Edric	6
Eedi	6
Eelu	6
Eepo	6
Eero-Antti	6
Eero-Heikki	6
Eero-Juhani	6
Eero-Matias	6
Eetu-Kalle	6
Eino-Matti	6
Eko	6
Elija	6
Elvedin	6
Emirhan	6
Enki	6
Ennio	6
Enrik	6
Enssi	6
Eppu-Oskari	6
Era	6
Erblin	6
Erkka-Ville	6
Ermal	6
Ermias	6
Ermir	6
Eros	6
Erto	6
Esa-Veikko	6
Evans	6
Evren	6
Fadhil	6
Fahd	6
Faiz	6
Farshid	6
Fawzi	6
Festim	6
Festus	6
Flego	6
Florin	6
Foad	6
Fuaad	6
Gaël	6
Gentian	6
Giancarlo	6
Gianmarco	6
Gibril	6
Gilad	6
Giorgos	6
Graeme	6
Gui	6
Guleed	6
Günther	6
Gzim	6
Haashim	6
Hafid	6
Hakeem	6
Haki	6
Halvar	6
Hamdan	6
Hameed	6
Hammad	6
Hans-Mikael	6
Harri-Juhani	6
Harri-Petteri	6
Harri-Tapio	6
Hassane	6
Hawre	6
Heikki-Petteri	6
Heikki-Veli	6
Heiko	6
Henok	6
Henri-Markus	6
Hersh	6
Hille	6
Holden	6
Hossam	6
Hozan	6
Hudson	6
Huvi	6
Ibragim	6
Iggy	6
Iise	6
Iivu	6
Ikechukwu	6
Ildar	6
Inti	6
Iraj	6
Ishan	6
Ishaq	6
Isman	6
Jaakko-Veikko	6
Jaaro	6
Jabbar	6
Jabir	6
Jacky	6
Jahje	6
Jammu	6
Jan-Axel	6
Jan-Daniel	6
Jani-Aleksi	6
Jani-Erik	6
Jani-Henrik	6
Jani-Tapio	6
Janiv	6
Jan-Marcus	6
Janne-Jukka	6
Janne-Kristian	6
Janne-Matias	6
Janne-Tapio	6
Jan-Petter	6
Jarel	6
Jari-Seppo	6
Jari-Vesa	6
Jarkko-Matti	6
Jaser	6
Jasi	6
Jasser	6
Jassin	6
Jatro	6
Jean-Erik	6
Jean-Peter	6
Jean-Pierre	6
Jehu	6
Jekku	6
Jere-Kristian	6
Jeroen	6
Jesse-Joonatan	6
Jesse-Julius	6
Jin	6
Joda	6
Johan-Henrik	6
John-Peter	6
Jokko	6
Jón	6
Joni-Mikko	6
Joni-Oskari	6
Joni-Ville	6
Joona-Aleksi	6
Joona-Mikael	6
Joona-Oskari	6
Jordi	6
Jose-Pekka	6
Jouni-Tapio	6
József	6
Juho-Eerik	6
Juho-Markus	6
Juho-Olli	6
Juho-Perttu	6
Juho-Petri	6
Juho-Santeri	6
Juho-Valtteri	6
Juice	6
Julias	6
Junes	6
Jurii	6
Jusif	6
Jussi-Eemeli	6
Jussi-Veikko	6
Juuda	6
Juuso-Matti	6
Juuso-Ville	6
Jyri-Ville	6
Kaarl	6
Kabir	6
Kacper	6
Kai-Heikki	6
Kaj-Göran	6
Kaj-Markus	6
Kali	6
Kallas	6
Kalle-Aleksi	6
Kallepekka	6
Kara	6
Karen	6
Kari-Veli	6
Karl-August	6
Karl-Eric	6
Kashif	6
Kaur	6
Kaya	6
Kazim	6
Keivan	6
Khalif	6
Khanh	6
Kimi-Petteri	6
Kin	6
Klaes	6
Klaus-Peter	6
Kreshnik	6
Ku	6
Kujtim	6
Kuldeep	6
Kyaw	6
Landon	6
Lari-Markus	6
Lars-Gunnar	6
Lars-Gustav	6
Lassi-Matias	6
Lassi-Petteri	6
Laurence	6
Lauri-Veikko	6
Lawand	6
Lawi	6
Leevi-Eemeli	6
Leifi	6
Leutrim	6
Levon	6
Liiam	6
Lo	6
Loa	6
Loghman	6
Lokman	6
Lorent	6
Lucio	6
Ly	6
Lyon	6
Mael	6
Magdi	6
Magomed	6
Mahamuud	6
Maikel	6
Maksimilian	6
Manjit	6
Markku-Tapio	6
Márton	6
Martti-Juhani	6
Matan	6
Matz	6
Mauri-Antero	6
Mauri-Pekka	6
Maurizio	6
Mero	6
Mervan	6
Mesfin	6
Metehan	6
Micheal	6
Mihael	6
Miikku	6
Mika-Antero	6
Mikko-Heikki	6
Mikko-Johannes	6
Mikko-Markus	6
Miko-Markus	6
Miko-Petteri	6
Mikos	6
Mirek	6
Misko	6
Mladen	6
Mowlid	6
Muayad	6
Muqtar	6
Naattan	6
Naava	6
Nabaz	6
Naeem	6
Nart	6
Nasri	6
Natnael	6
Nazir	6
Nevin	6
Niall	6
Nicki	6
Nicolaus	6
Nico-Pekka	6
Nigel	6
Niiko	6
Nik	6
Niko-Juhani	6
Niko-Mikael	6
Niko-Teemu	6
Nil	6
Nils-Christian	6
Nils-Emil	6
Nils-Åke	6
Nurettin	6
Obi	6
Odd	6
Oguzhan	6
Oisín	6
Okko-Pekka	6
Olai	6
Olaus	6
Olli-Jaakko	6
Olli-Sakari	6
Olli-Tuomas	6
Omed	6
Omri	6
Onni-Elias	6
Onni-Ville	6
Ontrei	6
Ooke	6
Oras	6
Orges	6
Orson	6
Otro	6
Otto-Aleksi	6
Ottu	6
Oula-Antti	6
Outa	6
Pasi-Jukka	6
Pauli-Pekka	6
Payman	6
Pekka-Eemeli	6
Pekka-Veikko	6
Pekki	6
Peppe	6
Petri-Tapani	6
Piera	6
Pouta	6
Pouya	6
Prakash	6
Pål	6
Pär-Olof	6
Quentin	6
Rabi	6
Rabih	6
Radi	6
Raheem	6
Raif	6
Railo	6
Ralf-Erik	6
Rana	6
Rashad	6
Rasheed	6
Raune	6
Rayyan	6
Redon	6
Redouane	6
Rento	6
Repo	6
Rikhart	6
Rikke	6
Riku-Jussi	6
Riku-Matias	6
Riku-Oskari	6
Riza	6
Rober	6
Roberth	6
Rock	6
Roderick	6
Rohat	6
Roj	6
Ronie	6
Ronin	6
Ronn	6
Roo	6
Routa	6
Rubén	6
Rubin	6
Ruuno	6
Saadaq	6
Sadiiq	6
Sadri	6
Safi	6
Sagar	6
Sager	6
Saied	6
Samar	6
Samil	6
Sami-Tapio	6
Samuil	6
Sanel	6
Sanfrid	6
Santosh	6
Saqib	6
Sasan	6
Sasu-Matti	6
Sasu-Petteri	6
Savelii	6
Seem	6
Seid	6
Seikko	6
Sepe	6
Sercan	6
Severin	6
Severus	6
Seydou	6
Shafici	6
Shahriar	6
Shahrokh	6
Shalom	6
Shamil	6
Sherzad	6
Shorsh	6
Sidney	6
Signar	6
Simen	6
Sipo	6
Sky	6
Slawomir	6
Smail	6
Sofian	6
Son	6
Sorri	6
Sri	6
Star	6
Stergios	6
Stig-Björn	6
Stig-Johan	6
Stiven	6
Sturle	6
Suad	6
Sufyan	6
Suleman	6
Suleymaan	6
Surya	6
Sven-Göran	6
Taif	6
Tal	6
Tamir	6
Tanveer	6
Tari	6
Teemu-Santeri	6
Teiko	6
Teivo	6
Téo	6
Tervo	6
Tesfaye	6
Than	6
Thierry	6
Thilo	6
Thom	6
Tihon	6
Tiikka	6
Tiit	6
Timmie	6
Timmo	6
Timo-Antti	6
Timo-Mikko	6
Timotei	6
Tolga	6
Tom-Christian	6
Tomi-Kristian	6
Tomi-Petri	6
Tomi-Tapio	6
Tong	6
Toni-Tapani	6
Topia	6
Tor-Alf	6
Turgay	6
Ty	6
Ukko-Matti	6
Uthman	6
Valmir	6
Vasil	6
Vasko	6
Veli-Sakari	6
Venner	6
Vento	6
Vesa-Jussi	6
Vesa-Markku	6
Vesapekka	6
Vesse	6
Vesteri	6
Vilias	6
Vili-Santeri	6
Vili-Waltteri	6
Vilke	6
Ville-Petri	6
Ville-Santeri	6
Ville-Vertti	6
Vilpertti	6
Vinston	6
Vittorio	6
Vivek	6
Väinö-Valtteri	6
Wassim	6
Weli	6
Wesa	6
Wilbur	6
Wilde	6
Willie	6
Yang	6
Yaseen	6
Yashar	6
Yasiin	6
Yi	6
Yong	6
Yotam	6
Yunes	6
Zac	6
Zach	6
Zagros	6
Zbigniew	6
Zeeshan	6
Önder	6
Özkan	6
Aadan	5
Aadil	5
Aayush	5
Abdala	5
Abdelhafid	5
Abdelilah	5
Abderrazak	5
Abdiaziiz	5
Abdifitah	5
Abdikafi	5
Abdiqadar	5
Abdi-Rahman	5
Abdirizaq	5
Abdishakuur	5
Abdo	5
Abdollah	5
Abdula	5
Abdulhamid	5
Abdul-Malik	5
Abdurahim	5
Abhishek	5
Abid	5
Abiodun	5
Abram	5
Abrar	5
Abubacarr	5
Abuukar	5
Adebayo	5
Adedeji	5
Adekunle	5
Ademola	5
Adeola	5
Adeyemi	5
Adian	5
Adib	5
Adin	5
Adnane	5
Ado	5
Adriatik	5
Adyan	5
Afonso	5
Ahmednur	5
Ain	5
Aitor	5
Akash	5
Akeem	5
Aki-Juhani	5
Ákos	5
Aku-Kalle	5
Aku-Matias	5
Aladin	5
Aleksa	5
Aleksandrs	5
Aleksi-Matias	5
Alfa	5
Almo	5
Alo	5
Alrik	5
Amandeep	5
Ammaar	5
Ana	5
Anass	5
Ánde	5
Andras	5
Andrè	5
Andrian	5
Andro	5
Anir	5
Anish	5
Ankit	5
Anni	5
Anri	5
Anselmo	5
Anssi-Jukka	5
Antar	5
Anteri	5
Anthoni	5
António	5
Antro	5
Ants	5
Antti-Johannes	5
Antti-Kalle	5
Anttimatti	5
Antti-Tapani	5
Anup	5
Aramis	5
Ardalan	5
Arden	5
Arel	5
Arianit	5
Arie	5
Ari-Jaakko	5
Arijan	5
Ari-Kalevi	5
Ari-Markus	5
Arkady	5
Arnel	5
Árpád	5
Arshia	5
Arto-Matti	5
Artour	5
Asadullah	5
Ashok	5
Ashwin	5
Ask	5
Askhab	5
Asko-Pekka	5
Asmir	5
Athos	5
Atif	5
Atte-Eemeli	5
Atti	5
Atto	5
Augustus	5
Auli	5
Aung	5
Auron	5
Avar	5
Aykut	5
Ayyub	5
Azzeddine	5
Bahattin	5
Bahoz	5
Bakari	5
Bakr	5
Barnabas	5
Basel	5
Basir	5
Bedirhan	5
Benaja	5
Beniamin	5
Berndt-Johan	5
Besfort	5
Besian	5
Besmir	5
Bewar	5
Bijan	5
Binyamin	5
Birol	5
Bjorn	5
Bleon	5
Blerton	5
Bo-Christer	5
Bo-Henrik	5
Bowen	5
Brent	5
Bror-Åke	5
Byron	5
Caijus	5
Caio	5
Caj-Erik	5
Carl-Oskar	5
Carl-Otto	5
Cayden	5
Çetin	5
Charl	5
Charly	5
Cheikh	5
Chibuike	5
Chidera	5
Chimezie	5
Chinedum	5
Chol	5
Christiano	5
Chun	5
Cimi	5
Clarence	5
Clas-Henrik	5
Clas-Åke	5
Clayton	5
Clement	5
Cornelius	5
Cristofer	5
Cuong	5
Dahen	5
Dalmar	5
Dalton	5
Danijel	5
Dat	5
Dávid	5
Dawda	5
Devansh	5
Di	5
Diamant	5
Dieter	5
Diler	5
Dimitrij	5
Dinesh	5
Dior	5
Doan	5
Dony	5
Dragan	5
Dustin	5
Dzenan	5
Eduart	5
Edvi	5
Eero-Oskari	5
Eetu-Eemeli	5
Eetu-Elmeri	5
Eetu-Matias	5
Eetu-Mikael	5
Eetu-Valtteri	5
Eino-Olli	5
Eino-Ville	5
Eke	5
Ekin	5
Elai	5
Eliahu	5
Eljami	5
Eman	5
Emanuele	5
Emilia	5
Emilien	5
Endel	5
Ender	5
Enea	5
Enzio	5
Ephraim	5
Eppe	5
Eran	5
Erez	5
Ergo	5
Erkki-Sakari	5
Erni	5
Ervi	5
Esa-Juhani	5
Esa-Veli	5
Esko-Pekka	5
Everett	5
Eyob	5
Eyüp	5
Faarah	5
Fabien	5
Fabrizio	5
Fady	5
Fahrudin	5
Farbod	5
Faustin	5
Fazal	5
Femi	5
Feng	5
Fethi	5
Fidaim	5
Filippos	5
Franklyn	5
Frans-Eemil	5
Frans-Oscar	5
Frederic	5
Frejvid	5
Frode	5
Gagan	5
Gal	5
Ganesh	5
Gard	5
Garth	5
Gaspard	5
Gaston	5
Gautam	5
Genc	5
Gennadii	5
Gent	5
Gergely	5
Ghali	5
Gilberto	5
Giorgi	5
Godfrey	5
Gopal	5
Greg	5
Guilherme	5
Guillaume	5
Gunnari	5
Gyula	5
Hafiz	5
Haiku	5
Haim	5
Hajrudin	5
Hannu-Matias	5
Hans-Christer	5
Hans-Jürgen	5
Hans-Ole	5
Harel	5
Harem	5
Harpreet	5
Harry-Pekka	5
Hartte	5
Hasim	5
Hatim	5
Haukar	5
Heigo	5
Helmuth	5
Hemin	5
Henrick	5
Hentry	5
Hewa	5
Hoa	5
Hook	5
Hosein	5
Hossain	5
Hubertus	5
Håkon	5
Ibrahima	5
Idor	5
Idriss	5
Iivan	5
Ilarion	5
Ilkay	5
Imed	5
Indra	5
Ira	5
Isaak	5
Isai	5
Ishaaq	5
Ismaan	5
Issam	5
Isuf	5
Itai	5
Itamar	5
Iver	5
Iwan	5
Jaakoppi	5
Jade	5
Jadon	5
Jahja	5
Jahvetti	5
Jai	5
Jaiden	5
Jairi	5
Jamin	5
Jami-Pekka	5
Jammi	5
Jamppa	5
Janar	5
Janec	5
Jan-Henry	5
Jan-Matias	5
Janne-Antti	5
Janne-Petri	5
Janni	5
Jan-Oskar	5
Jan-Petri	5
Jari-Kalle	5
Jari-Marko	5
Jarno-Juhani	5
Jawid	5
Jean-Claude	5
Jean-Michel	5
Jed	5
Jeetu	5
Jekki	5
Jens-Erik	5
Jera	5
Jérémie	5
Jere-Santeri	5
Jeriel	5
Jeter	5
Jhon	5
Jilo	5
Joaquim	5
Johan-Kristian	5
Jonathon	5
Jonel	5
Jon-Henrik	5
Joni-Jukka	5
Jonimatti	5
Joni-Santeri	5
Jonn	5
Joon	5
Joona-Kristian	5
Joram	5
Josue	5
Jovnna	5
Juha-Erik	5
Juha-Kalle	5
Juho-Lauri	5
Juho-Otto	5
Jukka-Joonas	5
Jukkamatti	5
Jussi-Mikael	5
Jussi-Oskari	5
Jussi-Tapani	5
Juuso-Valtteri	5
Jyrki-Petteri	5
Jöns	5
Kaaro	5
Kader	5
Kadhim	5
Kai-Jukka	5
Kai-Peter	5
Kaj-Anders	5
Kaj-Christer	5
Kaj-Eric	5
Kaj-Kristian	5
Kaj-Peter	5
Kalle-Erik	5
Kalle-Hermanni	5
Kalle-Kustaa	5
Kalle-Samuli	5
Kalle-Tapani	5
Kam	5
Kari-Antero	5
Kari-Heikki	5
Kari-Kristian	5
Kari-Mikael	5
Karl-Fredrik	5
Karli	5
Karl-Wilhelm	5
Kastor	5
Kauro	5
Kayode	5
Kazem	5
Kenta	5
Kent-Johan	5
Kettil	5
Keven	5
Keyse	5
Keyvan	5
Khai	5
Kiarash	5
Killian	5
Kimmo-Juhani	5
Kimmo-Pekka	5
Kinan	5
Kirk	5
Kjell-Johan	5
Koray	5
Kourosh	5
Krasimir	5
Krenar	5
Kristijan	5
Kron	5
Kumar	5
Kwaku	5
Kwan	5
Kyan	5
Lai	5
Lari-Antti	5
Lari-Mikko	5
Laripekka	5
Lászlo	5
Laurens	5
Lauri-Heikki	5
Lauri-Jaakko	5
Lauri-Johannes	5
Lauripekka	5
Lauri-Ville	5
Lawin	5
Lazaro	5
Leri	5
Levan	5
Lewi	5
Li	5
Loran	5
Loren	5
Lorian	5
Lothar	5
Lütfi	5
Maamar	5
Maarten	5
Mads	5
Magan	5
Magdy	5
Maged	5
Mahamad	5
Mahin	5
Mamdouh	5
Man	5
Mansuur	5
Manu-Pekka	5
Markkus	5
Marko-Kristian	5
Marley	5
Maro	5
Marouan	5
Marten	5
Marti	5
Martti-Pekka	5
Maruan	5
Mateen	5
Matéo	5
Mathéo	5
Mati	5
Matías	5
Matti-Olavi	5
Maximiliano	5
Maximos	5
Mazhar	5
Med	5
Mehmed	5
Meir	5
Memet	5
Memo	5
Mensur	5
Mhd	5
Michelangelo	5
Micki	5
Mietti	5
Miha	5
Miico	5
Miika-Juhani	5
Miikka-Aleksi	5
Miikko	5
Miitrei	5
Miitro	5
Mikaeli	5
Mikko-Ilmari	5
Mikko-Sakari	5
Mikko-Veli	5
Mikla	5
Mile	5
Milen	5
Minos	5
Miraç	5
Mircea	5
Mirhat	5
Mirnes	5
Miró	5
Moataz	5
Mohamedamin	5
Mohammadreza	5
Mohd	5
Mohsin	5
Mon	5
Monty	5
Moshe	5
Moulay	5
Mowliid	5
Muadh	5
Mucad	5
Mudassar	5
Muhudiin	5
Mukhtaar	5
Mykhaylo	5
Myles	5
Märt	5
Nabin	5
Narek	5
Naseer	5
Nassir	5
Natthaphon	5
Nay	5
Nedal	5
Neel	5
Nehemia	5
Nels	5
Neville	5
Nghia	5
Ngo	5
Nicoló	5
Nicolò	5
Nihal	5
Niillas	5
Nika	5
Nikan	5
Nikanor	5
Niko-Erik	5
Niko-Jussi	5
Niko-Santeri	5
Niko-Tapio	5
Niko-Valtteri	5
Niku-Petteri	5
Niky	5
Nilas	5
Noman	5
Nor	5
Nori	5
Nuri	5
Nyyti	5
Obed	5
Olakunle	5
Olalekan	5
Oleh	5
Oleksii	5
Olev	5
Olli-Aleksi	5
Olli-Valtteri	5
Olufemi	5
Onni-Eemil	5
Onni-Hermanni	5
Onnipekka	5
Onni-Veikko	5
Or	5
Orestis	5
Osamah	5
Osei	5
Osmi	5
Oso	5
Osse	5
Ossi-Matti	5
Osvaldo	5
Otso-Pekka	5
Otto-Matti	5
Oulas	5
Ousainou	5
Ovidiu	5
Paavo-Matti	5
Paavo-Pekka	5
Paco	5
Pak	5
Panajotis	5
Parham	5
Pasi-Juhani	5
Pasi-Markus	5
Pasi-Veikko	5
Paw	5
Payam	5
Peeta	5
Peetus	5
Pehr-Johan	5
Peiman	5
Pekka-Matti	5
Pekka-Tapio	5
Pele	5
Peng	5
Pentti-Juhani	5
Peo	5
Pera	5
Per-Mikael	5
Pertti-Juhani	5
Petri-Markus	5
Pham	5
Pierce	5
Poika	5
Pouria	5
Poyraz	5
Pravin	5
Predrag	5
Qaasim	5
Qusai	5
Qusay	5
Rabin	5
Radomir	5
Rafe	5
Raffaello	5
Rahand	5
Raiku	5
Rajiv	5
Raku	5
Rami-Matti	5
Ramo	5
Ramtin	5
Rasa	5
Ravil	5
Rawad	5
Reco	5
Reece	5
Reettu	5
Reginald	5
Rego	5
Rehan	5
Reis	5
Rémy	5
Renzo	5
Reyansh	5
Rifat	5
Rihard	5
Riku-Juhani	5
Riku-Mikko	5
Rishi	5
Risse	5
Risto-Juhani	5
Risto-Sakari	5
Rogert	5
Rohullah	5
Rolando	5
Roméo	5
Roni-Mikael	5
Roni-Pekka	5
Ronit	5
Roope-Rasmus	5
Rori	5
Rossi	5
Rostam	5
Rrahim	5
Rudolph	5
Ruupe	5
Ruuti	5
Saacid	5
Sa'ad	5
Saamo	5
Sahel	5
Sahir	5
Saihou	5
Saku-Mikko	5
Salad	5
Salama	5
Saleban	5
Salo	5
Samad	5
Samae	5
Sameh	5
Samiel	5
Sami-Henrik	5
Sami-Jaakko	5
Sami-Sebastian	5
Sami-Tapani	5
Sami-Veikko	5
Sammi	5
Samu-Matti	5
Sanjeev	5
Santtu-Petteri	5
Sarbast	5
Sarkaut	5
Sattar	5
Séan	5
Sebastiano	5
Seedy	5
Sehmus	5
Selçuk	5
Selmi	5
Semjon	5
Sepi	5
Seri	5
Sever	5
Sezgin	5
Shaban	5
Shai	5
Shaip	5
Shamal	5
Shams	5
Shan	5
Shiva	5
Shlomo	5
Shpend	5
Shpetim	5
Silmu	5
Simo-Sakari	5
Simo-Ville	5
Siro	5
Sisu-Petteri	5
Siu	5
Sivan	5
Skyler	5
Slim	5
Spiridon	5
Spiros	5
Stan	5
Stelios	5
Stig-Henrik	5
Stoyan	5
Sudais	5
Suheil	5
Sulejman	5
Suliman	5
Svein	5
Sysi	5
Ta	5
Tahar	5
Tahmid	5
Taiga	5
Talvi	5
Tawan	5
Tayyab	5
Teddie	5
Teemu-Eemeli	5
Teemu-Oskari	5
Teemu-Tapani	5
Teho	5
Teini	5
Tero-Antti	5
Tero-Heikki	5
Tero-Juhani	5
Tero-Markus	5
Tero-Petri	5
Terri	5
Timo-Markus	5
Timo-Olli	5
Timopekka	5
Timppa	5
Tintti	5
Tobi	5
Toivo-Olavi	5
Tome	5
Tomi-Heikki	5
Tomi-Jukka	5
Tomislav	5
Tommi-Tapio	5
Toni-Erik	5
Topi-Antti	5
Topi-Oskari	5
Topi-Valtteri	5
Tor-Gunnar	5
Toufik	5
Trey	5
Tunna	5
Tuomas-Petteri	5
Turan	5
Turgut	5
Turja	5
Tuuka	5
Tuukka-Matias	5
Tuukka-Pekka	5
Tuuri	5
Ui	5
Ulf-Johan	5
Umed	5
Unho	5
Unik	5
Uriel	5
Urmo	5
Urs	5
Usaama	5
Utti	5
Uuri	5
Uyi	5
Valdet	5
Valentine	5
Valerio	5
Valtari	5
Vasco	5
Vasile	5
Veera	5
Veeti-Waltteri	5
Veikka-Pekka	5
Veikko-Pekka	5
Veli-Juha	5
Veli-Viljami	5
Veljo	5
Venho	5
Venno	5
Verno	5
Vernon	5
Vesku	5
Veysel	5
Veysi	5
Vicktor	5
Vigo	5
Viku	5
Vilde	5
Vile	5
Vilho-Valtteri	5
Viljar	5
Vilkka	5
Villem	5
Ville-Paavo	5
Ville-Väinö	5
Vimme	5
Vini	5
Vinny	5
Vinod	5
Vo	5
Vuk	5
Väinämö	5
Väinö-Viljami	5
Wahab	5
Warsame	5
Welmeri	5
Wenzel	5
Wilko	5
Wille-Veikko	5
Williams	5
Wissam	5
Woitto	5
Y	5
Yaasiin	5
Yanis	5
Yari	5
Yaron	5
Yaw	5
Yehia	5
Yehonatan	5
Ying	5
Yiu	5
Yones	5
Younas	5
Yukio	5
Yücel	5
Zafar	5
Zaher	5
Zan	5
Zaur	5
Zheng	5
Zimi	5
Ziya	5
Zlatan	5
Zlatko	5
Zubeir	5
Ämir	5
Änäs	5
