Juhani	276760
Olavi	136488
Antero	135662
Tapani	131885
Johannes	130231
Tapio	105703
Mikael	94423
Kalevi	89330
Petteri	70948
Ilmari	68129
Sakari	60683
Matias	54587
Kristian	49987
Pekka	46330
Matti	37526
Kalervo	36441
Oskari	31715
Henrik	31398
Ensio	28795
Markus	27570
Aleksi	24711
Valtteri	23535
Heikki	22615
Erik	20990
Jaakko	19580
Veikko	19086
Eemeli	18621
Samuli	18138
Antti	18031
Armas	15857
Elias	15694
Samuel	14769
Viljami	14574
Onni	13687
Tuomas	12724
Petri	12722
Uolevi	12545
Aleksanteri	12282
Emil	12160
Lauri	12124
Johan	12070
Erkki	11858
Jalmari	11838
Alexander	11543
Sebastian	11324
Ilari	11222
Veli	10935
Oliver	10910
Santeri	10591
Eino	10238
Toivo	9997
Einari	9881
Kullervo	9817
Allan	9578
Juho	9497
Eemil	9490
Aukusti	9236
Aulis	9233
Juha	9186
Martti	8649
Christian	8431
Artturi	7912
Juhana	7716
Väinö	7652
Benjamin	7592
Hermanni	7557
Ville	7483
Daniel	7433
Akseli	7418
Anton	7341
Vilhelm	7137
Elmeri	7073
Eero	6840
Valdemar	6793
Mikko	6738
Pentti	6723
Eerik	6647
Kalle	6593
Otto	6377
Paavo	6362
Jukka	6080
Julius	6045
Henrikki	5887
Joonatan	5862
Kaarlo	5854
Aatos	5789
Markku	5761
Vilho	5489
Edvard	5480
Iisakki	5399
Topias	5083
Seppo	5048
Vihtori	5028
Joonas	5027
August	5014
Kustaa	4993
Wilhelm	4933
Leo	4889
Anders	4888
Rafael	4842
Aarne	4801
Peter	4786
Taneli	4715
Kari	4644
Rainer	4635
Verneri	4547
Marko	4436
Jussi	4353
Timo	4333
Nikolai	4325
Herman	4312
Esko	4310
Albert	4307
Robert	4280
Karl	4205
Hannu	4109
Oskar	3991
Andreas	3910
Gustav	3907
Iivari	3851
Yrjö	3843
Fredrik	3813
Rikhard	3759
Aarre	3717
Aaron	3662
Gunnar	3658
Kasperi	3652
Arvo	3586
Eelis	3470
Pauli	3415
Michael	3394
Pellervo	3347
Patrik	3308
Viljo	3259
Olli	3201
Pertti	3184
Pietari	3129
Risto	3118
Niilo	3089
Ilkka	3064
Olof	3043
Alvar	3042
Joakim	3012
William	3007
Gabriel	2972
Mika	2890
Henri	2888
Jeremias	2842
Aleksander	2841
Esa	2830
Ari	2797
Vesa	2796
Jouko	2788
Päiviö	2788
Reino	2775
Paavali	2670
Anselmi	2669
Arvid	2607
Eetu	2598
Jorma	2592
Jari	2583
Severi	2562
Arto	2542
Alfred	2535
Untamo	2525
Jan	2505
Joel	2493
Kauko	2468
Urho	2465
Göran	2439
Sulo	2406
Oiva	2398
Henry	2395
Nestori	2370
Jouni	2359
Viktor	2346
Martin	2339
Janne	2338
Veikka	2329
Eerikki	2326
Kasper	2326
Carl	2215
Tauno	2167
Kaleva	2156
Taisto	2132
Axel	2123
Frans	2123
Viljam	2120
Aaro	2114
Raimo	2111
Tuomo	2110
Eljas	2099
Edvin	2090
Niklas	2087
Harri	2075
Lennart	2071
Ossian	2068
Richard	2044
Alarik	2038
Arttu	1992
Arvi	1970
Eliel	1956
Eevert	1938
Rasmus	1937
Oscar	1930
Krister	1908
Evert	1901
Lars	1850
Simo	1845
Mattias	1838
Mauri	1826
Aapeli	1816
Ahti	1815
Hannes	1775
Jarmo	1772
John	1722
Taavetti	1721
Alex	1714
Einar	1698
Reijo	1684
Waltteri	1665
Niko	1661
Petter	1642
Christer	1640
Leonard	1632
Lasse	1626
Hugo	1601
Anttoni	1596
Asser	1596
Magnus	1539
Aimo	1528
Aleksis	1523
Osmo	1504
Paul	1498
Gustaf	1495
Stefan	1494
Voitto	1490
Mathias	1481
Valentin	1473
Leevi	1470
Verner	1452
Joona	1440
Ukko	1438
Sami	1437
Teemu	1434
Mauno	1419
Vili	1396
Bernhard	1388
Unto	1357
Sulevi	1355
Mohamed	1352
Alpo	1338
Antton	1333
Eric	1323
Keijo	1319
Jani	1318
Kimmo	1311
Salomon	1309
Miika	1307
Jesse	1276
Eeli	1270
Aslak	1257
Ossi	1255
Thomas	1251
Valter	1248
Kai	1246
Håkan	1244
Edward	1223
Ali	1220
Pasi	1215
Jonathan	1214
Nils	1204
Waldemar	1200
Jarkko	1199
Väinämö	1177
Jyrki	1154
Patrick	1153
Birger	1146
Kyösti	1144
Åke	1140
Albin	1134
Veeti	1122
Harald	1119
Anssi	1117
Hans	1097
Veijo	1092
Teuvo	1081
Vilhelmi	1080
Alvari	1072
Otso	1066
Tero	1054
Harry	1053
Juuso	1041
Aapo	1040
Aatu	1023
Ingmar	1020
Arthur	992
Ahmed	980
Emanuel	978
Elis	966
Ismo	965
Adolf	963
Atte	963
Marcus	960
Uljas	951
Rudolf	945
Sven	940
Asko	939
Christoffer	936
David	933
Jonatan	932
Iisak	930
Sisu	919
Kenneth	914
Tobias	908
Aarno	907
Pyry	903
Kaarle	893
Kristoffer	892
Heimo	888
Miikka	874
Georg	872
Roger	869
James	867
Aarni	866
Hjalmar	860
Jere	860
Jooseppi	852
Kasimir	850
Viking	849
Nikolas	840
Eevertti	838
Rauno	825
Toni	820
Ilpo	817
Tarmo	816
Felix	813
Jesper	813
Aki	810
Topi	806
Kaj	805
Lassi	802
Ragnar	800
Joni	795
Luukas	795
Jasper	783
Jalo	782
Helmer	769
Yrjänä	761
Leander	760
Miikkael	757
Sakarias	749
Leif	739
Max	739
Cristian	735
Arne	730
Asseri	727
Holger	722
Valfrid	721
Antinpoika	720
Antonio	717
Sauli	716
Miro	715
Victor	715
Simeon	712
Samu	710
Helge	708
Christopher	707
Noel	705
Osvald	704
Torsten	702
Bertel	694
Konstantin	693
Wiljami	692
Lucas	688
Mats	677
Tommi	677
Adam	675
Benjam	669
Walter	668
Isak	666
Tomas	664
Aku	663
Teodor	663
Riku	660
Roope	657
Nuutti	653
Otava	653
Per	644
Ferdinand	643
Olav	633
Anselm	632
Manuel	630
Kim	629
Konsta	627
Taavi	627
André	626
Mauritz	622
Miikael	618
Veli-Matti	609
Jarno	607
Tuukka	605
Tomi	603
Iiro	602
Jonas	602
Maximilian	598
Alfons	595
Immanuel	591
Artur	590
Ivar	590
Klaus	590
Valtter	589
Arimo	586
Elliot	585
Erland	585
Adrian	584
Benjami	582
Börje	582
Ole	582
Matinpoika	577
Nicolas	574
Anthony	560
Ylermi	560
Juhanpoika	557
Perttu	556
Jimi	549
Kaspian	549
Evald	547
Nooa	541
Teppo	541
Jakob	536
Aksel	533
Elia	531
Jarl	528
Lenni	526
Valo	524
Bengt	519
Elmer	518
Aatto	515
Stig	513
Sylvester	510
Nicholas	508
Justus	507
Jeremia	506
Herbert	504
Runar	504
Tatu	503
Micael	502
Rolf	498
Vincent	497
Mikonpoika	496
Lukas	494
Hassan	488
Nestor	486
Uuno	482
Saku	481
Björn	480
Kurt	477
Esaias	474
Bo	473
Reinhold	473
Iikka	472
Kosti	471
Sameli	470
Ove	467
Petrus	467
Miko	466
Luka	463
Terho	463
Werner	462
Eemi	461
Veli-Pekka	461
Simon	459
Eugen	456
Fabian	450
Leon	450
Marius	448
Robin	446
Dan	444
Ingemar	444
Salomo	442
Abdi	441
Mainio	439
Ben	437
Arnold	436
Bertil	434
Roland	432
Urpo	431
Heino	429
Dimitri	428
Helmeri	428
Jesperi	428
Aatami	425
Tom	425
Casper	423
Elmo	421
Sampo	420
Casimir	419
Jyri	414
Raineri	413
Bror	410
Filip	408
Aadolf	404
Tenho	403
Villiam	403
Taito	402
Timonpoika	402
Zacharias	402
Jooa	400
Gösta	399
Theodor	399
Ilmo	396
Tuure	395
Alf	391
Hilding	391
Manu	390
Augusti	389
Jan-Erik	388
Hemming	385
Julian	385
Hemminki	383
Jukanpoika	382
Torvald	381
Auvo	380
Wiljam	376
Jörgen	374
Kaapo	371
Heikinpoika	363
Joachim	363
Jonne	359
Ernst	358
Luca	357
Ludvig	357
Pekanpoika	357
Aleksei	355
Charles	354
Jarinpoika	354
Romeo	354
Sigurd	352
Usko	352
Jalmar	350
Ibrahim	346
Reima	345
Tor	341
Miska	339
Yngve	338
Touko	336
Valto	336
Mohammed	333
Torbjörn	332
Ruben	327
Abraham	325
Joseph	325
Paulus	323
Nikodemus	321
Santtu	320
Altti	319
Omar	317
Bjarne	315
Bruno	313
Aron	312
Ralf	310
Aamos	308
Into	307
Jami	307
Nico	303
Rune	300
Torolf	300
Andrew	297
Philip	296
Ernesti	295
Akusti	291
George	291
Maurits	291
Hannunpoika	290
Vertti	290
Abdullahi	289
Urmas	289
Karinpoika	288
Valio	288
Sigfrid	287
Ulf	286
Joosua	284
Maximus	284
Hussein	282
Amos	280
Milo	280
Josef	273
Leopold	273
Konrad	269
Ingvar	268
Junior	268
Ingvald	267
Boris	266
Jean	266
Jacob	264
Tommy	264
Roni	263
Adiel	259
Jussinpoika	258
Kristofer	258
Teijo	256
Amadeus	255
Edwin	255
Niclas	255
Andrei	254
Kusti	254
Torsti	254
Tony	252
Werneri	249
Matts	248
Mikanpoika	242
Isto	241
Karl-Johan	240
Rami	240
Iivo	239
Karri	236
Markunpoika	235
Tino	235
Gerhard	232
Linus	232
Mio	230
Jannenpoika	229
Lari	229
Tiitus	229
Alexis	227
Elo	223
Emmanuel	223
Erno	223
Lee	223
Karl-Erik	221
Matteus	220
Okko	220
Folke	219
Noah	219
Raine	219
Sammeli	218
Eskil	217
Jens	217
Hemmo	215
Arttur	214
Sigvard	213
Elof	212
Kjell	212
Oula	212
Villehard	212
Arinpoika	211
Frank	211
Raafael	211
Raymond	210
Ernest	208
Singh	208
Jaakonpoika	206
Mohamud	202
Mico	201
Uno	201
Sixten	200
Leonardo	199
Roy	199
Rurik	197
Jaakoppi	195
Mahamed	194
Rickard	193
Atso	192
Fjalar	192
Rickhard	192
Visa	192
Aappo	191
Johnny	190
Marco	190
Selim	190
Ahmad	189
Feliks	189
Kauno	189
Valde	189
Ilo	187
Maunu	186
Mårten	186
Noa	185
Petrinpoika	184
Emilio	183
Gottfrid	182
Aaretti	181
Elvis	181
Harrinpoika	180
Ola	179
Kaino	177
Pekko	177
Villenpoika	177
Aate	176
Abdirahman	176
Osman	176
Peetu	176
Dennis	175
Liam	175
Knut	174
Orvo	173
Tage	173
Edgar	172
Ollinpoika	172
Juha-Pekka	171
Jon	170
Kevin	170
Louis	170
Antto	169
Mario	169
Venni	167
Mohammad	166
Sten	166
Markonpoika	164
René	164
Ariel	163
Henning	163
Vidar	163
Ilja	162
Matthew	162
Panu	162
Dominic	161
Filemon	161
Joshua	161
Malakias	161
Rauli	161
Jerry	160
Johann	160
Levi	160
Toimi	160
Gideon	159
Sture	159
Ivan	158
Alan	157
Arno	157
Jaakkima	157
Joose	157
Erkka	156
Mark	156
Svante	156
Teo	155
Aleks	154
Guy	154
Jiri	154
Sampsa	154
Matthias	153
Michel	153
Abdulkadir	152
Kimi	152
Severin	152
Alberto	151
Hemmi	151
Myrsky	151
Abel	150
Alexi	150
Amin	150
Jasperi	150
Said	150
Ismail	149
Karl-Gustav	149
Yusuf	149
Carlos	148
Francis	148
Jose	147
Kaius	147
Saminpoika	146
Patric	145
Ronald	145
Aaprami	144
Aarto	143
Efraim	143
Sune	143
Timoteus	143
Algot	142
Jare	142
Ohto	142
Elian	141
Karim	141
Jori	140
Mertsi	140
Vesanpoika	140
Alpertti	139
Lionel	138
Thor	138
Erkinpoika	137
Hermann	137
Sanfrid	137
Kent	136
Juha-Matti	135
Pontus	135
Jousia	134
Klas	133
Laurinpoika	133
Osku	133
Roberto	133
Andre	132
Simeoni	132
Waltter	132
Jouninpoika	131
Olli-Pekka	131
Ristonpoika	131
Valentino	131
Kennet	129
Lars-Erik	129
Luis	129
Vilppu	129
Fridolf	128
Nicklas	128
Niila	128
Matteo	127
Neo	127
Alejandro	126
Berndt	126
Carl-Johan	126
Minh	126
Ragnvald	126
Veini	126
Ilkanpoika	125
Miguel	125
Vilpas	125
Abdullah	124
Soini	124
Brynolf	123
Emerik	123
Sergei	123
Sören	123
Nikanor	121
Aleksandr	120
Esanpoika	120
Pasinpoika	120
Per-Erik	120
Eeronpoika	119
Engelbert	119
Wilhelmi	118
Wäinö	118
Alexandre	117
Timi	117
Caspian	116
Hasan	116
Jimmy	116
Israel	115
Jaakob	115
Oswald	115
Antoni	114
Ian	114
Juhan	114
Ricardo	114
Alvin	113
Andres	113
Tim	113
Kuisma	112
Akilles	111
Eppu	111
Mihail	111
Theo	111
Staffan	110
Ture	110
Greger	109
Rikard	109
Wille	109
Angelo	108
Erling	108
Jukka-Pekka	108
Ludwig	108
Niki	108
Olle	108
Aake	107
Eeti	107
Leonel	107
Martinpoika	107
Seponpoika	106
Tuomaanpoika	106
Natanael	105
Salama	105
Teronpoika	105
Abbas	104
Juhonpoika	104
Kumar	104
Robertino	104
Sven-Erik	104
Arsi	103
Hendrik	103
Isidor	103
Janinpoika	103
Thorvald	103
Finn	102
Uula	102
Jack	101
Vladimir	101
Aslan	100
Damien	100
Eenokki	100
Alvi	99
Ananias	99
Daavid	99
Ernesto	99
Herkko	99
Jeremy	99
Juhaninpoika	99
Poika	99
Tapionpoika	99
Fernando	98
Tore	98
Walfrid	98
Mahmoud	97
Jarmonpoika	96
Nikolaus	96
Raino	96
Volmar	96
Ari-Pekka	95
Artonpoika	95
Bernt	95
Eliot	95
Ernfrid	95
Huugo	95
Feodor	94
Jim	94
Alessandro	93
Amir	93
Egil	93
Erkko	93
Franz	93
Jason	93
Nathaniel	93
Enok	92
Christofer	91
Kimmonpoika	91
Mustafa	91
Petja	91
Willem	91
Isac	90
Mikaeli	90
Asarias	89
Asmo	89
Edvart	89
Pentinpoika	89
Sasu	89
Terno	89
Aden	88
Ismael	88
Jama	88
Kunto	88
Olov	88
Severus	88
Vilperi	88
Anshelm	87
Joa	87
Nicolai	87
Reza	87
Eirik	86
Jan-Anders	86
Joeli	86
Mies	86
Steven	86
Jonny	85
Morris	85
Roobert	85
Willehard	85
Josua	84
Kuutti	84
Abiel	83
Jan-Olof	83
Odin	83
Tristan	83
Abram	82
Andrea	82
Isaac	82
Jarkonpoika	82
Kaspar	82
Mahamud	82
Sam	82
Tahvo	82
Tuisku	82
Vieno	82
Wolfgang	82
Aati	81
Erich	81
Hung	81
Igor	81
Kristo	81
Saul	81
Gilbert	80
Pirkka	80
Sigvald	80
Tuomonpoika	80
Turo	80
Volter	80
Aale	79
Carl-Gustav	79
Enrique	79
Kallenpoika	79
Marcel	79
Petrik	79
Timothy	79
Tomminpoika	79
Anh	78
Francisco	78
Joosef	78
Simonpoika	78
Vilpertti	78
Volmari	78
Edmund	77
Frederick	77
Fritiof	77
Heinrich	77
Mateo	77
Reko	77
Rene	77
Eduard	76
Farah	76
Friedrich	76
Hiskias	76
Maxim	76
Mirko	76
Pietu	76
Stefanus	76
Valerian	76
Wihtori	76
Brian	75
Can	75
Crister	75
Elijah	75
Morgan	75
Stephen	75
Alec	74
Frederik	74
Pierre	74
Reidar	74
Samir	74
Valeri	74
Albinus	73
Arhippa	73
Eduardo	73
José	73
Long	73
Markuksenpoika	73
Mooses	73
Oliwer	73
Antonius	72
Muhammad	72
Pertinpoika	72
Thanh	72
Östen	72
Abdul	71
Alexsander	71
Carlo	71
Douglas	71
Jamiel	71
Kunnari	71
Manne	71
Nathan	71
Ryan	71
Venneri	71
Atro	70
Benny	70
Constantin	70
Jamal	70
Jormanpoika	70
Mahdi	70
Raikas	70
Raul	70
Aabraham	69
Armando	69
Auno	69
Aziz	69
Hiski	69
Jermu	69
Mickael	69
Raphael	69
Toninpoika	69
Valpas	69
Alpi	68
Angel	68
Bastian	68
Iivar	68
Jerker	68
Milton	68
Moritz	68
Olivier	68
Penjami	68
Ahto	67
Javier	67
Jerome	67
Jonni	67
Joukonpoika	67
Nils-Erik	67
Petro	67
Sirius	67
Turkka	67
Ville-Veikko	67
Wilmer	67
Aleksius	66
Ano	66
Eskonpoika	66
Ronny	66
Alexei	65
Anto	65
Conrad	65
Leino	65
Lemmy	65
Luke	65
Marc	65
Nur	65
Ray	65
Samppa	65
Caj	64
Glenn	64
Hans-Erik	64
Jetro	64
Jyrkinpoika	64
Tuan	64
Tyko	64
Ulrik	64
Bashir	63
Carolus	63
Conny	63
Donald	63
Immo	63
Khalid	63
Mikail	63
Miki	63
Peder	63
Scott	63
Teemunpoika	63
Bo-Erik	62
Eugén	62
Frej	62
Harras	62
Miihkali	62
Antreas	61
Caius	61
Carl-Erik	61
Damian	61
Eikka	61
Elja	61
Juan	61
Nino	61
Stephan	61
Erhard	60
Feeliks	60
Haakon	60
Jeremi	60
Juri	60
Lawrence	60
Tominpoika	60
Francesco	59
Joacim	59
Miio	59
Rikhart	59
Roopertti	59
Theodore	59
Arijoutsi	58
Jupiter	58
Nelson	58
Rahman	58
Rufus	58
Akinpoika	57
Atle	57
Bernard	57
Emre	57
Gunnari	57
Kustavi	57
Lorenz	57
Nemo	57
Philippe	57
Uuras	57
Wiktor	57
Wilho	57
Xavier	57
Allani	56
Andréas	56
Antony	56
Deniz	56
Felipe	56
Fritjof	56
Joe	56
Kostia	56
Mohamad	56
Nyyrikki	56
Sean	56
Sylvesteri	56
Clas	55
Dominik	55
Ethan	55
Giovanni	55
Jaska	55
Ronnie	55
Andrés	54
Armo	54
Denis	54
Eeliel	54
Hoang	54
Huy	54
Jaako	54
Jaani	54
Janiel	54
Orion	54
Roman	54
Tor-Erik	54
Woldemar	54
Ami	53
Benedict	53
El	53
Ingolf	53
Maksim	53
Manfred	53
Maurice	53
Sheikh	53
Vasili	53
Ale	52
Atlas	52
Dani	52
Kasmir	52
Lorenzo	52
Malik	52
Marie	52
Pablo	52
Phong	52
Reijonpoika	52
Thure	52
Viggo	52
Attila	51
Chris	51
Faisal	51
Henric	51
Hubert	51
Jay	51
Miklas	51
Milan	51
Santiago	51
Totti	51
Trygve	51
Yasin	51
Abdirashid	50
Antoine	50
Askonpoika	50
Hai	50
Heimer	50
Henrinpoika	50
Kainpoika	50
Lorentz	50
Nam	50
Pertteli	50
Rinaldo	50
Saleh	50
Urban	50
Abdirizak	49
Aito	49
Gordon	49
Kerkko	49
Mahad	49
Marek	49
Mikke	49
Paavonpoika	49
Saad	49
Sihveri	49
Aadam	48
Abukar	48
Asla	48
Aukust	48
Dean	48
Elmar	48
Hamid	48
Jan-Peter	48
Kare	48
Lassenpoika	48
Nikolaj	48
Runo	48
Samueli	48
Seth	48
Sharif	48
Sipi	48
Titus	48
Valtti	48
Jaan	47
Jan-Henrik	47
Jarnonpoika	47
Kaapriel	47
Maria	47
Maurinpoika	47
Niiles	47
Pavel	47
Sefanias	47
Sven-Olof	47
Abdifatah	46
Adan	46
Alexanteri	46
Apollo	46
Gotthard	46
Henteri	46
Jafet	46
Jan-Mikael	46
Jeremiah	46
Karl-Henrik	46
Karolus	46
Lennard	46
Mitja	46
Norman	46
Odert	46
Per-Olof	46
Raoul	46
Sebastien	46
Taha	46
Ville-Petteri	46
Allen	45
Arman	45
Bao	45
Carl-Henrik	45
Dahir	45
Dung	45
Duy	45
Ensiö	45
Florian	45
Frithiof	45
Fritz	45
Göte	45
Hadi	45
Juhanni	45
Jyry	45
Ken	45
Marlon	45
Matheo	45
Muisto	45
Musa	45
Paolo	45
Renne	45
Stuart	45
Aalto	44
Albertti	44
Aurelius	44
Bruce	44
Erasmus	44
Fred	44
Ilias	44
Jali	44
Mauriz	44
Mortimer	44
Pedro	44
Pärttyli	44
Vesa-Matti	44
An	43
Anian	43
Jürgen	43
Kari-Pekka	43
Melker	43
Mike	43
Misael	43
Poju	43
Rabbe	43
Rashid	43
Ted	43
Vesteri	43
Abdallah	42
Adil	42
Anthon	42
Anwar	42
Brage	42
Giuseppe	42
Jaro	42
Jooel	42
Khaled	42
Lars-Johan	42
Melvin	42
Nathanael	42
Oma	42
Pehr	42
Silvo	42
Teofilus	42
Vaito	42
Willy	42
Vilmeri	42
Vinh	42
Voldemar	42
Aabel	41
Abdel	41
Alain	41
Alexandros	41
Colin	41
Eli	41
Enrico	41
Evan	41
Hashim	41
Isse	41
Jasu	41
Justin	41
Khang	41
Mitro	41
Nikita	41
Olaf	41
Rikunpoika	41
Tapaninpoika	41
Valle	41
Velmeri	41
Abd	40
Arturo	40
Benedikt	40
Eugene	40
Hieu	40
Hussain	40
Jahvetti	40
M.	40
Paulinpoika	40
Stig-Erik	40
Sulho	40
Timotei	40
Abed	39
Augusto	39
Claes	39
Dick	39
Diego	39
Georges	39
Helmut	39
Jacques	39
Jan-Ole	39
Jari-Pekka	39
Karo	39
Keith	39
Love	39
Muhammed	39
Petterinpoika	39
Quang	39
Ramon	39
Saeed	39
Salih	39
Styrbjörn	39
Thien	39
Verne	39
Asad	38
Augustus	38
Christoph	38
Curt	38
Elliott	38
Kuura	38
Lam	38
Pepe	38
Per-Ole	38
Pete	38
Päivö	38
Rauni	38
Reh	38
Rico	38
Son	38
Ukko-Pekka	38
Charlie	37
Engelbrekt	37
Fredric	37
Hampus	37
Harold	37
Joninpoika	37
Kareem	37
Karlo	37
Maximillian	37
Miikanpoika	37
Orlando	37
Vesa-Pekka	37
Vilhard	37
Ville-Valtteri	37
Winston	37
Zakaria	37
Abdikarim	36
Adnan	36
Alexandr	36
Ante	36
Anteri	36
Claude	36
Georgios	36
Gregory	36
Havu	36
Ilmar	36
Jr	36
Jyrinpoika	36
Kaappo	36
Karel	36
Kofi	36
Kristjan	36
Marcos	36
Salah	36
Salim	36
Siimon	36
Walther	36
Wiking	36
Zakarias	36
Abdinasir	35
Bror-Erik	35
Carl-Gustaf	35
Dieter	35
Dylan	35
Eemel	35
Erwin	35
Ewald	35
Gaabriel	35
Gerald	35
Habib	35
Hakim	35
Hanno	35
Hossain	35
John-Erik	35
Kamal	35
Kiril	35
Moses	35
Raimonpoika	35
Remu	35
Ruuben	35
Salvador	35
Stanley	35
Suleiman	35
Thorolf	35
Akram	34
Anssinpoika	34
Cuong	34
Emile	34
Esteban	34
Jaromir	34
Jordan	34
Laurent	34
Lewis	34
Liban	34
Malcolm	34
Mehdi	34
Nalle	34
Napoleon	34
Niku	34
Pessi	34
Prasad	34
Reguel	34
Roine	34
Abner	33
Anatoli	33
Andrej	33
Anttu	33
Augustin	33
Cornelis	33
Dat	33
Eddie	33
Eetvartti	33
Hasse	33
Jasse	33
Konstantinos	33
Lamin	33
Maxwell	33
Mikkel	33
Musse	33
Nabil	33
Nietos	33
Nikolaos	33
Olavinpoika	33
Ossinpoika	33
Ralph	33
Raminpoika	33
Solomon	33
Steve	33
Valte	33
Wilbert	33
Al	32
Alexej	32
Anteronpoika	32
Cameron	32
Caspar	32
Elijas	32
Ensi	32
Gregorius	32
Harrison	32
Hector	32
Heinz	32
Hilarius	32
Hjalmari	32
Jarko	32
Neil	32
Peik	32
Perttuli	32
Rahim	32
Sander	32
Saska	32
Tryggve	32
Walentin	32
Viet	32
Abdalla	31
Alfonso	31
Arho	31
Artemi	31
Assar	31
Aurelio	31
Basilius	31
Bilal	31
Brandon	31
Camilo	31
Claus	31
Duc	31
Efe	31
Egon	31
Eliah	31
Enzo	31
Haidar	31
Hilmer	31
Juho-Pekka	31
Juusonpoika	31
Kauri	31
Kivi	31
Mehmet	31
Oras	31
Reeti	31
Salman	31
Samulinpoika	31
Sayed	31
Tan	31
Timjami	31
Wayne	31
Veikonpoika	31
Wiliam	31
Willhelm	31
Vu	31
Aapraham	30
Adel	30
Aidan	30
Ailo	30
Alfredo	30
Alvaro	30
Cedric	30
Cesar	30
Cornelius	30
Dag	30
Elon	30
Emiel	30
Emir	30
Gunnarsson	30
Hakon	30
Hossein	30
Idris	30
Jouka	30
Kaan	30
Kristopher	30
Laurentius	30
Leonid	30
Manasse	30
Mostafa	30
Muhamed	30
Nikonpoika	30
Raimond	30
Salad	30
Salem	30
Seemi	30
Ulrich	30
Wilson	30
Voima	30
Aaroni	29
Anselmo	29
Axl	29
Claudio	29
Cristoffer	29
Dante	29
Eevald	29
Elton	29
Filippus	29
Hao	29
Harto	29
Howard	29
Ismonpoika	29
Kaapro	29
Launo	29
Masi	29
Philipp	29
Prince	29
Sepeteus	29
Tam	29
Valerius	29
Veli-Juhani	29
Yrjönpoika	29
Aaret	28
Abdirisak	28
Abshir	28
Alek	28
Aleksinpoika	28
Anttonio	28
Ate	28
Binh	28
Eenok	28
Elsayed	28
Fredrick	28
Frejvid	28
Hamza	28
Imanuel	28
Inge	28
Jaajo	28
Jasim	28
Jirka	28
Julien	28
Khan	28
Kotivalo	28
Léon	28
Markko	28
Ming	28
Ross	28
Sakaria	28
Sippo	28
Walid	28
Van	28
Vilbert	28
Viliam	28
Vili-Valtteri	28
Villehart	28
Abdikadir	27
Abdisalam	27
Abdulahi	27
Alpiin	27
Antti-Pekka	27
Emin	27
Gerard	27
Hamed	27
Jelmeri	27
Juhananpoika	27
Juha-Petteri	27
Juuse	27
Khalil	27
Kosmo	27
Leonhard	27
Luciano	27
Markos	27
Måns	27
Paulo	27
Peetter	27
Phuc	27
Pietro	27
Ramses	27
Reinhard	27
Setti	27
Stepan	27
Veli-Petteri	27
Yassin	27
Aksu	26
Alexius	26
Andy	26
Anterus	26
Atenpoika	26
Aunus	26
Ayman	26
Björnsson	26
Dan-Anders	26
Eiler	26
Eilo	26
Elvin	26
Enzio	26
Ewert	26
Farhan	26
Francois	26
Hesekiel	26
Htoo	26
Ilppo	26
Jabbar	26
Jamil	26
Kamil	26
Maksimus	26
Miles	26
Nana	26
Oleksi	26
Pär	26
Rayan	26
Rio	26
Ruudolf	26
Salomoni	26
Seelim	26
Stig-Göran	26
Syväri	26
Tri	26
Tung	26
Vihtor	26
Wolmar	26
Zachary	26
Aare	25
Abdiasis	25
Alari	25
Aram	25
Cristiano	25
Eemu	25
Emppu	25
Esa-Pekka	25
Guido	25
Haji	25
Halti	25
Hayder	25
Hong	25
Jero	25
Joonaksenpoika	25
Junnu	25
Kanervo	25
Karl-Oskar	25
Kenth	25
Koitto	25
Leonidas	25
Lillebror	25
Mateus	25
Miiko	25
Mikki	25
Milian	25
Nikodeemus	25
Nikola	25
Olai	25
Otonpoika	25
Owe	25
Pauno	25
Piotr	25
Raunonpoika	25
Reipas	25
Sakarinpoika	25
Taher	25
Tarek	25
Tarvo	25
Tien	25
Tito	25
Toomas	25
Toussaint	25
Trung	25
Yousif	25
Aari	24
Abdulle	24
Akbar	24
Angus	24
Antte	24
Armin	24
Arviiti	24
Bin	24
Cay	24
Don	24
Ebenhard	24
Eddine	24
Eeka	24
Elmi	24
Florentin	24
François	24
Gunder	24
Hatem	24
Heribert	24
Ilves	24
Ilyas	24
Jake	24
Jan-Gustav	24
Jayden	24
Jussi-Pekka	24
Khadar	24
Klemetti	24
Mahmood	24
Marcelo	24
Mariano	24
Mumin	24
Nhat	24
Salvatore	24
Sébastien	24
Sinuhe	24
Thang	24
Thorbjörn	24
Timitri	24
Tor-Björn	24
Varma	24
Vicente	24
Vilmer	24
Wolter	24
Yaw	24
Yousef	24
Äänis	24
A.	23
Ahvo	23
Antti-Juhani	23
ben	23
Daniil	23
Darius	23
Dmitri	23
Ervo	23
Graham	23
Henrikinpoika	23
Jamie	23
Jeffrey	23
Jofiel	23
Julio	23
Kaukonpoika	23
Kenny	23
Khanh	23
Khoa	23
Kirill	23
Lars-Göran	23
Marlo	23
Mats-Erik	23
Nikke	23
Oleg	23
Ora	23
Owen	23
Paul-Erik	23
Peeter	23
Ponteva	23
Raj	23
Reetrikki	23
Robinson	23
Siegfried	23
Sipri	23
Veerti	23
Weikko	23
Velu	23
Vilkas	23
Ville-Pekka	23
Vinski	23
Youssef	23
Aadiel	22
Abdiaziz	22
Abdulqadir	22
Amar	22
Amer	22
Angelos	22
Arif	22
Artunpoika	22
Christophe	22
Cosmo	22
Dominicus	22
Ebbe	22
Eedvard	22
Fouad	22
Fuad	22
Inari	22
Isaiah	22
Jiro	22
Joonia	22
Jorge	22
Karl-Gunnar	22
Kilian	22
Lenne	22
Lion	22
Lippo	22
Maher	22
Mikaelsson	22
Nguyen	22
Nicodemus	22
Niilas	22
Nils-Johan	22
Noor	22
Osma	22
Phillip	22
River	22
Rudi	22
Tarmonpoika	22
Torleif	22
Tuomaksenpoika	22
Umberto	22
Vikke	22
Vincenzo	22
Yahya	22
Yasir	22
Zaki	22
Aapram	21
Aapro	21
Abdulla	21
Abdulrahman	21
Alve	21
Ambrosius	21
Aston	21
Awad	21
Baran	21
Dang	21
Desmond	21
Eelovi	21
Gunvald	21
Han	21
Hani	21
Hashi	21
Hoa	21
Holgersson	21
Hubertus	21
Huuko	21
Idiris	21
István	21
Jesus	21
Joska	21
Kwame	21
Lalli	21
Liinus	21
M	21
Miiro	21
Morten	21
Nuur	21
Riko	21
Russell	21
Salaad	21
Silvio	21
Tomsson	21
Wali	21
Wäinämö	21
Alexandru	20
Amandus	20
Amiin	20
Anakin	20
Anas	20
Arda	20
Armand	20
Astor	20
Awil	20
Benhard	20
Björnson	20
Campbell	20
Cecil	20
Dario	20
De	20
Derek	20
Ejvind	20
Esajas	20
Fadhil	20
Hardy	20
Jan-Kristian	20
Jan-Ove	20
Jeppe	20
Jevgeni	20
Jonah	20
Juhamatti	20
Jymy	20
Kadhim	20
Kaj-Erik	20
Kalevinpoika	20
Kanerva	20
Karl-Gustaf	20
Karl-Mikael	20
Kaukomieli	20
Keijonpoika	20
Keimo	20
Larsson	20
Leif-Erik	20
Lenny	20
Leonpoika	20
Mathew	20
Mert	20
Milko	20
Mustaf	20
Muuse	20
Nataniel	20
Olli-Petteri	20
Panunpoika	20
Per-Johan	20
Pieti	20
Raza	20
Reittu	20
Roald	20
S.	20
Sakeus	20
Silas	20
Sinan	20
Stefano	20
Sverker	20
Taimo	20
Tor-Leif	20
Truong	20
Warsame	20
Viktori	20
Väinämöinen	20
Yves	20
A	19
Aaronpoika	19
Abdikarin	19
Alessio	19
Alonso	19
Ansio	19
Antrei	19
Aramis	19
Arian	19
Birgersson	19
Carl-Mikael	19
Danny	19
Dominique	19
Eelia	19
Eren	19
Ermo	19
Evertti	19
Eyolf	19
Franklin	19
Gaius	19
Hagi	19
Ignacio	19
Ivanov	19
Jedi	19
Jeri	19
Jokke	19
Josia	19
Juska	19
Kaaleppi	19
Kamau	19
Karhu	19
Kelpo	19
Kemal	19
Kiet	19
Kyle	19
Leimu	19
Lennon	19
Lucien	19
Merlin	19
Michele	19
Mickel	19
Nicola	19
Niilonpoika	19
Omer	19
Ontrei	19
Peikko	19
Petros	19
Phat	19
Phuong	19
Roi	19
Ron	19
Sabah	19
Sakke	19
Salam	19
Samson	19
Sandor	19
Sang	19
Tawan	19
Thai	19
Touho	19
Uriel	19
Valtari	19
Valteri	19
Veetu	19
Venne	19
Wictor	19
Villehad	19
Aarnenpoika	18
Abdiwali	18
Adi	18
Ari-Matti	18
Azad	18
Bahadur	18
Bengtsson	18
Calle	18
Carl-Axel	18
Clifford	18
Daniele	18
Davin	18
Dorian	18
Duong	18
Eemili	18
Eki	18
Emeka	18
Emiliano	18
Erick	18
Fenix	18
Fride	18
Glen	18
Guillermo	18
Göransson	18
Henryk	18
Iisai	18
Iqbal	18
Islam	18
Ismari	18
Jackson	18
Jannis	18
Jones	18
Joonathan	18
Jules	18
Kadir	18
Kian	18
Lahja	18
László	18
Leslie	18
Mahmud	18
Massimo	18
Mauricio	18
Maxime	18
Mihael	18
Mortti	18
Muhumed	18
Muse	18
Niko-Petteri	18
Nuuti	18
Olaus	18
Oliveri	18
Patricio	18
Qasim	18
Quan	18
Riku-Petteri	18
Rolle	18
Ronaldo	18
Sabri	18
Sakri	18
Sakunpoika	18
Stefanos	18
Sverre	18
Tancred	18
Teijonpoika	18
Torstensson	18
Tuukanpoika	18
Uddin	18
Warren	18
Wei	18
Velimies	18
Viima	18
Aabram	17
Abdirisaq	17
Agathon	17
Akira	17
Aleksej	17
Alois	17
Amine	17
Ammar	17
Arn	17
Arviid	17
Aweis	17
Bob	17
Bryan	17
Calvin	17
Carl-Magnus	17
Chandra	17
Claudius	17
Dai	17
Dan-Erik	17
Edouard	17
Feija	17
Fox	17
Frédéric	17
Gottfried	17
Grigori	17
Gustavo	17
Haider	17
Harley	17
Hien	17
Horst	17
Isko	17
Janrik	17
Jawad	17
Joaquim	17
Kaleb	17
Karl-Axel	17
Kasten	17
Khalaf	17
Kwabena	17
Le	17
Leijonamieli	17
Majeed	17
Marvin	17
Mohamoud	17
Mubarak	17
Onni-Pekka	17
Oscari	17
Raad	17
Renny	17
Rony	17
Santino	17
Sherif	17
Sivert	17
Soe	17
Tadeusz	17
Tai	17
Teponpoika	17
Tiger	17
Utria	17
Vanamo	17
Weeti	17
Veijonpoika	17
Abdirahim	16
Abdulkareem	16
Ahmet	16
Ales	16
Allari	16
Alwan	16
Alwar	16
Alvian	16
Andersson	16
Antamo	16
Aras	16
Caleb	16
Clark	16
Clas-Göran	16
Cristopher	16
Daud	16
Dimitrios	16
Eskeli	16
Fahad	16
Federico	16
Franco	16
Georgi	16
H.	16
Hamilton	16
Heppu	16
Hugh	16
Ibn	16
Ihab	16
Issa	16
Jakke	16
Jerenpoika	16
Joutsi	16
Jr.	16
Karl-Anders	16
Kit	16
Klemens	16
Krishna	16
Lambert	16
Lars-Olof	16
Lassinpoika	16
Magnusson	16
Majid	16
Michal	16
Nehemia	16
Norbert	16
Per-Håkan	16
Pyry-Petteri	16
Raphaël	16
Reddy	16
Riccardo	16
Sammy	16
Santero	16
Shire	16
Sointu	16
Stanislaw	16
Sten-Erik	16
Suleyman	16
Tareq	16
Toan	16
Troy	16
Tyler	16
Ukri	16
Valmari	16
Veli-Valtteri	16
Vide	16
Vittorio	16
Väinönpoika	16
Aage	15
Aarretti	15
Adolfo	15
Alpert	15
András	15
Ansgarius	15
Anthonio	15
Antti-Jussi	15
Artti	15
Ashraf	15
Augustinus	15
Ayoub	15
Bengt-Erik	15
Bo-Göran	15
Burhan	15
Carl-Oscar	15
Chinedu	15
Christiaan	15
Cristofer	15
Danilo	15
Dave	15
de	15
Didrik	15
Duncan	15
Ejnar	15
Eldin	15
Ellis	15
Ensti	15
Fadel	15
Faruk	15
Fatah	15
Feelix	15
Frederic	15
Gary	15
Gaston	15
Gert	15
Gregor	15
Gregorio	15
Gudmund	15
Hektor	15
Henrynpoika	15
Husam	15
Ignatius	15
Ilarinpoika	15
Ilponpoika	15
Jaber	15
Jalal	15
Jochen	15
Juhannes	15
Juho-Matti	15
Juniori	15
Jurkka	15
Jörn	15
Kalev	15
Kallas	15
Kari-Matti	15
Karsten	15
Khalif	15
Kien	15
Kingsley	15
Knutsson	15
Kosmos	15
Kweku	15
Lowe	15
Luigi	15
Maksimilian	15
Man	15
Martinus	15
Marwan	15
Masa	15
Mattia	15
Mattis	15
Mursal	15
Nehemias	15
Nisse	15
Ortamo	15
Osmonpoika	15
Pertunpoika	15
Peteri	15
Phu	15
Ramadan	15
Rasheed	15
Richardo	15
Richart	15
Rieti	15
Righard	15
Risto-Matti	15
Rodolfo	15
Rodrigo	15
Roopert	15
Saleban	15
Sasha	15
Seeti	15
Sem	15
Serafim	15
Sidney	15
Sigismund	15
Stig-Johan	15
Stig-Olof	15
Talib	15
Tariq	15
Tatunpoika	15
Tomasz	15
Tu	15
Uwe	15
Wah	15
Valtterinpoika	15
Venner	15
Wesley	15
Wilhard	15
Vito	15
Yasser	15
Aaku	14
Abdillahi	14
Agostino	14
Alaa	14
Alonzo	14
Alrik	14
Arjo	14
Armani	14
Arseni	14
Bert	14
Billy	14
Bradley	14
Bruuno	14
Carlsson	14
Carol	14
Chun	14
Connor	14
Derrick	14
Dino	14
Eberhard	14
Ekku	14
Ezekiel	14
Faris	14
Fidel	14
Fingal	14
Fionn	14
Firas	14
Gia	14
Gunhard	14
Günther	14
Hamdi	14
Hisham	14
Ho	14
Iippo	14
Ilmarinen	14
J	14
Jan-Christian	14
Jari-Matti	14
Jie	14
Joar	14
Jockum	14
Joosia	14
Juho-Petteri	14
Jun	14
Jusa	14
Jussa	14
Kaaperi	14
Kaiku	14
Kamran	14
Karl-Göran	14
Karl-Olof	14
Kasem	14
Khaleel	14
Kiminpoika	14
Kojo	14
Kuu	14
Kwaku	14
Kwesi	14
Kyöstinpoika	14
Lars-Åke	14
Lennu	14
Lev	14
Lloyd	14
Luan	14
Marley	14
Marshall	14
Matheus	14
Matti-Juhani	14
Melchior	14
Mikaelinpoika	14
Mohsen	14
Mohsin	14
Mukhtar	14
Ngoc	14
Niels	14
Noam	14
Noël	14
Orvar	14
Otieno	14
Pascal	14
Pelle	14
Per-Henrik	14
Perttyli	14
Petersson	14
Pieter	14
Raikko	14
Ram	14
Rogert	14
Ruska	14
Sadik	14
Santos	14
Sefania	14
Silva	14
Silver	14
Sun	14
Taylor	14
Timur	14
Vadim	14
Wai	14
Vasama	14
Velmu	14
Viki	14
Vili-Petteri	14
Ville-Matti	14
Vitali	14
Yaseen	14
Younes	14
Yussuf	14
Zion	14
Abdihakim	13
Abdiqani	13
Abdulgadir	13
Abdulkarim	13
Abiodun	13
Adalbert	13
Agustin	13
Aiden	13
Aki-Petteri	13
Albanus	13
Alexandro	13
Alexsanteri	13
Almar	13
Aman	13
Amaru	13
Amon	13
Amor	13
Andrè	13
Ara	13
Aret	13
Artjom	13
Atos	13
Basil	13
Bernardo	13
Birk	13
Carl-Eric	13
Cheng	13
Christiansson	13
Cong	13
Danial	13
Dimitrov	13
Diyar	13
Domenico	13
Ebrahim	13
Eddy	13
Eden	13
Eepi	13
Einonpoika	13
Eleasar	13
Elieser	13
Ferenc	13
Filippo	13
Folkern	13
Fridolin	13
Gottlieb	13
Grant	13
Günter	13
Hamad	13
Hameed	13
Hartti	13
Hendry	13
Henrique	13
Herrick	13
Håkansson	13
Iironpoika	13
Imran	13
Irwin	13
Jacobus	13
Jakov	13
Janos	13
Jared	13
Jarl-Erik	13
Jeriko	13
Jessenpoika	13
Johanneksenpoika	13
Jone	13
Kaaleb	13
Kasim	13
Kay	13
Kelvin	13
Kristof	13
Kuno	13
León	13
Li	13
Lin	13
Lorens	13
Lyly	13
Marino	13
Matsson	13
Metsänpoika	13
Migael	13
Mikhael	13
Miklos	13
Miku	13
Miroslav	13
Mitchell	13
Muhiadin	13
Muktar	13
Muslim	13
Nasir	13
Nii	13
Niillas	13
Nour	13
Olofsson	13
Optatus	13
Pekka-Juhani	13
Per-Åke	13
Phi	13
Quentin	13
Raffaele	13
Reinonpoika	13
Rex	13
Roihu	13
Roopenpoika	13
Saiid	13
Samael	13
Sankari	13
Sebastián	13
Sepastian	13
Serge	13
Sergio	13
Simo-Pekka	13
Svantte	13
Taave	13
Taunonpoika	13
Teddy	13
Teppana	13
Terence	13
Thinh	13
Thore	13
Torgny	13
Ulf-Erik	13
Ulfsson	13
Uoti	13
Vaalimo	13
Veino	13
Velimatti	13
Veli-Mies	13
Velinpoika	13
Vesseli	13
Vilpert	13
Zachris	13
Åkesson	13
Örjan	13
Aadan	12
Aapi	12
Aaponpoika	12
Aato	12
Ailu	12
Akselinpoika	12
Alam	12
Aleksanter	12
Alistair	12
Almer	12
Ananda	12
Andreevich	12
Ansu	12
Antrea	12
Arash	12
Arhi	12
Arwid	12
Aryan	12
Ata	12
Aurinko	12
Aurora	12
Auvonpoika	12
Bassam	12
Benito	12
Benyamin	12
Byron	12
Caesar	12
Carl-Anton	12
Castor	12
Cedrik	12
Chen	12
Clarence	12
Clement	12
Dietrich	12
Donatus	12
Edel	12
Edmond	12
Edoardo	12
Ellert	12
Enrik	12
Enso	12
Erpo	12
Ervin	12
Farhad	12
Farid	12
Feeli	12
Freddy	12
Fuaad	12
Geoffrey	12
Hafidh	12
Hannu-Pekka	12
Helmuth	12
Herkules	12
Hermes	12
Humberto	12
Hunter	12
Hüseyin	12
Iise	12
Iivana	12
Imre	12
Indigo	12
Ivo	12
Jaime	12
János	12
Jan-Åke	12
Jasin	12
Jauri	12
Jeeli	12
Jerzy	12
Jonnenpoika	12
Kaamos	12
Kaaprieli	12
Kaijus	12
Kapriel	12
Karl-Fredrik	12
Karol	12
Kirmo	12
Kjell-Erik	12
Krzysztof	12
Kunnar	12
Lars-Anders	12
Laurence	12
Lennox	12
Leroy	12
Lo	12
Loke	12
Lothar	12
Luc	12
Lucius	12
Luqman	12
Mahamuud	12
Maininki	12
Malek	12
Manunpoika	12
Marinus	12
Martimo	12
Miitri	12
Mikhail	12
Milos	12
Min	12
Mino	12
Misa	12
Nandor	12
Naser	12
Nghia	12
Nhan	12
Nichlas	12
Niklaus	12
Nilla	12
Nuri	12
Oke	12
Onerva	12
Onnimanni	12
Otmar	12
Oulas	12
Petrov	12
Phuoc	12
Raed	12
Rafi	12
Rainerinpoika	12
Reini	12
Remus	12
Revontuli	12
Rohan	12
Rolfsson	12
Ruslan	12
Ruu	12
Sameer	12
Sándor	12
Seet	12
Semmi	12
Shah	12
Shawn	12
Solmu	12
Spencer	12
Storm	12
Tawfik	12
Teofiilus	12
Teuvonpoika	12
Theodoros	12
Timo-Pekka	12
Topinpoika	12
Totte	12
Trong	12
Tuovi	12
Velipekka	12
Veli-Tapio	12
Wibe	12
Wilfred	12
Wili	12
Willhard	12
Vitalis	12
Yahye	12
Yang	12
Yu	12
Yuan	12
Zoltán	12
Abdishakur	11
Abdiweli	11
Achilles	11
Adewale	11
Adrien	11
Alaric	11
Albiinus	11
Aldin	11
Alef	11
Alpin	11
Aly	11
Amadeo	11
Amjad	11
Anatole	11
Anseli	11
Antonino	11
Anttoo	11
Apollon	11
Aran	11
Ares	11
Arun	11
Asif	11
Aslakki	11
Asterix	11
Atef	11
Atilla	11
Ayad	11
Berk	11
Bertelsson	11
Bore	11
Boy	11
Brendan	11
Carl-Anders	11
Carmelo	11
Cassius	11
Chukwuemeka	11
Craig	11
Dage	11
Dale	11
Damon	11
Dinh	11
Dominick	11
Eben	11
Eilert	11
Elyas	11
Emel	11
Émile	11
Everett	11
Evgeni	11
Eyvind	11
Ezra	11
Faysal	11
Filipe	11
Franciscus	11
Georgiev	11
Germund	11
Gillis	11
Giorgio	11
Hakan	11
Harris	11
Haydar	11
Heiner	11
Heljo	11
Henriksson	11
Herpertti	11
Hersi	11
Hilari	11
Husein	11
Idor	11
Ikechukwu	11
Ikenna	11
Ingmarsson	11
Ioan	11
Ioannis	11
Jaafar	11
Janek	11
Jan-Håkan	11
Jan-Olav	11
Janus	11
Jaxon	11
Jin	11
Johanna	11
Julle	11
Jura	11
Jörg	11
Kaarlonpoika	11
Kader	11
Kajnpoika	11
Kallio	11
Karrinpoika	11
Kimani	11
Kontio	11
Kosma	11
Kostian	11
Kurt-Erik	11
Kuuno	11
Kössi	11
Lancelot	11
Larry	11
Latif	11
Logan	11
Lotfi	11
Lucian	11
Magne	11
Malte	11
Marcello	11
Marian	11
Markkus	11
Martino	11
Maunonpoika	11
Maximo	11
Mihai	11
Mihkel	11
Miran	11
Moalim	11
Murat	11
Mustafe	11
Nahuel	11
Najib	11
Najim	11
Nasser	11
Oo	11
Oskarinpoika	11
Othman	11
Paris	11
Quy	11
R	11
Ramazan	11
Randall	11
Reetu	11
Remi	11
Rey	11
Riad	11
Roomeo	11
Ruurikki	11
Saamuel	11
Samiel	11
Saulinpoika	11
Seif	11
Siad	11
Sigge	11
Sikstus	11
Sky	11
Sten-Olof	11
Stewart	11
Tao	11
Tarik	11
Taro	11
Taru	11
Timmy	11
Todd	11
Toivonpoika	11
Tomás	11
Travis	11
Tuong	11
Uskali	11
Usman	11
Utu	11
Wahab	11
Waleed	11
Veli-Veikko	11
Vento	11
Vernon	11
Wiljo	11
Willehart	11
Williams	11
Wisam	11
Vladislav	11
Wolf	11
Väiski	11
Yoda	11
Yunus	11
Öyvind	11
Abdelrahman	10
Abdirazak	10
Abdiwahab	10
Abdulazeez	10
Abdulrazzaq	10
Adekunle	10
Adriano	10
Aimonpoika	10
Akunpoika	10
Alawi	10
Albus	10
Aldur	10
Alin	10
Amiel	10
Andaras	10
Anis	10
Anselmus	10
Anskarius	10
Antonios	10
Are	10
Arie	10
Arni	10
Aro	10
Arssi	10
Asa	10
Askal	10
Assari	10
Auguste	10
Austin	10
Avraham	10
Ayomide	10
Bashiir	10
Bo-Anders	10
Bogislaus	10
Bosson	10
Burak	10
Börjesson	10
Carl-Fredrik	10
Carl-Wilhelm	10
Chi	10
Cyril	10
Dariush	10
Davide	10
Davis	10
Dawit	10
Dawood	10
Deng	10
Dexter	10
Din	10
Edison	10
Edwart	10
Eera	10
Eewert	10
Ege	10
Elessar	10
Elie	10
Emilian	10
Ener	10
Enver	10
Ere	10
Erikinpoika	10
Erkki-Mikael	10
Eros	10
Etienne	10
Eugenio	10
Evind	10
Georgij	10
Gérard	10
Geronimo	10
Ghalib	10
Ghassan	10
Gregori	10
Gunnarson	10
Haitham	10
Halil	10
Halim	10
Hanne	10
Hannibal	10
Hans-Olof	10
Hashem	10
Helke	10
Henrick	10
Hiep	10
Hirsi	10
Hristov	10
Huseen	10
Ilia	10
Ilmarinpoika	10
Ingo	10
Ireneus	10
Jabar	10
Jacek	10
Jakub	10
Jan-Ola	10
Jaron	10
Jaroslav	10
Jens-Erik	10
Jesaja	10
Joackim	10
Joaquin	10
Johanni	10
Johny	10
Jona	10
Jorinpoika	10
Josiah	10
Josias	10
Kaarne	10
Kale	10
Kamel	10
Kang	10
Karl-Emil	10
Karl-Magnus	10
Kerem	10
Khoi	10
King	10
Klas-Göran	10
Kultimo	10
Kåre	10
Lars-Gunnar	10
Leanteri	10
Lenna	10
Lester	10
Linh	10
Lino	10
Ludovic	10
Ludvik	10
Mart	10
Marttin	10
Mathieu	10
Matti-Pekka	10
Matts-Erik	10
Matvei	10
Maunus	10
Mauro	10
Maximiliam	10
Maxmilian	10
Mikel	10
Mikkeli	10
Milad	10
Moalin	10
Mowlid	10
Muayad	10
Murad	10
Narayan	10
Nasim	10
Nesta	10
Nhut	10
Nick	10
Nicky	10
Nikki	10
Nils-Göran	10
Nima	10
Noak	10
Nuka	10
Obinna	10
Olad	10
Olalekan	10
Oski	10
Otakar	10
Panagiotis	10
Patrikki	10
Peitsa	10
Per-Anders	10
Piera	10
Prakash	10
Quoc	10
Rafik	10
Ragnarsson	10
Rainier	10
Ricky	10
Roberth	10
Roderick	10
Romano	10
Ronan	10
Rui	10
Rupert	10
Ruupert	10
Ruupertti	10
Sadeq	10
Sadiq	10
Saif	10
Saleem	10
Sameh	10
Samponpoika	10
Semi	10
Serkan	10
Shahid	10
Shahin	10
Shaker	10
Siimoni	10
Siivertti	10
Soliman	10
Stanislav	10
Stefansson	10
Sumu	10
Sven-Åke	10
Tamer	10
Tami	10
Tankred	10
Terje	10
Teutori	10
Thomasson	10
Thong	10
Timofei	10
Toive	10
Ugochukwu	10
Ukkopekka	10
Ullah	10
Urbanus	10
Valentine	10
Weli	10
Veli-Tapani	10
Vilhart	10
Vilius	10
Villem	10
Willjam	10
Wincent	10
Vinsentti	10
Zuhair	10
Öjvind	10
Ömer	10
Aabrami	9
Aamunvalo	9
Aarnio	9
Abdelkarim	9
Abdukadir	9
Abid	9
Abu	9
Adem	9
Adriaan	9
Adriel	9
Akatius	9
Aldo	9
Aleksandros	9
Alekseij	9
Alho	9
Alpha	9
Amatus	9
Ameen	9
Anderson	9
Andree	9
Andrey	9
Anshelmi	9
Anti	9
Arild	9
Arin	9
Ario	9
Arndt	9
Arpia	9
Artem	9
Artto	9
Arviidi	9
Asaad	9
Asghar	9
Ashton	9
Ásllat	9
Atri	9
Auer	9
Augustine	9
Aung	9
Auri	9
Bahaa	9
Bakar	9
Bakr	9
Baris	9
Bashar	9
Bengt-Johan	9
Bernd	9
Bile	9
Bill	9
Björn-Erik	9
Blake	9
Blue	9
Bobby	9
Bo-Johan	9
Boleslaw	9
Camillo	9
Carl-Olof	9
Carl-Oskar	9
Cem	9
Christiano	9
Constantine	9
Cooper	9
Didier	9
Dong	9
Earl	9
Eddin	9
Eeki	9
Eeles	9
Eetunpoika	9
Eetvart	9
Eligius	9
Émil	9
Enes	9
Ennio	9
Erkan	9
Erkki-Juhani	9
Erol	9
Fabio	9
Filipp	9
Floyd	9
Gael	9
Gavin	9
Gerardus	9
Gerrit	9
Gharib	9
Giacomo	9
Giulio	9
Guillaume	9
Hamilkar	9
Hanad	9
Hans-Göran	9
Hassen	9
Hua	9
Ibrahima	9
Iisko	9
Iiwari	9
Iko	9
Imad	9
Ingram	9
Isman	9
Istvan	9
Jan-Emil	9
Jan-Eric	9
Jan-Robert	9
Janusz	9
Jaroel	9
Jaroslaw	9
Jayson	9
Jefferson	9
Jekku	9
Jibril	9
Jirko	9
Joan	9
Jobi	9
Joël	9
Johansson	9
Joonanpoika	9
Jouna	9
Jozef	9
Jude	9
Jukka-Petteri	9
Junno	9
Jyväs	9
Jöran	9
Kaiho	9
Kaimo	9
Kajo	9
Kassius	9
Kibet	9
Kieran	9
Kimsson	9
Kipkoech	9
Kiran	9
Klas-Erik	9
Knuut	9
Kristen	9
Kristeri	9
Lars-Henrik	9
Levent	9
Loc	9
Lou	9
Louie	9
Majed	9
Manh	9
Marcelino	9
Marcin	9
Martinsson	9
Matt	9
Matti-Mikael	9
Maverick	9
Meir	9
Melwin	9
Michaël	9
Micke	9
Mihkal	9
Miitrei	9
Mikaël	9
Mirza	9
Misha	9
Mitri	9
Mohan	9
Mokhtar	9
Mounir	9
Nader	9
Nadir	9
Namir	9
Natan	9
Nils-Eric	9
Nils-Olof	9
Nilsson	9
Odd	9
Olanrewaju	9
Orhan	9
Osama	9
Pawel	9
Pehr-Erik	9
Phoenix	9
Qader	9
Raheem	9
Randolf	9
Reda	9
Rei	9
Rein	9
Rickhart	9
Riiko	9
Riley	9
Robertsson	9
Robi	9
Rocky	9
Ronni	9
S	9
Saber	9
Sacha	9
Safaa	9
Salamo	9
San	9
Sanfred	9
Sattar	9
Sebastiano	9
Set	9
Shakir	9
Sharma	9
Shwan	9
Simuna	9
Sina	9
Sixtus	9
Stellan	9
Stensson	9
Sturle	9
Surya	9
Talvi	9
Teljo	9
Tian	9
Tiera	9
Tin	9
Toivio	9
Toma	9
Tommaso	9
Torkel	9
Torstenson	9
Uchenna	9
Umut	9
Vasilis	9
Weikka	9
Veli-Martti	9
Vennu	9
Vicktor	9
Widar	9
Ville-Matias	9
Villjam	9
Win	9
Vinsent	9
Wladimir	9
Von	9
Xander	9
Xuan	9
Yan	9
Yann	9
Zaher	9
Aappi	8
Abdelhamid	8
Abdimalik	8
Abdiwahid	8
Abdulaahi	8
Abdulaziz	8
Abdulhussain	8
Aihe	8
Aiman	8
Akif	8
Akim	8
Alban	8
Albrecht	8
Aleksandar	8
Aleksandrovich	8
Alje	8
Allah	8
Allu	8
Amani	8
Andrzej	8
Anthoni	8
Arkadi	8
Arnulf	8
Artin	8
Arvin	8
Aslam	8
Aurel	8
Aweys	8
Axeli	8
Ayodele	8
Badal	8
Balthasar	8
Barry	8
Benedictus	8
Bennett	8
Benno	8
Berthold	8
Brett	8
C	8
Casperi	8
Chung	8
Cyrus	8
Daahir	8
Dakhil	8
Danh	8
Danil	8
Demian	8
Deniel	8
Dheyaa	8
Dimidri	8
Do	8
Eber	8
Edi	8
Edil	8
Efosa	8
Egert	8
Eghosa	8
Eino-Juhani	8
Eino-Pekka	8
Eliezer	8
Elija	8
Elion	8
Elwood	8
Emanuele	8
Erdem	8
Ernonpoika	8
Esa-Matti	8
Even	8
Everi	8
Fadil	8
Faraj	8
Fareed	8
Farouk	8
Fattah	8
Feisal	8
Feudor	8
Franck	8
Freddie	8
Fredrikki	8
Gabriele	8
Gamal	8
Gustaf-Adolf	8
Gustave	8
Hans-Peter	8
Hansson	8
Hany	8
Haraldsson	8
Harding	8
Hartvig	8
Hemi	8
Hille	8
Hilmeri	8
Hilpi	8
Hin	8
Hiskia	8
Hjalte	8
Huan	8
Idriss	8
Ifeanyi	8
Ihsan	8
Ikaros	8
Irving	8
Isa	8
Iska	8
Ismaan	8
Jaafet	8
Jaarli	8
Jasem	8
Jegor	8
Jehki	8
Jesús	8
João	8
Jochum	8
Johanas	8
Jomi	8
Jonathon	8
Joosu	8
Jung	8
Kaapre	8
Kaarel	8
Kaipia	8
Karl-Alfred	8
Karl-Kristian	8
Karl-Åke	8
Kashmir	8
Keke	8
Khai	8
Kristianinpoika	8
Kwadwo	8
Kwasi	8
Laine	8
Lajos	8
Lamine	8
Leone	8
Levente	8
Liibaan	8
Loui	8
Lumi	8
Lumo	8
Mac	8
Magdi	8
Malakia	8
Margus	8
Marios	8
Marko-Tapio	8
Masood	8
Mateusz	8
Mats-Johan	8
Mauritsi	8
Maximiliano	8
Mazin	8
Miliam	8
Miso	8
Mohanad	8
Moustafa	8
Muhudin	8
Mustapha	8
Nabi	8
Nazar	8
Nilo	8
Nimrod	8
Njuguna	8
Noé	8
Nolan	8
Nor	8
Nousia	8
Nova	8
Nuno	8
Octavio	8
Olli-Matti	8
Omondi	8
Onervo	8
Onni-Matias	8
Onnipekka	8
Otto-Pekka	8
Otto-Ville	8
Ovllá	8
Petar	8
Péter	8
Peterson	8
Pether	8
Petr	8
Qasem	8
Ramón	8
Randolph	8
Rauf	8
Raúl	8
Reginald	8
Reimanpoika	8
Reimo	8
Repo	8
Riyadh	8
Rodi	8
Rodion	8
Rowan	8
Rudy	8
Ruurik	8
Sabit	8
Saddam	8
Sadek	8
Sadredin	8
Saiful	8
Sakarja	8
Sakkeus	8
Salo	8
Saman	8
Sámmol	8
Samuelinpoika	8
Sante	8
Sefanja	8
Selmi	8
Sergeevich	8
Sheba	8
Shirwa	8
Somchai	8
Sulaiman	8
Sven-Ole	8
Süleyman	8
Tahir	8
Taieb	8
Tamás	8
Tarkan	8
Terhonpoika	8
Terry	8
Tesfaye	8
The	8
Théo	8
Thorleif	8
Thuong	8
Tico	8
Todorov	8
Tord	8
Tyson	8
Uki	8
Ul	8
Ulric	8
Uule	8
Wael	8
Wallace	8
Walton	8
Veli-Antero	8
Veli-Heikki	8
Veli-Petri	8
Wen	8
Viljonpoika	8
Willehad	8
Willi	8
Vilpuri	8
Wing	8
Vinha	8
Vlad	8
Wladyslaw	8
Wojciech	8
Yaser	8
Ykä	8
Yohannes	8
Yong	8
Yosef	8
Youcef	8
Yousuf	8
Yuusuf	8
Zackarias	8
Zaya	8
Örnulf	8
Aadi	7
Aanon	7
Abbood	7
Abdelaziz	7
Abdihakin	7
Abdihamid	7
Abdikafi	7
Abdiqaadir	7
Abdiwahaab	7
Abdulqader	7
Abubakar	7
Achille	7
Adjei	7
Adonis	7
Agapetus	7
Agaton	7
Ager	7
Ahad	7
Ahdinpoika	7
Ahmed-Nur	7
Ahtinpoika	7
Aimé	7
Akwasi	7
Alfa	7
Alf-Erik	7
Alias	7
Alkarim	7
Alper	7
Alponpoika	7
Alwin	7
Amadou	7
Amanuel	7
Anand	7
Ándaras	7
Andrejevitch	7
Ansel	7
António	7
Aqeel	7
Arcturus	7
Arden	7
Aristoteles	7
Arkko	7
Áron	7
Arvonpoika	7
Atem	7
Athanasios	7
Auku	7
Ayrton	7
Azeez	7
Bachir	7
Bailey	7
Bakir	7
Barnabas	7
Batu	7
Bear	7
Béla	7
Bennet	7
Berat	7
Bertrand	7
Blessing	7
Bogdan	7
Brahim	7
Cajus	7
Carl-August	7
Carl-Göran	7
Carsten	7
Catalin	7
Chan	7
Chau	7
Chijioke	7
Chisom	7
Chukwudi	7
Clemens	7
Columbus	7
Cosimo	7
Daaniel	7
Daoud	7
Darrell	7
Darren	7
Declan	7
Dev	7
Devin	7
Dimitris	7
Dirk	7
Dmitrievich	7
Domingo	7
Ebenezer	7
Eedvart	7
Eeri	7
Eetu-Oskari	7
Eigil	7
Einer	7
Einojuhani	7
Eiric	7
Eivind	7
Ekow	7
Elim	7
Emilia	7
Enar	7
Esbjörn	7
Espen	7
Essam	7
Ewan	7
Evangelos	7
Fatih	7
Feetu	7
Ferhat	7
Finlay	7
Finley	7
Florio	7
Frey	7
Freyvid	7
Furkan	7
Gabor	7
Gareth	7
Ghazi	7
Gino	7
Gorgees	7
Grels	7
Gunter	7
Gustav-Adolf	7
Halvar	7
Hanna	7
Haroun	7
Harrysson	7
Harun	7
Heandarat	7
Hedi	7
Hendrix	7
Heng	7
Hernan	7
Hessu	7
Hilpas	7
Him	7
Hussen	7
Ilan	7
Ilya	7
Indiana	7
Ingbert	7
Ingvard	7
Iro	7
Isaskar	7
Jad	7
Jael	7
Jameel	7
Jan-Sebastian	7
Jarlsson	7
Jassim	7
Jensen	7
Jeremie	7
Jerkko	7
Jerri	7
Jian	7
Johan-Erik	7
Johani	7
Johnson	7
Joniel	7
Jore	7
Jotaarkka	7
Joukamo	7
József	7
Juhapekka	7
Juho-Matias	7
Juno	7
Jurva	7
Jussi-Petteri	7
Juuhan	7
K.	7
Kaipio	7
Karan	7
Kariuki	7
Karlos	7
Keanu	7
Kerim	7
Kettil	7
Khamis	7
Kingston	7
Klemet	7
Koda	7
Kornelius	7
Kris	7
Kwan	7
Lal	7
Lauri-Pekka	7
Leandro	7
Leevinpoika	7
Leigh	7
Lennartti	7
Léo	7
Leonart	7
Lex	7
Liang	7
Loi	7
Luja	7
Ly	7
Maarten	7
Mackenzie	7
Makki	7
Mamdouh	7
Manni	7
Mansour	7
Marcusson	7
Márton	7
Masaki	7
Masao	7
Mason	7
Mattus	7
Maximilien	7
Md	7
Mekonnen	7
Meo	7
Micah	7
Michail	7
Miroslaw	7
Mischa	7
Moises	7
Morgen	7
Morits	7
Moshe	7
Mpho	7
Mårtensson	7
Nael	7
Naji	7
Neville	7
Newton	7
Nicolaas	7
Nikeforus	7
Nils-Gustav	7
Nio	7
Noeli	7
Ocean	7
Oki	7
Olatunde	7
Ollie	7
Ollipekka	7
Omid	7
Onni-Eemeli	7
Orma	7
Osvaldo	7
Otsonpoika	7
Outi	7
Owusu	7
Pavlovich	7
Perry	7
Petrikki	7
Phung	7
Ping	7
Pohto	7
Prosper	7
Putte	7
Pyrynpoika	7
Pyry-Pekka	7
Qays	7
Rachid	7
Rage	7
Rainenpoika	7
Ramin	7
Ramzi	7
Rashed	7
Reemus	7
Remo	7
Renato	7
Retu	7
Ridha	7
Riki	7
Riza	7
Roo	7
Rubert	7
Saadoon	7
Sabir	7
Sadi	7
Samer	7
Santunpoika	7
Saveli	7
Shane	7
Sheng	7
Sherzad	7
Shing	7
Siinto	7
Sinclair	7
Sirwan	7
Siyabonga	7
Sofiane	7
Sonny	7
Stavros	7
Subhi	7
Sven-Mikael	7
Takashi	7
Talha	7
Teoman	7
Thierry	7
Thuan	7
Ting	7
Toralf	7
Tran	7
Tuli	7
Tyrsky	7
Ulf-Peter	7
Umar	7
Wade	7
Wagner	7
Walle	7
Vanja	7
Vasilev	7
Vasilij	7
Veijari	7
Veikka-Valtteri	7
Veli-Jukka	7
Veli-Jussi	7
Veli-Matias	7
Venjamin	7
Vesa-Petteri	7
Vi	7
Viikari	7
Viilus	7
Vilhem	7
Vili-Verneri	7
Viljari	7
Ville-Eemeli	7
Ville-Kalle	7
Ville-Verneri	7
Villhard	7
Vilmari	7
Wilperi	7
Vindician	7
Vladimirovich	7
Woitto	7
Wyatt	7
Yannick	7
Yassine	7
Yigit	7
Zacarias	7
Zahir	7
Zeus	7
Zoltan	7
Aadel	6
Aapel	6
Aarnonpoika	6
Abas	6
Abayomi	6
Abdellah	6
Abdelmajid	6
Abdifitaah	6
Abdifitah	6
Abdiladif	6
Abdilahi	6
Abdirizaq	6
Abdisalan	6
Abdou	6
Abduljabbar	6
Abdullaahi	6
Abdul-Latif	6
Abdulwahab	6
Abdurrahman	6
Adeola	6
Adom	6
Adrián	6
Afonso	6
Agnar	6
Agner	6
Ahma	6
Akio	6
Akmeeli	6
Aladar	6
Alas	6
Albertto	6
Albertus	6
Alexandrovich	6
Alinpoika	6
Alku	6
Alla	6
Allanti	6
Alva	6
Amr	6
Ana	6
Anastasios	6
Anatol	6
Andersen	6
Andrée	6
Angelov	6
Anreas	6
Ansgar	6
Anterias	6
Antonis	6
Antti-Matti	6
Antti-Oskari	6
Antti-Petteri	6
Araz	6
Arcene	6
Aref	6
Arel	6
Aristarkus	6
Arkadius	6
Arlo	6
Arpad	6
Arsalan	6
Arve	6
Asante	6
Asare	6
Asbjörn	6
Ashley	6
Asim	6
Assefa	6
Athos	6
Ati	6
Aydin	6
Ayodeji	6
Azim	6
Ba	6
Babatunde	6
Balder	6
Baltazar	6
Bamidele	6
Barre	6
Bartolomeus	6
Basita	6
Bassem	6
Battista	6
Bayram	6
Beat	6
Bechir	6
Bedirhan	6
Berndtsson	6
Boes	6
Bright	6
Brooklyn	6
Buster	6
Cai	6
Carl-Emil	6
Carl-Michael	6
Castiel	6
Cemal	6
César	6
Cesare	6
Charbel	6
Chege	6
Chibueze	6
Chidera	6
Chidiebere	6
Chidubem	6
Chinh	6
Cho	6
Christen	6
Christersson	6
Christo	6
Christoff	6
Chukwuebuka	6
Ciro	6
Clayton	6
Clinton	6
Collin	6
Conan	6
Conor	6
Crispin	6
Curtis	6
Dalton	6
Dan-Henrik	6
Deep	6
Demir	6
Devrim	6
Diar	6
Dilan	6
Dima	6
Doh	6
Donato	6
Duane	6
Ebrima	6
Edem	6
Edgardo	6
Eedi	6
Eelian	6
Eelu	6
Eeric	6
Egidius	6
Ehab	6
Ehsan	6
Einarsson	6
Eisa	6
Eitel	6
Ekrem	6
Elamin	6
Elden	6
Elio	6
Eljakim	6
Emerick	6
Emerson	6
Emmett	6
Endel	6
Eneas	6
Erko	6
Erne	6
Errol	6
Esam	6
Esa-Petteri	6
Esosa	6
Esra	6
Essa	6
Eti	6
Eugéne	6
F.	6
Faarah	6
Fadi	6
Fahim	6
Fakher	6
Faleh	6
Fares	6
Feelis	6
Felice	6
Ferdinant	6
Fernand	6
Frans-Erik	6
Frantisek	6
Fredrich	6
Frits	6
Gennadi	6
Gerardo	6
Gerd	6
German	6
Géza	6
Ghaleb	6
Gianni	6
Giuliano	6
Gristian	6
Guled	6
Gunbert	6
H	6
Haim	6
Hamdy	6
Hamish	6
Heineri	6
Helling	6
Henok	6
Hercules	6
Hermanninpoika	6
Hillervo	6
Hilmi	6
Hiroshi	6
Huvi	6
I.	6
Idir	6
Ihanto	6
Iikanpoika	6
Iikko	6
Iisku	6
Iker	6
Ilyes	6
Iman	6
Immeri	6
Irenius	6
Irfan	6
Isma	6
Ismet	6
Istervo	6
Jaden	6
Jafar	6
Jahn	6
Jamin	6
Jan-Evert	6
Jan-Gunnar	6
Jani-Juhani	6
Jani-Petteri	6
Jan-Magnus	6
Jan-Markus	6
Jansson	6
Jedidja	6
Jeff	6
Jeffery	6
Jerico	6
Jethro	6
Jhon	6
Jii	6
Joni-Petteri	6
Joppe	6
Josh	6
Josi	6
Juhán	6
Juhanna	6
Juhannus	6
Juha-Petri	6
Juha-Tapani	6
Juhopekka	6
Ka	6
Kain	6
Kaj-Gunnar	6
Kaj-Kristian	6
Kamu	6
Kane	6
Karam	6
Karl-Anton	6
Karl-Håkan	6
Karrar	6
Kassu	6
Kataja	6
Kawa	6
Kavin	6
Kayode	6
Kebede	6
Kelly	6
Kennedy	6
Kerry	6
Keung	6
Khalifa	6
Kjell-Åke	6
Knud	6
La	6
Lars-Mikael	6
Lars-Ove	6
Lassi-Pekka	6
Lauri-Juhani	6
Lazim	6
Leif-Johan	6
Leif-Åke	6
Leni	6
Liekki	6
Lille-Bror	6
Liu	6
Loki	6
Luay	6
Lucky	6
Luuka	6
Mabrouk	6
Magdy	6
Mahamoud	6
Mahir	6
Máhtte	6
Majok	6
Malkus	6
Manfrid	6
Manolito	6
Marinpoika	6
Marko-Juhani	6
Martialis	6
Marttiin	6
Matti-Petteri	6
Maurizio	6
Maxamed	6
Maximilliam	6
Mburu	6
Md.	6
Merkurius	6
Mertzi	6
Metin	6
Mica	6
Micheal	6
Miikkanpoika	6
Miikkula	6
Mikkal	6
Mikolas	6
Mikuel	6
Miron	6
Modou	6
Mohaimen	6
Mohd	6
Moose	6
Morrison	6
Mousa	6
Muhamad	6
Muhamud	6
Muhuyadin	6
Murtatha	6
Mwangi	6
Naim	6
Natthaphong	6
Nazir	6
Nehemiah	6
Nigel	6
Nikko	6
Nikolaev	6
Nils-Gustaf	6
Nouh	6
Oberon	6
Okan	6
Olamide	6
Olawale	6
Omed	6
Onni-Olavi	6
Onni-Petteri	6
Opeyemi	6
Opri	6
Orjo	6
Orson	6
Osamah	6
Ousmane	6
P	6
Pallas	6
Panteleimon	6
Papu	6
Patrikinpoika	6
Pavlos	6
Pena	6
Penna	6
Per-Ola	6
Per-Ove	6
Petri-Juhani	6
Pirkanpoika	6
Polus	6
Qassim	6
Qusay	6
Raafat	6
Radhi	6
Rae	6
Raimund	6
Ralf-Erik	6
Rambo	6
Ramos	6
Rautia	6
Ravi	6
Rehan	6
Reiner	6
Remy	6
Ren	6
Renaldo	6
Rhys	6
Ricard	6
Rick	6
Riggert	6
Rikardo	6
Ristomatti	6
Rocco	6
Romain	6
Romi	6
Rosario	6
Ruubert	6
Ryszard	6
Saarni	6
Saed	6
Saladin	6
Salar	6
Samae	6
Samar	6
Samy	6
Sanjay	6
Sardar	6
Sarkis	6
Seamus	6
Seán	6
Sebastião	6
Semir	6
Sergej	6
Severinpoika	6
Seyed	6
Shaban	6
Shabo	6
Shaheen	6
Shan	6
Shariif	6
Siilas	6
Siimeon	6
Simana	6
Simone	6
Simson	6
Sokrates	6
Sol	6
Song	6
Sorjo	6
Stigsson	6
Sufi	6
Sulayman	6
Sunday	6
Suonio	6
Sävel	6
Taavinpoika	6
Tadesse	6
Tafari	6
Talaat	6
Tanelinpoika	6
Tarkko	6
Terjo	6
Teudor	6
Theodorus	6
Theudor	6
Tho	6
Þór	6
Thorsten	6
Tiberius	6
Timon	6
Tobia	6
Toby	6
Toivi	6
Tommo	6
Tong	6
Toreson	6
Tudor	6
Tuuri	6
Tähtivalo	6
Ukko-Ilmari	6
Ukonpoika	6
Untonpoika	6
Urhea	6
Wahid	6
Valerio	6
Veli-Viljami	6
Wentzel	6
Wenzel	6
Vianor	6
Victorio	6
Vikki	6
Wilfrid	6
Vilgot	6
Wilhelmus	6
Viljar	6
Ville-Markus	6
Wilton	6
Vinjami	6
Yehuda	6
Yi	6
Yin	6
Yki	6
Younis	6
Zachariah	6
Zaman	6
Zane	6
Zeki	6
Zhang	6
Zheng	6
Zia	6
Ziad	6
Ziyad	6
Aali	5
Aallos	5
Aapa	5
Aares	5
Aario	5
Aatovi	5
Abdelfattah	5
Abdellatif	5
Abdirisaaq	5
Abdu	5
Abdulhadi	5
Abdul-Hussain	5
Abdulkader	5
Abdulridha	5
Ade	5
Adebayo	5
Ademola	5
Adrianus	5
Agane	5
Age	5
Ahmedey	5
Ahsan	5
Áilu	5
Ajibola	5
Akash	5
Akin	5
Aku-Pekka	5
Aku-Petteri	5
Alasdair	5
Albertino	5
Albiin	5
Alcides	5
Aleksandrovits	5
Alen	5
Alexinpoika	5
Alfie	5
Alfret	5
Altis	5
Alwari	5
Álvaro	5
Amado	5
Amadu	5
Ameer	5
Andor	5
Andri	5
Andrian	5
Angervo	5
Anini	5
Anjan	5
Anon	5
Ants	5
Antti-Olavi	5
Anttony	5
Anttooni	5
Anund	5
Arafat	5
Araya	5
Archie	5
Ardi	5
Arend	5
Ari-Petteri	5
Aris	5
Arje	5
Arjen	5
Arjun	5
Arneson	5
Asbjørn	5
Asher	5
Ashok	5
Asis	5
Aslakka	5
Asmund	5
Assad	5
Asseevi	5
Astley	5
Asto	5
Astro	5
Atanas	5
Atta	5
Aureliano	5
Avi	5
Avram	5
Ayanle	5
Ayden	5
Ayo	5
Azeem	5
Baboucarr	5
Badara	5
Bader	5
Bakary	5
Batuhan	5
Belal	5
Bengtson	5
Benoit	5
Bentley	5
Berg	5
Berkay	5
Berner	5
Bior	5
Bjorn	5
Björn-Olof	5
Bo-Håkan	5
Bora	5
Boyd	5
Brayden	5
Bronislaw	5
Brown	5
Bure	5
Buule	5
Börge	5
Carim	5
Carl-Christian	5
Carl-Vilhelm	5
Carl-William	5
Carter	5
Casmir	5
Cevin	5
Chang	5
Chatchai	5
Cherif	5
Chester	5
Chigozie	5
Chimezie	5
Chol	5
Christos	5
Chukwuma	5
Cicero	5
Cihan	5
Clarens	5
Clay	5
Clemente	5
Clifton	5
Clyde	5
Cole	5
Crispian	5
D	5
Dagiro	5
Damiano	5
Danel	5
Daniël	5
Dan-Olof	5
Dara	5
Darian	5
Dayeb	5
Demetrius	5
Derick	5
Desta	5
Diesel	5
Dindar	5
Dmitrij	5
Dogan	5
Dominikus	5
Dov	5
Du	5
Duru	5
Edgard	5
Edin	5
Ediz	5
Edsel	5
Edvald	5
Edvar	5
Eelon	5
Eerikinpoika	5
Eeropekka	5
Eetvi	5
Egnar	5
Eid	5
Eimert	5
Eino-Olavi	5
Eka	5
Eleazar	5
Elías	5
Eliseo	5
Eljami	5
Elving	5
Emad	5
Emrah	5
Eniola	5
Ennu	5
Erkanpoika	5
Erkki-Olavi	5
Erni	5
Ertan	5
Esaijas	5
Esmail	5
Esper	5
Esse	5
Esu	5
Falah	5
Farooq	5
Fawzi	5
Fedja	5
Fedor	5
Fenris	5
Ferry	5
Fikret	5
Filippos	5
Fitzgerald	5
Fjodor	5
Flemming	5
Fozi	5
Frans-Eemil	5
Fredriksson	5
Fridiof	5
Fridjof	5
Gábor	5
Gaetano	5
Geir	5
Ghani	5
Gheorghe	5
Gian	5
Girma	5
Gitau	5
Gonzalo	5
Goran	5
Grekorius	5
Grey	5
Guo	5
Guy-Erik	5
Güney	5
Ha	5
Haile	5
Hakki	5
Halvard	5
Hang	5
Hanif	5
Hanneksenpoika	5
Hans-Christian	5
Hanski	5
Haq	5
Harbi	5
Haris	5
Harrynpoika	5
Hartmut	5
Hau	5
Hazim	5
Heikka	5
Heikki-Pekka	5
Heimonpoika	5
Hellmuth	5
Henterikki	5
Hentrik	5
Herbertti	5
Herold	5
Hesham	5
Hing	5
Hirsch	5
Hla	5
Hoque	5
Horatio	5
Htet	5
Hui	5
Huima	5
Husamaldin	5
Husen	5
Hussien	5
Ibnu	5
Ignati	5
Igorevich	5
II	5
Iidor	5
Ilian	5
Indrek	5
Ingevald	5
Ingjald	5
Ingvarsson	5
Inmar	5
Ion	5
Ionut	5
Isaak	5
Ishak	5
Ishmael	5
Ivalo	5
Jaakop	5
Jaanos	5
Jaanus	5
Jahangir	5
Jahvet	5
Jai	5
Jakim	5
Jalava	5
Jalil	5
Jalle	5
Jan-Henry	5
Janne-Pekka	5
Jannu	5
Jan-Oscar	5
Jari-Juhani	5
Jari-Petteri	5
Jaspar	5
Jasser	5
Javad	5
Jax	5
Jean-Christian	5
Jean-Claude	5
Jean-Paul	5
Jericho	5
Jérôme	5
Jia	5
Jimmie	5
Jit	5
Jo	5
Joakimsson	5
Joakkim	5
Joao	5
Job	5
Joda	5
Joelinpoika	5
Jommi	5
Jonnie	5
Jonte	5
Joosep	5
Jopi	5
Joris	5
Josep	5
Jovnna	5
Joy	5
Juhael	5
Juha-Erkki	5
Juha-Olavi	5
Jumale	5
Justice	5
Jusuf	5
Jyri-Petteri	5
Kaabriel	5
Kaarl	5
Kadim	5
Kajus	5
Kalevo	5
Kalid	5
Kalle-Kustaa	5
Kalle-Pekka	5
Kalle-Petteri	5
Kari-Juhani	5
Karl-August	5
Karl-Oscar	5
Károly	5
Kazimierz	5
Kha	5
Khudhair	5
Killian	5
Kimutai	5
Kipchumba	5
Kiureli	5
Kjell-Ove	5
Klaes	5
Konstantinus	5
Konstu	5
Kostadinov	5
Krishan	5
Krisse	5
Kristan	5
Kristiano	5
Kuttura	5
Kwami	5
Lars-Eric	5
Lars-Gustav	5
Lauritsa	5
Lautaro	5
Lembit	5
Leontius	5
Leo-Pekka	5
Leung	5
Levin	5
Lincoln	5
Loimu	5
Lok	5
Lu	5
Lucio	5
Luiz	5
Luther	5
Luucas	5
Maario	5
Maciej	5
Mahmod	5
Mahmudul	5
Mahmut	5
Maks	5
Malachi	5
Mamadou	5
Mano	5
Mara	5
Marin	5
Marten	5
Marttiini	5
Martti-Mikael	5
Masoud	5
Master	5
Matiaksenpoika	5
Matin	5
Mattheus	5
Matti-Oskari	5
Matti-Viljami	5
Mayow	5
Mbugua	5
Mehran	5
Mensah	5
Merri	5
Michell	5
Midas	5
Mihkkal	5
Miikkali	5
Mikalis	5
Mikko-Juhani	5
Mikko-Matias	5
Miklós	5
Mikolaj	5
Miquel	5
Mir	5
Miroel	5
Mohamuud	5
Moh'd	5
Mohiadin	5
Moise	5
Moo	5
Morannal	5
Mordechai	5
Mosku	5
Moussa	5
Muhammet	5
Muhsin	5
Muhudiin	5
Munir	5
Munro	5
Murtaza	5
Musdaf	5
Muzher	5
Nabaz	5
Napat	5
Naphat	5
Nassir	5
Natanel	5
Nather	5
Nay	5
Ndegwa	5
Negash	5
Nessim	5
Nghi	5
Nicolae	5
Nicolaus	5
Nikander	5
Nike	5
Nikolaevich	5
Niko-Pekka	5
Nikos	5
Nils-Henrik	5
Nils-Otto	5
Nils-Peter	5
Nils-Åke	5
Nipa	5
Niran	5
Nyyti	5
Obadias	5
Ochieng	5
Odhiambo	5
Oku	5
Olivia	5
Olli-Veikko	5
Olliver	5
Olufemi	5
Olusegun	5
Oluwaseun	5
Onnenpoika	5
Onni-Antero	5
Onni-Ilmari	5
Osborne	5
Osei	5
Oso	5
Osvi	5
Otniel	5
Otro	5
Ousman	5
Ozan	5
Paju	5
Pal	5
Pate	5
Paw	5
Pedersen	5
Percy	5
Per-Gustav	5
Per-Olav	5
Petenpoika	5
Petruska	5
Pii	5
Platon	5
Poul	5
Pouta	5
Prem	5
Probus	5
Putra	5
Qadir	5
Qahtan	5
Qalif	5
Qi	5
Qnzawi	5
Quinn	5
Ragab	5
Raihan	5
Rajan	5
Ramsay	5
Randy	5
Rane	5
Ranjit	5
Rashad	5
Rebin	5
Reid	5
Reine	5
Renni	5
Repe	5
Ribert	5
Richardt	5
Rietrikki	5
Ringo	5
Rino	5
Risto-Pekka	5
Ritter	5
Roberd	5
Roble	5
Rock	5
Rodrigue	5
Rok	5
Rolf-Erik	5
Rolfson	5
Ronin	5
Roninpoika	5
Rooble	5
Rossi	5
Rostislav	5
Ru	5
Rüdiger	5
Sacharias	5
Safwat	5
Sahal	5
Sahid	5
Sahil	5
Salamon	5
Sami-Petteri	5
Sampanpoika	5
Sampsanpoika	5
Samuele	5
Samunpoika	5
Sandro	5
Sarmad	5
Sasa	5
Savas	5
Seikko	5
Serko	5
Seven	5
Shaheer	5
Shalom	5
Shankar	5
Shannon	5
Shanti	5
Sharmarke	5
Sheikhahmed	5
Shen	5
Shi	5
Shlomo	5
Shouaib	5
Shurie	5
Sid	5
Siddig	5
Siivert	5
Silvester	5
Simo-Samuli	5
Sipho	5
Slava	5
Sofia	5
Spiridon	5
Star	5
Steen	5
Stephane	5
Stoyanov	5
Su	5
Suliman	5
Sultan	5
Suresh	5
Susi	5
Sutherland	5
Swadi	5
Svein	5
Sydney	5
Syksy	5
Sylvain	5
Tahar	5
Tahlil	5
Tahto	5
Takeshi	5
Tane	5
Tang	5
Tani	5
Tanvir	5
Tarq	5
Tawfiq	5
Tefera	5
Tenhonpoika	5
Teno	5
Teodoro	5
Teofil	5
Tewodros	5
Thach	5
Thaher	5
Thanaphon	5
Tharwat	5
Théodore	5
Theon	5
Thiago	5
Thorild	5
Thorwald	5
Thuy	5
Tijani	5
Tommie	5
Tor-Alf	5
Toto	5
Toukonpoika	5
Trevor	5
Trieu	5
Tshwarelo	5
Tuhto	5
Tuomma	5
Tyrgils	5
Tyyko	5
Tähti	5
Uchechukwu	5
Ugur	5
Ur	5
Urhonpoika	5
Utujoutsi	5
Valdo	5
Vasilios	5
Veija	5
Veikko-Olavi	5
Veka	5
Veli-Antti	5
Veli-Ilmari	5
Veli-Mikko	5
Velimir	5
Venfrid	5
Veniamin	5
West	5
Viktorovich	5
Wilfried	5
Wilgot	5
Vilhartti	5
Ville-Juhani	5
Villemarkus	5
Willie	5
Wilmeri	5
Vince	5
Wolmari	5
Vuong	5
Xaver	5
Xiang	5
Xiao	5
Y	5
Yao	5
Yaqoob	5
Yavuz	5
Yilmaz	5
Ying	5
Ümit	5
Yngvar	5
Yohan	5
Younan	5
Yuki	5
Yun	5
Zacharia	5
Zahra	5
Zakeus	5
Zaw	5
Zayn	5
Zhao	5
Zhou	5
Ziya	5
