Maria	179418
Anneli	114366
Helena	110151
Kaarina	93248
Johanna	92746
Hannele	82241
Marjatta	80924
Kristiina	71183
Emilia	57027
Tuulikki	56686
Annikki	52472
Sofia	50189
Elina	47911
Maarit	47131
Susanna	47102
Liisa	44889
Katariina	44146
Inkeri	38956
Sinikka	33580
Kyllikki	33086
Orvokki	31144
Tellervo	29785
Karoliina	27822
Irmeli	26994
Pauliina	26838
Elisabet	25584
Eveliina	23303
Irene	19837
Elisabeth	19707
Leena	19569
Aurora	19304
Katriina	19074
Marika	18799
Tuulia	18761
Ilona	18742
Marjaana	18305
Marketta	17807
Marita	17675
Matilda	17656
Amanda	17476
Marja	17432
Anna	17025
Marianne	16931
Annika	16321
Olivia	15644
Linnea	15529
Anita	15425
Mirjami	15351
Sisko	15043
Maaria	14892
Aino	14793
Elisa	13660
Aleksandra	13281
Maija	13199
Riitta	13164
Birgitta	12268
Julia	12060
Alexandra	11656
Anniina	11285
Aulikki	10061
Margareta	9985
Kristina	9888
Hellevi	9762
Helmi	9760
Päivikki	9476
Mari	9297
Vilhelmiina	8906
Marjut	8891
Kaisa	8365
Helinä	8300
Mirjam	8272
Maritta	7978
Josefiina	7732
Iida	7635
Alina	7316
Ida	7202
Ellen	6982
Erika	6395
Margit	6364
Eliisa	6267
Esteri	6212
Hillevi	6147
Eeva	5989
Marjukka	5815
Marie	5633
Christina	5614
Annukka	5144
Henriikka	5118
Anni	5088
Mikaela	5058
Sylvia	4916
Onerva	4742
Isabella	4698
Lyydia	4689
Juulia	4672
Aliisa	4596
Anne	4577
Katarina	4556
Alice	4533
Terttu	4356
Viola	4334
Talvikki	4315
Amalia	4301
Alisa	4159
Katri	4154
Carita	4141
Elise	4032
Anna-Liisa	3998
Ester	3972
Susanne	3904
Jasmin	3886
Riikka	3851
Tuula	3761
Päivi	3597
Eerika	3586
Lotta	3584
Satu	3576
Elviira	3563
Maaret	3543
Cecilia	3540
Anitta	3526
Heleena	3483
Kerttu	3426
Laura	3379
Lilja	3307
Tuuli	3242
Wilhelmiina	3195
Adele	3173
Elsa	3165
Josefina	3117
Ingeborg	3110
Charlotta	3042
Hanna	2974
Elli	2916
Matleena	2891
Aada	2890
Martta	2885
Ella	2873
Anja	2808
Marianna	2808
Sara	2804
Helmiina	2784
Suvi	2716
Eliina	2687
Sanelma	2617
Elena	2611
Loviisa	2594
Emma	2582
Camilla	2581
Ritva	2575
Iiris	2569
Linnéa	2533
Eila	2502
Heidi	2489
Ulla	2380
Hilja	2309
Kirsi	2304
Anelma	2280
Lea	2278
Victoria	2274
Marja-Liisa	2189
Kirsti	2141
Anette	2079
Unelma	2077
Saara	2075
Louise	2068
Lumi	2059
Sirkka	2048
Margaretha	2043
Inari	2038
Marja-Leena	2032
Roosa	2032
Eva	2027
Astrid	2026
Annele	2010
Hilkka	2002
Lahja	1952
Aili	1943
Aune	1937
Lydia	1934
Sini	1914
Minna	1907
Regina	1877
Siiri	1860
Annina	1857
Adalmiina	1851
Ingrid	1848
Piritta	1842
Raakel	1833
Mirja	1816
Marina	1814
Ulrika	1797
Aliina	1792
Edith	1771
Irja	1768
Joanna	1741
Karin	1737
Noora	1735
Krista	1717
Ada	1689
Irina	1689
Sirpa	1688
Isabel	1686
Christine	1685
Paula	1681
Teresa	1659
Tiina	1630
Pirkko	1626
Jessica	1574
Sari	1573
Reetta	1568
Anastasia	1545
Meri	1544
Birgit	1541
Kaija	1539
Seija	1535
Heli	1531
Pirjo	1513
Carolina	1512
Minea	1508
Alma	1504
Karita	1491
Linda	1480
Eija	1477
Hilma	1473
Karolina	1465
Valpuri	1457
Mariia	1454
Hilda	1434
Wilhelmina	1433
Sanna	1432
Jaana	1420
Hellin	1416
Henrietta	1415
Jenny	1415
Aava	1411
Marleena	1410
Aila	1399
Viktoria	1379
Sofie	1374
Emmi	1361
Marjo	1361
Rauha	1358
Vappu	1346
Rosa	1345
Olga	1334
Charlotte	1320
Amelia	1316
Inka	1313
Patricia	1308
Tarja	1308
Daniela	1296
Katja	1284
Miia	1275
Mimosa	1272
Helvi	1271
Eleonoora	1264
Jemina	1261
Kanerva	1259
Iina	1257
Monica	1256
Rebekka	1251
Helene	1250
Eleonora	1243
Terhikki	1237
Siviä	1236
Pia	1231
Ingegerd	1218
Enni	1214
Gunilla	1212
Janina	1210
Lilian	1188
Merja	1180
Leila	1179
Jenni	1174
Erica	1172
Ursula	1165
Vuokko	1162
Raija	1153
Iris	1136
Fredrika	1135
Justiina	1135
Arja	1134
Lempi	1134
Milla	1134
Oona	1116
Mia	1113
Irma	1107
Lovisa	1098
Natalia	1098
Minttu	1094
Mariitta	1093
Veera	1087
Maire	1083
Auroora	1070
Vieno	1070
Magdalena	1058
Janika	1055
Milja	1054
Elizabeth	1045
Meeri	1039
Nina	1036
Monika	1033
Maija-Liisa	1032
Aurelia	1029
Selina	1028
Vanamo	1027
Mohamed	1021
Serafiina	1020
Riina	1017
Tyyne	1016
Eevi	1014
Jasmiina	1005
Melissa	1001
Vellamo	1001
Liina	999
Isla	997
Elvira	995
Adeliina	992
Vivian	987
Beatrice	982
Henrika	982
Mirella	980
Nea	979
Kirsikka	977
Fanny	973
Henna	970
Janette	970
Sanni	966
Veronica	966
Vanessa	960
Carina	949
Rakel	938
Elvi	935
Tiia	921
Sylvi	915
Vilhelmina	915
Venla	912
Helen	908
Outi	907
Peppiina	907
Amelie	902
Pirita	901
Silja	893
Teresia	892
Taimi	891
Lumia	888
Anna-Maria	882
Carola	876
Saga	875
Kaarin	869
Anu	865
Kerttuli	865
Susan	865
Annette	861
Janita	859
Margareetta	859
Harriet	853
Jasmine	852
Lisa	852
Agneta	851
Martina	849
Evelina	848
Petra	847
Viivi	843
Melina	842
Jenna	838
Saimi	837
Maarika	830
Mathilda	828
Solveig	826
Säde	822
Raili	820
Madeleine	819
Mariella	819
Vilma	808
Margareeta	796
Paulina	796
Tytti	780
Lemmikki	775
Aini	760
Caroline	754
Reeta	751
Taina	748
Niina	740
Juliaana	730
Asta	727
Edit	727
Lyyli	724
Piia	721
Virpi	711
Toini	710
Kastehelmi	709
Alli	706
Sonja	705
Yvonne	705
Kaisu	697
Hilla	696
Airi	695
Iines	691
Marlene	688
Soilikki	688
Elma	687
Inga	685
Miranda	683
Serafia	682
Annikka	678
Ahmed	676
Miriam	676
Tuija	675
Peppi	665
Fanni	658
Mira	658
Katrina	655
Sirkku	650
Michaela	649
Essi	648
Rebecca	645
Juliana	643
Taika	641
Armi	637
Elin	636
Kati	630
Minerva	628
Benita	627
Dagmar	625
Valentina	623
Laila	620
Lucia	619
Elle	615
Tanja	613
Mervi	611
Greta	606
Selma	604
Felicia	603
Senja	603
Beata	600
Sophie	599
Ava	588
Silvia	588
Ann-Mari	583
Anna-Maija	582
Saima	574
Micaela	565
Sointu	562
Aira	559
Taru	555
Aura	554
Kaisla	554
Ann	553
Rose	553
Synnöve	553
Ellinoora	551
Elmiina	551
Mailis	551
Ottilia	551
Oili	548
Ali	544
Natalie	542
Sophia	540
Angelica	539
Inger	536
Kukka-Maaria	532
Gabriella	529
Leea	529
Auli	526
Josefin	524
Soile	523
Vilja	523
Kukka	522
Eriika	520
Therese	519
Terese	517
Salme	516
Alissa	514
Augusta	514
Magdaleena	512
Marian	511
Miina	509
Annastiina	507
Adelia	505
Iita	505
Sarita	505
Lilli	501
Salla	500
Adelina	497
Saana	497
Ireene	495
Maiju	494
Nicole	494
Veronika	494
Mariel	492
Terhi	491
Hertta	490
Helli	487
Catharina	485
Cristina	484
Jade	483
Sofi	483
Serafina	482
Pihla	479
Eeva-Liisa	477
Aina	473
Brita	471
Josefine	471
Sirkka-Liisa	471
Antonia	469
Elea	469
Signe	469
Julianna	467
Sandra	466
Milena	465
Edla	463
Kristine	459
Emilie	456
Emmiina	454
Stiina	452
Stina	448
Eira	447
Isabelle	447
Sabina	447
Pilvi	446
Sigrid	444
Pinja	442
Mariana	440
Aallotar	439
Emelie	439
Erin	439
Laina	438
Ulriikka	437
Nuppu	436
Margaret	435
Diana	434
Eine	434
Hanneli	433
Alicia	432
Kiia	431
Helga	428
Mariaana	425
Abdi	423
Livia	417
Agnes	416
Bettina	415
Elna	413
Else	413
Maila	410
Alise	409
Neea	409
Andrea	408
Claudia	407
Catarina	402
Merita	402
Aleksiina	400
Vera	400
Heini	396
Jonna	396
Aamu	395
Anne-Mari	395
Tuulevi	395
Melinda	394
Stella	393
Nella	392
Ronja	392
Estelle	391
Nelli	390
Sohvi	387
Aida	384
Mila	383
Ingegärd	382
Michelle	382
Marikki	381
Luna	380
Mea	378
Jasmina	377
Viveka	377
Adessa	376
Iisa	376
Janica	376
Lilia	374
Marjanne	374
Angelina	373
Elsi	373
Fiona	373
Tilda	373
Alexsandra	372
Hassan	370
Lena	369
Mary	369
Varpu	369
Mai	367
Rosita	367
Ines	366
Eedit	365
Frida	365
Rosanna	364
Lumikki	362
Jessika	361
Petriina	359
Helka	357
Liisi	357
Bertta	354
Inga-Lill	354
Maj	354
Leona	351
Heljä	345
Henriika	344
Nathalie	343
Mielikki	338
Kustaava	336
Ruusu	336
Ainikki	332
Jeanette	332
Illusia	329
Mette	329
Saaga	329
Angela	328
Nora	328
Salli	328
Lisbeth	327
Desiree	325
Anne-Marie	324
Emily	324
Ulriika	324
Armiida	322
Eini	322
Marja-Terttu	320
Kristin	319
Adéle	316
Susann	315
Erja	314
Angelika	313
Mariann	312
Rebecka	311
Evelyn	310
Hillervo	307
Ilta	306
Lemmitty	305
Mariela	305
Ramona	305
Mona	304
Enna	303
Ann-Marie	302
Lauriina	302
Rauni	302
Abdullahi	300
Hellen	297
Jenniina	295
Mimmi	293
Ira	292
Soili	292
Ebba	288
May	288
Heta	286
Katharina	286
My	286
Margetta	285
Tea	285
Grace	282
Hanne	282
Lumina	282
Maj-Lis	281
Teija	281
Adalmina	279
Alva	279
Gunvor	279
Jennifer	279
Evelin	277
Mirva	277
Kielo	276
Marissa	276
Ellinor	275
Gabriela	275
Viveca	275
Hildegard	274
Karelia	274
Ruth	274
Ilmi	273
Odessa	272
Catherine	271
Eriikka	270
Josephine	269
Virve	269
Tatjana	267
Annamari	266
Henriette	266
Malviina	266
Inna	265
Petronella	265
Rita	264
Jane	263
Emelia	262
Ilmatar	262
Marit	262
Valborg	261
Alviina	259
Evelia	259
Maj-Britt	258
Merituuli	258
Aija	257
Karina	257
Klaudia	257
Anne-Maria	256
Larissa	256
Hedvig	255
Isa	255
Armida	254
Carmen	253
Hely	253
Kerstin	253
Theresia	253
Impi	252
Milana	252
Maya	251
Tamara	249
Caroliina	248
Theresa	247
Alexia	245
Pauline	243
Saija	243
Kia	241
Anna-Mari	240
Aniitta	239
Eleanor	239
Anna-Leena	237
Desiré	237
Marietta	237
Mirka	237
Barbara	234
Hellikki	234
Juuli	234
Kreeta	234
Valeria	234
Anne-Maj	233
Vadelma	233
Cassandra	232
Esther	232
Lenita	231
Marja-Riitta	230
Wilma	230
Margita	229
Sarianna	229
Jannika	227
Severiina	227
Alessia	226
Lina	226
Kamilla	225
Minja	225
Anastacia	224
Hulda	224
Sofianna	224
Briitta	223
Else-Maj	223
Ida-Maria	223
Bella	221
Suoma	221
Mariina	220
Unna	220
Valdine	220
Eden	219
Gunhild	218
Adolfiina	217
Berit	216
Salome	216
Estella	215
Katrin	215
Marica	215
Sarah	215
Viena	215
Leonora	214
Ruut	214
Ina	213
Pilvikki	213
Jelena	212
Annabella	211
Kreetta	211
Adina	210
Milka	210
Senni	210
Tuovi	209
Valma	209
Mohammed	208
Netta	207
Hussein	206
Isabell	205
Sade	205
Ann-Sofi	203
Ansa	203
Desirée	203
Lily	203
Maisa	203
Hellä	202
Annie	201
Lila	201
Usva	201
Omar	200
Saila	200
Yasmin	200
Esmeralda	199
Alessandra	198
Ragnhild	198
Fiia	197
Svea	195
Verna	195
Mercedes	194
Christin	193
Annaliisa	192
Jolanda	192
Siru	191
Riia	190
Marisa	189
Pirjetta	189
Eeva-Maria	188
Lisbet	188
Rosaliina	188
Eliisabet	187
Ibrahim	187
Lillemor	187
Mahamed	187
Viliina	187
Anna-Lisa	185
Ethel	185
Matintytär	185
Evita	184
Filippa	182
Ingalill	182
Mari-Anne	182
Ariel	181
Seela	181
Desire	179
Meea	178
Ulla-Maija	178
Pernilla	177
Seliina	177
Ihanelma	176
Marion	176
Bea	175
Gunnel	174
Ann-Christine	173
Janna	173
Jutta	173
Natasha	172
Simone	172
Christel	171
Minnea	171
Tarleena	171
Anna-Sofia	170
Antintytär	170
Doris	170
Ann-Christin	169
Barbro	169
Mohamud	169
Nanna	168
Lidia	167
Myy	167
Joy	166
Iida-Maria	165
Minni	165
Nelly	165
Anh	164
Britt	164
Meri-Tuuli	164
Ninni	164
Bernice	163
Eufemia	163
Sarianne	163
Abdirahman	162
Ann-Charlotte	162
Jennika	162
Rosalia	162
Ulrica	162
Annemari	161
Annica	161
Raisa	160
Titta	159
Moona	158
Anitra	156
Kim	156
Selena	156
Bettiina	155
Mariam	155
Marie-Louise	155
Christa	154
Janniina	154
Thuy	154
Henni	153
Annamaria	152
Juliet	152
Virva	152
Judith	150
Li	150
Mikontytär	149
Tatjaana	149
Denise	148
Onneli	147
Sabrina	147
Albertiina	146
Linn	146
Thu	146
Bianca	145
Markit	145
Adriana	144
Alexa	144
Kaneli	144
Tia	144
Britt-Marie	143
Dolores	143
Kastanja	143
Elida	142
Ellida	142
Gertrud	142
Maija-Leena	142
Suvituuli	142
Anna-Kaisa	140
Eivor	140
Fatima	140
Katinka	139
Nadja	139
Rose-Marie	139
Siri	139
Taija	139
Vilina	139
Ngoc	138
Phuong	138
Abdulkadir	137
Margarita	137
Eleanora	136
Ilse	136
Elissa	135
Ofelia	135
Yusuf	135
Juhantytär	134
Kaur	134
Rianna	134
Sarlotta	134
Karola	133
Lilly	133
Mariette	133
Ruusa	133
Sesilia	133
Timontytär	133
Cesilia	132
Isadora	132
Marjo-Riitta	132
Selja	132
Thanh	132
Annabel	131
Belinda	131
Christiina	131
Gunborg	131
Ingela	131
Juliette	131
Martha	131
Miisa	131
Naomi	131
Suometar	131
Antoinette	130
Helén	130
Rosalie	130
Tuire	130
Ilma	129
Irinja	129
Kiira	129
Antonina	128
Jadessa	128
Katerina	128
Marttiina	128
Pamela	128
Virginia	128
Åsa	128
Ann-Sofie	127
Dorothea	127
Rea	127
Saini	127
Malin	126
Melanie	126
Aletta	124
Iréne	124
Marinka	124
Mei	124
Nicola	124
Cornelia	123
Francesca	123
Kaino	123
Marjetta	123
Riitta-Liisa	123
Therése	123
Celina	122
Fransiina	122
Britta	121
Hanna-Maria	121
Malena	121
Nur	121
Stephanie	121
Emeliina	120
Eve	120
Lee	120
Marikka	120
Reija	119
Osman	118
Suvi-Tuulia	118
Ulpu	118
Ann-Kristin	117
Annu	117
Kristel	116
Lyyti	116
Marilla	116
Samira	116
Maari	115
Maja	115
Elice	114
Lyydi	114
Märta	114
Rachel	114
Riika	114
Gunnevi	113
Maarita	113
Aurinko	112
Emiilia	112
Clara	111
Elmi	111
Marija	111
Ria	111
Seelia	111
Eelin	110
Lili	110
Lynn	110
Vivi	110
Julie	109
Liinu	109
Mareena	109
Charlott	108
Liliana	108
Linh	108
Pirkitta	108
Rafaela	108
Clarissa	107
Evi	107
Fredriika	107
Lisette	107
Amina	106
Fredriikka	106
Heikintytär	106
Katrine	106
Said	106
Xenia	106
Alvina	105
Pipsa	105
Saskia	105
Eevastiina	104
Kirsi-Marja	104
Luisa	104
Melisa	104
Selene	104
Adalia	103
Ann-Louise	103
Eliana	103
Inga-Britt	103
Katherine	103
Louisa	103
Siina	103
Lumikukka	102
Mari-Ann	102
Merike	102
Pepita	102
Pirkko-Liisa	102
Raila	102
Amélie	101
Eva-Maria	101
Meimi	101
Siv	101
Amira	100
Marju	100
Ottiilia	100
Marlena	99
Emerentia	98
Manuela	98
Meri-Tuulia	98
Alida	97
Suvi-Tuuli	97
Abigail	96
Albertina	96
Carin	96
Eufrosyne	96
Heloisa	96
Jatta	96
Jemiina	96
Katjaana	96
Lia	96
Mae	96
Maia	96
Raakeli	96
Sabine	96
Adeline	95
Dorotea	95
Jarintytär	95
Malla	95
Mirkka	95
Nicolina	95
Peppina	95
Silva	95
Hanna-Leena	94
Liia	94
Lotte	94
Minka	94
Moonika	94
Serena	94
Anceliga	93
Safira	93
Aino-Maria	92
Akuliina	92
Aniita	92
Emilja	92
Hildur	92
Jean	92
Linea	92
Paloma	92
Ristiina	92
Selinda	92
Tara	92
Annelie	91
Celeste	91
Farah	91
Ilana	91
Jukantytär	91
Marjaleena	91
Neela	91
Vanilla	91
Danielle	90
Eloisa	90
Florence	90
Hannuntytär	90
Helle	90
Marguerite	90
Marielle	90
Vilmiina	90
Elliina	89
Iitu	89
Jekaterina	89
Lillian	89
Yasmine	89
Aline	88
Daniella	88
Leeni	88
Merika	88
Rosina	88
Alinda	87
Emili	87
Estrid	87
Laimi	87
Margot	87
Trang	87
Carolin	86
Eleanoora	86
Jasmiini	86
Madelene	86
Marlen	86
Mikantytär	86
Milaja	86
Rosa-Maria	86
Gerda	85
Hilppa	85
Mariita	85
Neelia	85
Serafiia	85
Tina	85
Agatha	84
Anneka	84
Elsie	84
Judit	84
Karen	84
Kira	84
Adela	83
Agda	83
Ainamo	83
Aleksia	83
Hannah	83
Iia	83
Jenina	83
Karintytär	83
Klara	83
Louna	83
Thao	83
Unnukka	83
Vanilja	83
Annastina	82
Eliise	82
Enne	82
Margareth	82
Marjanna	82
Pirketta	82
Saida	82
Sissi	82
Tuuliina	82
Tyyni	82
Elinor	81
Erna	81
Eugenia	81
Ismail	81
Mathilde	81
Nhi	81
Annuli	80
Elli-Noora	80
Hong	80
Klaara	80
Majlis	80
Suzanne	80
Tekla	80
Alfhild	79
Kajsa	79
Mandi	79
Roosa-Maria	79
Anna-Kaarina	78
Ariana	78
Huong	78
Mataleena	78
Noelle	78
Raita	78
Anne-Maarit	77
Auri	77
Frances	77
Hjördis	77
Irena	77
Lyylikki	77
Margitta	77
Tove	77
Alisia	76
Carla	76
Janet	76
Karoline	76
Maili	76
Tinja	76
Violet	76
Angel	75
Arianna	75
Cristiina	75
Etel	75
Irmelin	75
Lara	75
Aleksandrovna	74
Angervo	74
Anna-Lena	74
Claire	74
Gun	74
Karla	74
Manta	74
Margarethe	74
Minh	74
Ninja	74
Tessa	74
Toivikki	74
Ulpukka	74
Vivi-Ann	74
Celine	73
Eliisi	73
Gustava	73
Maj-Len	73
Merete	73
Odette	73
Sikuriina	73
Sipriina	73
Aisha	72
Annamaija	72
Elliida	72
Engla	72
Gudrun	72
Adolfina	71
Aleksantra	71
Beda	71
Britt-Mari	71
Jama	71
Mahamud	71
Ritva-Liisa	71
Tua	71
Tuisku	71
Vendela	71
Constance	70
Gloria	70
Ha	70
Henrica	70
Kamomilla	70
Maria-Liisa	70
Samantha	70
Valerie	70
Alexina	69
Anri	69
Betty	69
Caterina	69
Janni	69
Lan	69
Marke	69
Mirette	69
Sienna	69
Sofiia	69
Yolanda	69
Zahra	69
Denice	68
Elanor	68
Gabrielle	68
Ksenia	68
Tuyet	68
Fia	67
Halla	67
Jannina	67
Liv	67
Marjaliisa	67
Nadine	67
Priscilla	67
Sally	67
Seidi	67
Villiina	67
Vivia	67
Alexandria	66
Fiina	66
Freja	66
Gisela	66
Henniina	66
Inez	66
Jannica	66
Justina	66
Kathleen	66
Mainikki	66
Nova	66
Pekantytär	66
Taiga	66
Ulla-Britt	66
Ariela	65
Inge-Maj	65
Leia	65
Rosalina	65
Sarina	65
Valvikki	65
Eveline	64
Greetta	64
Jennina	64
Miljaana	64
Nita	64
Suvi-Päivikki	64
Tuomikki	64
Van	64
Villentytär	64
Vladimirovna	64
Vy	64
Aliisi	63
Casandra	63
Catrine	63
Eija-Liisa	63
Hanna-Liisa	63
Julietta	63
Julina	63
Maijastiina	63
Marena	63
Mari-Anna	63
Sirja	63
Soila	63
Sonia	63
Susa	63
Tähti	63
Abdirashid	62
Angelique	62
Arintytär	62
Valentiina	62
Viktoriina	62
Violetta	62
Elaine	61
Ia	61
Joan	61
Jussintytär	61
Kariina	61
Kukka-Maria	61
Maini	61
Markontytär	61
Marta	61
Sulevi	61
Alessa	60
Arla	60
Eleonor	60
Emmy	60
Heléne	60
Henriina	60
Jennica	60
Kristella	60
Maleena	60
Milma	60
Rut	60
Teea	60
Tindra	60
Vivika	60
Cristine	59
Edita	59
Eleni	59
Hanna-Mari	59
Liisa-Maria	59
Maryam	59
Moa	59
Paola	59
Pihlaja	59
Päivänsäde	59
Adella	58
Aden	58
Anika	58
Nana	58
Natali	58
Päivyt	58
Renate	58
Ros-Mari	58
Santra	58
Sinna	58
Thea	58
Vaula	58
Verona	58
Vivianne	58
Amalie	57
Ann-Charlott	57
Cathrine	57
Del	57
Hannamari	57
Hasan	57
Jacqueline	57
Keiju	57
Liana	57
Maritza	57
Noomi	57
Onnia	57
Petrintytär	57
Savannah	57
Alyssa	56
Anni-Maria	56
Auni	56
Birkitta	56
Eedla	56
Hope	56
Marléne	56
Mohammad	56
Märtha	56
Nikita	56
Raakkel	56
Viviana	56
Ann-Maj	55
Birgetta	55
Daalia	55
Dagny	55
Disa	55
Janiina	55
Janine	55
Jeannette	55
Karenina	55
Katarine	55
Maikki	55
Meliina	55
Minette	55
Mirja-Liisa	55
Nanette	55
Pieta	55
Pirjo-Riitta	55
Vendla	55
Agata	54
An	54
Catrin	54
Ewa	54
Göta	54
Ilo	54
Jeanne	54
Lauren	54
Lilianna	54
María	54
Marinella	54
Milda	54
Mirelle	54
Pelagia	54
Ruska	54
Sirena	54
Sorella	54
Tuutikki	54
Yen	54
Adelaide	53
Arlene	53
Celia	53
Eleena	53
Gurli	53
Leonore	53
Marjana	53
Nancy	53
Nanni	53
Renée	53
Rigmor	53
Rose-Maj	53
Angeliina	52
Catalina	52
Ensi	52
Freya	52
Henriksdotter	52
Luise	52
Malvina	52
Tehilla	52
Asteri	51
Carmela	51
Jaakontytär	51
Jenita	51
Joanne	51
Mianna	51
Miila	51
Miranna	51
Mustafa	51
Sani	51
Theodora	51
Viia	51
Vivianna	51
Ying	51
Ylva	51
Abukar	50
Ann-Katrin	50
Dahir	50
Elif	50
Gretel	50
Heinikki	50
Margarete	50
Mary-Ann	50
Matilde	50
Mikael	50
Nadia	50
Stefanie	50
Suleima	50
Anetta	49
Anina	49
Deborah	49
Eeva-Leena	49
Ekaterina	49
Leanna	49
Maaretta	49
Madelein	49
Marilyn	49
Markuntytär	49
Meh	49
Miilia	49
Abbas	48
Bashir	48
Dahlia	48
Edna	48
Eeva-Maija	48
Elisi	48
Elly	48
Franziska	48
Hélène	48
Huyen	48
Lise	48
Mariatta	48
Melody	48
Merituulia	48
Mikaelsdotter	48
Renata	48
Tarina	48
Vienna	48
Aaria	47
Abdullah	47
Aliise	47
Anna-Maaria	47
Anneliina	47
Arita	47
Beatrix	47
Chatarina	47
Desireé	47
Fredrica	47
Gun-Britt	47
Jannentytär	47
Leonie	47
Minella	47
Nga	47
Penelope	47
Venny	47
Adèle	46
Amy	46
Anna-Marja	46
Daria	46
Eliza	46
Hoa	46
June	46
Juudit	46
Keijukka	46
Merina	46
Otteliaana	46
Sivi	46
Ulla-Maj	46
Abdirizak	45
Ahmad	45
Alejandra	45
Ann-Britt	45
Eleonore	45
Fransilia	45
Hang	45
Kristian	45
Liselotte	45
Markareetta	45
Neilikka	45
Nhu	45
Rosalinda	45
Serina	45
Wellamo	45
Adan	44
Aleksina	44
Ancela	44
Andersdotter	44
Daisy	44
Désirée	44
Eeva-Kaarina	44
Hymy	44
Julianne	44
Kateriina	44
Maija-Riitta	44
Melita	44
Melodia	44
Miira	44
Rae	44
Sofiina	44
Thi	44
Viktorina	44
Zaida	44
Ailikki	43
Ann-Helen	43
Beada	43
Crista	43
Dung	43
Effia	43
Ellinora	43
Harrintytär	43
Ida-Sofia	43
Ingemo	43
Jamal	43
Jemima	43
Maileena	43
Maret	43
Martiina	43
Mirikli	43
Stefania	43
Vesantytär	43
Viktorovna	43
Ailiina	42
Annaleena	42
Ann-Lis	42
Annmari	42
Anuliina	42
Flora	42
Georgina	42
Madelaine	42
Merit	42
Meritta	42
Nathalia	42
Nette	42
Pricilla	42
Safia	42
Ailakki	41
Arja-Liisa	41
Beatriz	41
Eileen	41
Emine	41
Heldine	41
Hilde	41
Hille	41
Juanita	41
Kirsi-Maria	41
Laurintytär	41
Linne	41
Loan	41
Maren	41
Melida	41
Sanniina	41
Signhild	41
Abdifatah	40
Adanna	40
Annami	40
Anna-Riitta	40
April	40
Aria	40
Bodil	40
Chantal	40
Chi	40
Eerica	40
Elmiira	40
Esantytär	40
Esteriina	40
Fransiska	40
Ilkantytär	40
Khalid	40
Le	40
Liselott	40
Ly	40
Manteli	40
Marjorie	40
Mildred	40
Nenna	40
Noor	40
Pälvi	40
Samintytär	40
Simona	40
Susana	40
Teodora	40
Tuomaantytär	40
Tupuna	40
Vivan	40
Alfrida	39
Anjuska	39
Anna-Stina	39
Arnevi	39
Brigitte	39
Hanni	39
Johanne	39
Johansdotter	39
Juni	39
Karpalo	39
Kate	39
Madeline	39
Manda	39
Maritsa	39
Melek	39
Mi	39
Mimi	39
Ollintytär	39
Quynh	39
Renee	39
Runa	39
Sanna-Maria	39
Sirke	39
Solja	39
Tarita	39
Terése	39
Adaliina	38
Alexiina	38
Ancelika	38
Andréa	38
Anmari	38
Annariina	38
Assi	38
Athena	38
Celinda	38
Chiara	38
Christiane	38
Debora	38
Eline	38
Ella-Maria	38
Frederika	38
Inge	38
Ivanovna	38
Izabella	38
Jessiina	38
Jounintytär	38
Kiara	38
Kukkamaaria	38
Kuu	38
Leah	38
Mahad	38
Meerit	38
Pirjo-Liisa	38
Rauna	38
Safiira	38
Sharon	38
Svetlana	38
Tatiana	38
Thelma	38
Tiitu	38
Wanjiru	38
Aino-Maija	37
Airiina	37
Alexis	37
Apollonia	37
del	37
Dora	37
Eelia	37
Elvina	37
Emelina	37
Hanh	37
Jamina	37
Jarna	37
Larsdotter	37
Lauha	37
Linéa	37
Maaren	37
Marcella	37
Mariikka	37
Meryem	37
Miona	37
Nhung	37
Oma	37
Raakkeli	37
Repekka	37
Sanna-Liisa	37
Sarika	37
Savanna	37
Scarlett	37
Soraja	37
Tilde	37
Tuike	37
Abdul	36
Adam	36
Ani	36
Delila	36
Evy	36
Faith	36
Friida	36
Hilpi	36
Isolde	36
Janessa	36
Junia	36
Lise-Lotte	36
Lulu	36
Maria-Leena	36
Mina	36
Mirabella	36
Pomeliina	36
Rashid	36
Ristontytär	36
Saad	36
Sievä	36
Sivia	36
Snöfrid	36
Tapiontytär	36
Valo	36
Wambui	36
Adelle	35
Aleksa	35
Alica	35
Ama	35
Cindy	35
de	35
Emilla	35
Erkintytär	35
Frideborg	35
Illuusia	35
Iman	35
Jennie	35
Kay	35
Lianna	35
Liban	35
Liida	35
Lucy	35
Mahdi	35
Mahmoud	35
Nia	35
Nikolaevna	35
Paulette	35
Pulmu	35
Sadetta	35
Sanja	35
Sanna-Mari	35
Tam	35
Yasemin	35
Aniela	34
Anna-Stiina	34
Arabella	34
Ariella	34
Eerin	34
Elenor	34
Enneli	34
Galina	34
Helmina	34
Josefia	34
Joyce	34
Kuura	34
Leigh	34
Leontine	34
Lise-Lott	34
Margaretta	34
Maxine	34
Meiju	34
Minessa	34
Muisto	34
Ngan	34
Sharif	34
Sylva	34
Tania	34
Thyra	34
Tianna	34
Torborg	34
Unikko	34
Valpu	34
Wanjiku	34
Yasmina	34
Zoe	34
Adelea	33
Ainu	33
Anna-Karin	33
Annemarie	33
Dawn	33
Eea	33
Eeva-Riitta	33
Ellie	33
Eugenie	33
Faisal	33
Hinni	33
Jessi	33
Karolin	33
Katri-Helena	33
Lien	33
Lola	33
Malva	33
Maud	33
Muru	33
Nanny	33
Omena	33
Pasintytär	33
Tyra	33
Vi	33
Adeleine	32
Anna-Greta	32
Anna-Kristiina	32
Ann-Maria	32
Bich	32
Björnsdotter	32
Brigitta	32
Carol	32
Corinne	32
Dalia	32
Eerontytär	32
Evena	32
Fernanda	32
Helmi-Maria	32
Hippu	32
Katjuska	32
Kumari	32
Larisa	32
Ling	32
Madleena	32
Margherita	32
Mariah	32
Marjuska	32
Monique	32
Niia	32
Oline	32
Reea	32
Rosemarie	32
Ros-Marie	32
Salad	32
Sinella	32
Sirius	32
Talvi	32
Terontytär	32
Tiuku	32
Tuomontytär	32
Wiola	32
Abdikarim	31
Agafia	31
Aksiina	31
Annabelle	31
Arwen	31
Bao	31
Bertha	31
Cia	31
Dana	31
De	31
Diane	31
Dorrit	31
Eloise	31
Emina	31
Fransina	31
Gerd	31
Helly	31
Iira	31
Indira	31
Iona	31
Isse	31
Janintytär	31
Jarkontytär	31
Lin	31
Lucina	31
M.	31
Mansikka	31
Mari-Louise	31
Marine	31
Martintytär	31
Matlena	31
Metsätähti	31
Minttu-Maaria	31
Mohamad	31
Nelma	31
Salah	31
Solina	31
Suleiman	31
Ulfsdotter	31
Ulla-Maria	31
Vivien	31
Zara	31
Adelé	30
Agnete	30
Alena	30
Amilia	30
Anya	30
Artontytär	30
Athene	30
Aureelia	30
Avella	30
Axelina	30
Birgitte	30
Carlotta	30
Dina	30
Greeta	30
Hagar	30
Han	30
Hoang	30
Juhontytär	30
Kesäheinä	30
Lavinia	30
Linnèa	30
Lounatuuli	30
Miili	30
Mustikka	30
Ninette	30
Odelia	30
Otteliana	30
Pia-Maria	30
Roberta	30
Salama	30
Sara-Sofia	30
Soraya	30
Telma	30
Toive	30
Wairimu	30
Abdirisaq	29
Abdulle	29
Adnan	29
Anatoljevna	29
Anett	29
Annakaisa	29
Annaliina	29
Annemi	29
Artemis	29
Aster	29
Augustiina	29
Catariina	29
Donna	29
Ea	29
Eda	29
Eela	29
Elviina	29
Esme	29
Janiika	29
Lykke	29
Manna	29
Mariza	29
Markitta	29
Michele	29
Milea	29
Milli	29
Minna-Maria	29
Naemi	29
Neonilla	29
Nikolajevna	29
Njeri	29
Nour	29
Ragni	29
Teemuntytär	29
Tiia-Maria	29
Vineta	29
Violeta	29
Vivienne	29
Alba	28
Alexander	28
Alfiina	28
Ana	28
Anilla	28
Ann-Catrin	28
Asad	28
Audrey	28
Aukusta	28
Carelia	28
Eimi	28
Einikki	28
Elene	28
Elizabet	28
Elsbeth	28
Eva-Liisa	28
Freija	28
Geraldine	28
Henny	28
Hetti	28
Hien	28
Jansdotter	28
Jurjevna	28
Kristiine	28
Lisen	28
Lumilla	28
Lumimarja	28
Maare	28
Marcela	28
Marget	28
Martine	28
Naimi	28
Otteljaana	28
Petersdotter	28
Sätene	28
Tinka	28
Uni	28
Verena	28
Wiktoria	28
Xuan	28
Alfhilda	27
Aliida	27
Anna-Helena	27
Anne-Maija	27
Apila	27
Arja-Leena	27
Atieno	27
Edel	27
Eeva-Stiina	27
Ellevi	27
Enja	27
Farina	27
Franciska	27
Hamid	27
Hanna-Kaisa	27
Helfrid	27
Helkky	27
Hilve	27
Ihana	27
Iida-Sofia	27
Ivanova	27
Janetta	27
Jessina	27
Kesia	27
Kieu	27
Kimmontytär	27
Kuutar	27
Laine	27
Leonoora	27
Madelen	27
Maj-Gret	27
Marleene	27
Marlén	27
Mia-Maria	27
Minda	27
Minttu-Maria	27
Musse	27
Myrsky	27
Nguyet	27
Noelia	27
Oanh	27
Priitta	27
Raija-Liisa	27
Rosanne	27
Salman	27
Skye	27
Sofiel	27
Sole	27
Taisia	27
Tiiu	27
Tommintytär	27
Truc	27
Tulikki	27
Valentine	27
Varvara	27
Vivica	27
Adelie	26
Adil	26
Adrienne	26
Aleksandria	26
Anissa	26
Anna-Elina	26
Anne-May	26
Aylin	26
Aziz	26
Beate	26
Bent	26
Catherina	26
Chanel	26
Chloe	26
Ciara	26
Eedith	26
Eevamaria	26
Elektra	26
Elli-Maria	26
Emmaliina	26
Erikka	26
Irén	26
Jarmontytär	26
Johannes	26
Katharine	26
Khaled	26
Leyla	26
Maijaliisa	26
Mary-Anne	26
Nikola	26
Priita	26
Rhea	26
Sabah	26
Yee	26
Abdikadir	25
Abdillahi	25
Adelein	25
Aicha	25
Akintytär	25
Amber	25
Anastaasia	25
Anisa	25
Aretta	25
Avilla	25
Berta	25
Biritta	25
Camila	25
Catharine	25
Christiana	25
Diem	25
Dilara	25
Dorothy	25
Edvina	25
Elias	25
Esperanza	25
Eunice	25
Fay	25
Iren	25
Khanh	25
Kristen	25
Leone	25
Liza	25
Ludmila	25
Majvor	25
Margitha	25
Mariama	25
Markuksentytär	25
Marleen	25
Maura	25
Merette	25
Minéa	25
Molly	25
Philippa	25
Rosemary	25
Saeed	25
Sergeevna	25
Sidonia	25
Sina	25
Sini-Tuulia	25
Sirpa-Liisa	25
Suvi-Maaria	25
Tilma	25
Tomintytär	25
Vasiljevna	25
Viviann	25
Wanda	25
Wilhelmine	25
Abd	24
Abdikarin	24
Abdirisak	24
Abed	24
Adine	24
Alex	24
Anaïs	24
Aniina	24
Anna-Emilia	24
Anna-Katariina	24
Annimari	24
Auvikki	24
Avelia	24
Awa	24
Belle	24
Borisovna	24
Cam	24
Cecilie	24
Chau	24
Chioma	24
Crystal	24
Devi	24
Edina	24
Eloni	24
Enniina	24
Gunlög	24
Hannaleena	24
Iiri	24
Janice	24
Jarnontytär	24
Kaari	24
Katarzyna	24
Khadija	24
Kirsten	24
Leandra	24
Leni	24
Lilith	24
Lolita	24
Lorraine	24
Lynne	24
Malika	24
Malina	24
Mariko	24
Merikukka	24
Mihailovna	24
Norma	24
Olavi	24
Peppilotta	24
Pii	24
Ragnborg	24
Retriikka	24
Ruby	24
Sannamari	24
Sannukka	24
Sargit	24
Sheikh	24
Sulamit	24
Taikatuuli	24
Tanya	24
Tutteli	24
Abdiasis	23
Abshir	23
Agnieszka	23
Ai	23
Akviliina	23
Alda	23
Amadea	23
Amin	23
Anna-Riikka	23
Arianne	23
Aronia	23
Binte	23
Chelsea	23
Delia	23
Elfrida	23
Eliida	23
Eulalia	23
Fatma	23
Giovanna	23
Hermine	23
Hetastiina	23
India	23
Iselin	23
Isella	23
Kaariina	23
Kaija-Liisa	23
Kariitta	23
Khadar	23
Liidia	23
Lucie	23
Lumianna	23
Maarja	23
Mai-Lis	23
Margret	23
Mária	23
Marike	23
Market	23
Miikantytär	23
Mirjaana	23
Muthoni	23
Nicoletta	23
Nilla	23
Nuur	23
Opri	23
Petrina	23
Päivätär	23
Sakura	23
Sallamari	23
Satu-Maarit	23
Sera	23
Syrilla	23
Tessaliina	23
Tonintytär	23
Trinh	23
Unni	23
Veea	23
Yan	23
Yu	23
A.	22
Aino-Liisa	22
Alfa	22
Alia	22
Amelié	22
Anabel	22
Anne-Marja	22
Anniliina	22
Antonella	22
Berfin	22
Bernadette	22
Birit	22
Cara	22
Cilla	22
Dao	22
Darling	22
Eevaliisa	22
Eliisabeth	22
Elisia	22
Emil	22
Emiliina	22
Emmanuelle	22
Esikko	22
Etti	22
Eva-Stina	22
Farhan	22
Faye	22
Francisca	22
Fredriksdotter	22
Garita	22
Giang	22
Hanna-Maija	22
Hannelore	22
Hashim	22
Hedwig	22
Helea	22
Helin	22
Helina	22
Helpi	22
Htoo	22
Idamaria	22
Ifeoma	22
Ivy	22
Jaanika	22
Jasmi	22
Jekateriina	22
Jenika	22
Joana	22
Jolie	22
Juhani	22
Juulianna	22
Kallentytär	22
Kamal	22
Kelly	22
Kiana	22
Lisa-Maria	22
Lo	22
Lotta-Maria	22
Lusiina	22
Magda	22
Maree	22
Mariet	22
Mitra	22
Mona-Lisa	22
Natascha	22
Noona	22
Oivi	22
Ona	22
Otava	22
Paavontytär	22
Satu-Maaria	22
Sepontytär	22
Sinaida	22
Sol-Britt	22
Sorja	22
Stefansdotter	22
Suvi-Maria	22
Suzan	22
Svanhild	22
Thérèse	22
Thomasdotter	22
Tien	22
Varma	22
Yvette	22
Adel	21
Ameliina	21
Amilda	21
Angeli	21
Aninka	21
Annabell	21
Ariane	21
Auriina	21
Briita	21
Camille	21
Catrina	21
Desideria	21
Dorita	21
Elia	21
Exenia	21
Fuad	21
Hai	21
Haji	21
Hele	21
Hennariikka	21
Henna-Riikka	21
Isela	21
Isobel	21
Jaber	21
Jalmiina	21
Jana	21
Josetta	21
Kaisli	21
Kasmira	21
Kata	21
Kathrin	21
Kathrine	21
Kotivalo	21
Lam	21
Liivia	21
Lilla	21
Lorena	21
Louice	21
Lova	21
Love	21
Lumituuli	21
Madonna	21
Malou	21
Marella	21
Maretta	21
Marijaana	21
Marje	21
Marjeli	21
Marusja	21
Matsdotter	21
Maurintytär	21
Merihelmi	21
Mesimarja	21
Miitta	21
Milia	21
Ngozi	21
Nicolette	21
Niini	21
Nyambura	21
Otilia	21
Petrovna	21
Raquel	21
Rosmariini	21
Safina	21
Satu-Maria	21
Sigbritt	21
Simontytär	21
Sol	21
Sunneva	21
Susannah	21
Tiana	21
Tii	21
Tran	21
Una	21
Valencia	21
Viivia	21
Zainab	21
Abdallah	20
Abdinasir	20
Abdisalam	20
Alberta	20
Alison	20
Almiina	20
Ananda	20
Annimaria	20
Arya	20
Ashley	20
Aslög	20
Blondine	20
Brianna	20
Clare	20
Claudine	20
Damaris	20
Effi	20
Else-May	20
Elvia	20
Eriksdotter	20
Gabriele	20
Georgia	20
Gisella	20
Hannamaria	20
Hayder	20
Hua	20
Hue	20
Idun	20
Ilaria	20
Inessa	20
Janella	20
Jarita	20
Jonasdotter	20
Jyrkintytär	20
Karlotta	20
Kassandra	20
Kaste-Helmi	20
Kathryn	20
Kylli	20
Leinikki	20
Liisu	20
Linda-Maria	20
Maribel	20
Mariliina	20
Marjale	20
Melise	20
Meriel	20
Milla-Maria	20
Natasia	20
Oliwia	20
Phung	20
Quyen	20
Rani	20
Retriika	20
Risten	20
Robertsdotter	20
Runo	20
Ruu	20
Sabriina	20
Shannon	20
Siro	20
Sohvia	20
Su	20
Taava	20
Tanita	20
Tarjaana	20
Theres	20
Titania	20
Tu	20
Tulikukka	20
Tuomi	20
Urpu	20
Valvatti	20
Zofia	20
Aadan	19
Aalia	19
Abdiaziz	19
Akveliina	19
Alexandrovna	19
Anastasija	19
Anja-Liisa	19
Annmarie	19
Ariadne	19
Aurea	19
Ayse	19
Blessing	19
Darja	19
Ela	19
Elmina	19
Emilija	19
Ernestine	19
Eskontytär	19
Etta	19
Gitta	19
Hadi	19
Hashi	19
Hazel	19
Heidi-Maria	19
Hilla-Maria	19
Irène	19
Jamila	19
Joseph	19
Juli	19
Katalin	19
Kimsdotter	19
Kitty	19
Laura-Maria	19
Liisukka	19
Liliane	19
Lourdes	19
Lyylia	19
Magnusdotter	19
Malaika	19
Mariija	19
Merilla	19
Miia-Maria	19
Miretta	19
Muhumed	19
Mumin	19
Muse	19
Noel	19
Pilar	19
Puolukka	19
Rosario	19
Saleh	19
Salla-Maaria	19
Sanna-Maija	19
Saritta	19
Secilia	19
Solbritt	19
Soma	19
Susette	19
Sylvie	19
Sävy	19
Tahiti	19
Thien	19
Tia-Maria	19
Tiffany	19
Tuuli-Maria	19
Ulrike	19
Viona	19
Viva	19
Wera	19
Yang	19
Yasin	19
Zeynep	19
Aadolfiina	18
Abdalla	18
Abdulrahman	18
Adonika	18
Ainomaria	18
Aino-Sofia	18
Airikki	18
Akua	18
Aleyna	18
Allegra	18
Amal	18
Anais	18
Ania	18
Annalisa	18
Anne-Charlotte	18
Anselika	18
Augustina	18
Caitlin	18
Chloé	18
Christal	18
Christiansdotter	18
Cristin	18
Daniel	18
Dominique	18
Eeva-Marja	18
Eili	18
Elizaveta	18
Elsa-Maria	18
Enya	18
Esra	18
Fransilja	18
Gia	18
Gun-Lis	18
Gunn-Britt	18
Halina	18
Hani	18
Hedda	18
Helianna	18
Ingemaj	18
Jabbar	18
James	18
Jasim	18
Joline	18
Josefiia	18
Joséphine	18
Juhanintytär	18
Justine	18
Kaisa-Maria	18
Katherina	18
Katia	18
Kiti	18
Liila	18
Lizette	18
Mabel	18
Madicken	18
Marié	18
Marii	18
Maryanne	18
Merikki	18
Miida	18
Militsa	18
Muhamed	18
Omelia	18
Paulikki	18
Petriikka	18
Roosa-Maaria	18
Salih	18
Sallamaari	18
Salla-Mari	18
Salma	18
Saranda	18
Sariina	18
Sue	18
Suzanna	18
Terttuli	18
Toussainte	18
Uyen	18
Vicktoria	18
Viviane	18
Yousif	18
Zelda	18
Zohra	18
Abdiwali	17
Abdulqadir	17
Agnetha	17
Aisla	17
Alana	17
Alekseevna	17
Alesia	17
Anna-Maarit	17
Anni-Maj	17
Ann-Nina	17
Anriikka	17
Antoniina	17
Britt-Louise	17
Cajsa	17
Carolyn	17
Duyen	17
Edviina	17
Eeva-Kaisa	17
Eevaleena	17
Elfiina	17
Elmira	17
Eva-Lisa	17
Eva-Marie	17
Evastiina	17
Evin	17
Francine	17
Gun-Maj	17
Görel	17
Heili	17
Henrita	17
Ingvor	17
Irené	17
Iro	17
Jael	17
Jo	17
Josephina	17
Josette	17
Kamil	17
Kulta	17
Layla	17
Leanne	17
Lis	17
Lisa-Marie	17
Maijeli	17
Mairit	17
Meira	17
Melia	17
Menni	17
Milla-Maaria	17
Ming	17
Minne	17
Minnie	17
Naz	17
Nicoline	17
Noella	17
Novalie	17
Olofsdotter	17
Paju	17
Pellava	17
Princess	17
Rania	17
Rosamaria	17
Rose-May	17
Salla-Maria	17
Sarai	17
Shanti	17
Shire	17
Sibel	17
Silla	17
Sunniva	17
Suvituulia	17
Tabita	17
Tiiti	17
Tomasdotter	17
Tuyen	17
Valona	17
Vida	17
Wilda	17
Willow	17
Yael	17
Aarika	16
Abdirahim	16
Ada-Maria	16
Adelei	16
Adelin	16
Agneetta	16
Alexandrine	16
Alisha	16
Amandine	16
Amrita	16
Anna-Marie	16
Anne-Marita	16
Anselmiina	16
Arielle	16
Athina	16
Aviva	16
Awil	16
Beatta	16
Beeda	16
Cariina	16
Céline	16
Chiamaka	16
Daud	16
Dmitrievna	16
Eleana	16
Enia	16
Estel	16
Eudokia	16
Evangeline	16
Fatou	16
Fei	16
Freyja	16
Fu	16
Gunbritt	16
Gun-Marie	16
Hameed	16
Hanad	16
Heleni	16
Inga-Lis	16
Ivana	16
Jannike	16
Jasmiin	16
Kaisi	16
Karissa	16
Katleena	16
Khalif	16
Kirstiina	16
Kristiana	16
Lene	16
Leonidovna	16
Leticia	16
Liljaana	16
Lill	16
Loretta	16
Lumo	16
Maarikka	16
Maininki	16
Mar	16
Margrethe	16
Mariell	16
Markareeta	16
Melian	16
Meri-Helmi	16
Mesi	16
Minna-Liisa	16
Mohamoud	16
Mukhtar	16
Nelia	16
Nilsdotter	16
Ninna	16
Olive	16
Pavlovna	16
Peggy	16
Ping	16
Pioni	16
Piretta	16
Pirre	16
Rina	16
Robin	16
Ruusunnuppu	16
Selia	16
Senia	16
Serafima	16
Silvana	16
Soja	16
Solange	16
Soledad	16
Suvikki	16
Synnove	16
Teressa	16
Utu	16
Vega	16
Viima	16
Violette	16
Wangui	16
Wenla	16
Wictoria	16
Xin	16
Aaliyah	15
Adile	15
Adjoa	15
Aileen	15
Aimi	15
Aksa	15
Ambrosia	15
Aminda	15
Anerva	15
Anna-Bella	15
Anna-Reetta	15
Anne-Mai	15
Anni-Sofia	15
Ann-Katrine	15
Aralia	15
Aya	15
Beea	15
Caramia	15
Cynthia	15
Decire	15
Dieu	15
Dolly	15
Edda	15
Edwina	15
Elinda	15
Ellan	15
Ellanoora	15
Ellimaria	15
Elva	15
Evella	15
Faina	15
Gustaava	15
Habib	15
Hansdotter	15
Havina	15
Heline	15
Helleni	15
Hendrika	15
Henriitta	15
Henrikka	15
Hilkka-Liisa	15
Håkansdotter	15
Ioana	15
Irmgard	15
Isatou	15
Ismael	15
Janitta	15
Jenica	15
Jill	15
Jing	15
Josefa	15
Kaintytär	15
Kareem	15
Karim	15
Karima	15
Kersti	15
Kevät	15
Khalil	15
Kimberly	15
Laure	15
Leena-Maria	15
Lida	15
Line	15
Luciana	15
Lumihelmi	15
Luminea	15
Maareta	15
Madison	15
Mahmood	15
Maj-Brit	15
Malgorzata	15
Man	15
Marcelle	15
Mariantytär	15
Marinna	15
Marjaterttu	15
Maureen	15
Mella	15
Mereta	15
Mertta	15
Metta	15
Mikaeela	15
Mildrid	15
Muhiadin	15
Muusa	15
Naima	15
Natacha	15
Noa	15
Octavia	15
Oliivia	15
Oliver	15
Paw	15
Peppi-Lotta	15
Persdotter	15
Pertintytär	15
Pi	15
Piitu	15
Poppy	15
Prisilla	15
Reine	15
Rolfsdotter	15
Roxana	15
Sadat	15
Saria	15
Senna	15
Senobia	15
Seraphina	15
Silpa	15
Sirje	15
Sisko-Liisa	15
Sky	15
Sonya	15
Tepontytär	15
Teres	15
Tora	15
Torhild	15
Tähkä	15
Vilda	15
Vittoria	15
Yi	15
Zeinab	15
Zinaida	15
A	14
Aana	14
Abdishakur	14
Abdulahi	14
Abdulkarim	14
Achieng	14
Adelheid	14
Adette	14
Adrianna	14
Afrodite	14
Agneeta	14
Aimee	14
Aimée	14
Aivi	14
Alaa	14
Allida	14
Alviira	14
Amara	14
Amaya	14
Amir	14
Anneke	14
Anne-Liisa	14
Ann-Sophie	14
Anwar	14
Arma	14
Astra	14
Atlanta	14
Auringonkukka	14
Auruura	14
Babette	14
Bahar	14
Bashiir	14
Cathrin	14
Cecile	14
Cécile	14
Charlene	14
Cordelia	14
Da	14
Dea	14
Derya	14
Dimitrova	14
Eeda	14
Eemil	14
Eirene	14
Elleni	14
Ellinore	14
Elona	14
Elsiina	14
Elzbieta	14
Emile	14
Emilii	14
Emmelie	14
Eulaalia	14
Evangelina	14
Evia	14
Feodosia	14
Floora	14
Francilia	14
Gaia	14
Haidar	14
Hatem	14
Hatice	14
Heléna	14
Helny	14
Henrintytär	14
Hintriikka	14
Iina-Maria	14
Imad	14
Inge-Britt	14
Ing-Mari	14
Inka-Maria	14
Irja-Liisa	14
Jarlsdotter	14
Jenifer	14
Jin	14
Juhanantytär	14
Kaija-Leena	14
Kirsimarja	14
Kiuru	14
Kristianna	14
La	14
Leana	14
Leena-Maija	14
Leonna	14
Leonor	14
Liilia	14
Ljubov	14
Lovis	14
Lumililja	14
Majbritt	14
Malene	14
Maliina	14
Marisanna	14
Marisol	14
Medina	14
Meredith	14
Meriem	14
Mikaella	14
Mili	14
Min	14
Mireille	14
Miryam	14
Mustaf	14
Natasa	14
Nguyen	14
Nonna	14
Oilikki	14
Olympia	14
Onnea	14
Oosa	14
Othilia	14
Paris	14
Pelagea	14
Pettiina	14
Piatta	14
Piparminttu	14
Polina	14
Qasim	14
Rahman	14
Raimontytär	14
Raini	14
Ranghild	14
Raunontytär	14
Reetriikka	14
Riitu	14
Rinna	14
Rosiina	14
Sallima	14
Samir	14
Sanna-Kaisa	14
Saranna	14
Silmu	14
Sini-Maaria	14
Sini-Maria	14
Sinituuli	14
Sira	14
Sirin	14
Terésa	14
Tytteli	14
Vasiliki	14
Venus	14
Vesta	14
Walborg	14
Xiao	14
Yassin	14
Abena	13
Adalina	13
Adelma	13
Adelmiina	13
Adwoa	13
Afia	13
Aile	13
Ailin	13
Aino-Kaisa	13
Akiliina	13
Akter	13
Aleksejevna	13
Alette	13
Althea	13
Amaliina	13
Amie	13
Aminata	13
Amine	13
Angelia	13
Aniara	13
Anki	13
Anna-Katriina	13
Anna-Mi	13
Annasofia	13
Annelise	13
Annuka	13
Anttoniina	13
Arleena	13
Arlette	13
Aveliina	13
Avelina	13
Be	13
Beth	13
Birgitt	13
Catriona	13
Corinna	13
Cristel	13
Damla	13
Deniz	13
Dimitra	13
Eeva-Kristiina	13
Elda	13
Eliane	13
Evangelia	13
Evastina	13
Evian	13
Familia	13
Florentina	13
Fransisca	13
Georgieva	13
Grete	13
Gunveig	13
Gun-Viol	13
Heather	13
Heilimä	13
Hermiina	13
Hilda-Maria	13
Hilta	13
Hristova	13
Iliana	13
Inga-Liisa	13
Inge-May	13
Irini	13
Irma-Liisa	13
Izabel	13
Jadeliina	13
Jayne	13
Jenni-Maria	13
Jenny-Maria	13
Jetta	13
Julanda	13
Kaarna	13
Kaiho	13
Kaisa-Liisa	13
Kristal	13
Krystyna	13
Laulikki	13
Leslie	13
Levina	13
Lii	13
Lille-Mor	13
Louis	13
Lucienne	13
Lumiella	13
Lumi-Maria	13
Lusina	13
Magnhild	13
Magnolia	13
Maissi	13
Majlen	13
Marcusdotter	13
Maria-Helena	13
Mariska	13
Marjariitta	13
Markusdotter	13
Maruzella	13
Matias	13
Matroona	13
Maxima	13
Melike	13
Melis	13
Merida	13
Merja-Liisa	13
Michael	13
Mindi	13
Minttumaaria	13
Muuse	13
Nina-Maria	13
Ninetta	13
Njambi	13
Njoki	13
Noemi	13
Olegovna	13
Oskari	13
Pearl	13
Peter	13
Pipariina	13
Priya	13
Railikki	13
Raina	13
Ranja	13
Rihanna	13
Riikka-Liisa	13
Riitta-Leena	13
Saara-Maria	13
Sabiina	13
Sadehelmi	13
Salaad	13
Salina	13
Salvia	13
Samuntytär	13
Sarafina	13
Saralia	13
Sebastian	13
Serenella	13
Sergejevna	13
Sherif	13
Sibylla	13
Sultan	13
Summer	13
Synnevi	13
Sävele	13
Taika-Tuulia	13
Tapanintytär	13
Thuong	13
Thy	13
Tova	13
Tuong	13
Tuulianna	13
Ullrika	13
Valentinovna	13
Valpori	13
Vanilia	13
Vanja	13
Vella	13
Viljaana	13
Viviikka	13
Wangari	13
Wendy	13
Wivi	13
Yaa	13
Yin	13
Yrsa	13
Yun	13
Åkesdotter	13
Aamutähti	12
Agape	12
Alla	12
Alliina	12
Andeliina	12
Angeline	12
Anjatta	12
Anna-Kristina	12
Annariikka	12
Ann-Catrine	12
Annea	12
Anne-Kristiina	12
Annetta	12
Anssintytär	12
Antero	12
Anttuuna	12
Arina	12
Aurelie	12
Awad	12
Axa	12
Ayla	12
Ayman	12
Béatrice	12
Berivan	12
Carissa	12
Christianne	12
Christie	12
Clary	12
Danuta	12
Destiny	12
Eeden	12
Eeti	12
Eetla	12
Eléna	12
Elisabetta	12
Elke	12
Elouise	12
Elwira	12
Emanuela	12
Emeline	12
Emiina	12
Emila	12
Emma-Sofia	12
Emmeline	12
Engeliina	12
Enne-Liisa	12
Ennika	12
Enrica	12
Essiina	12
Eva-Lotta	12
Fadhil	12
Fahad	12
Fakher	12
Felicity	12
Fiinu	12
Françoise	12
Friederike	12
Fuaad	12
Gertrude	12
Giselle	12
Gladys	12
Guadalupe	12
Gullevi	12
Gül	12
Hagi	12
Haider	12
Hanne-Mari	12
Harriette	12
Heliä	12
Helmililja	12
Helmi-Sofia	12
Henna-Maria	12
Hentriikka	12
Hetta	12
Hilja-Maria	12
Hussain	12
Huynh	12
Ida-Marie	12
Iidamaria	12
Ilmari	12
Immi	12
Indiana	12
Inga-Maria	12
Iraida	12
Jarmila	12
Jelina	12
Jia	12
Joosefiina	12
Jormantytär	12
Kadhim	12
Karela	12
Karine	12
Karitta	12
Kathrina	12
Katie	12
Klarissa	12
Kristiin	12
Leelia	12
Lei	12
Leo	12
Leonilla	12
Liise	12
Lise-Maj	12
Lis-Marie	12
Luana	12
Lucille	12
Luiza	12
Luminka	12
Luz	12
Mafalda	12
Mai-Britt	12
Margerita	12
Mariika	12
Marintytär	12
Marja-Helena	12
Marwa	12
Meerika	12
Metti	12
Minna-Maaria	12
Minnami	12
Mirigli	12
Mirja-Leena	12
Mohamuud	12
Morgan	12
Muhammad	12
Muktar	12
Musa	12
Nabil	12
Natasja	12
Nellie	12
Nessa	12
Niklasdotter	12
Nikolina	12
Nitta	12
Oksana	12
Omenankukka	12
Osmontytär	12
Ottiliana	12
Pirjo-Leena	12
Päivä	12
Rebeca	12
Regiina	12
Rene	12
Renja	12
Ringa	12
Rosabella	12
Rosmari	12
Safiya	12
Sahal	12
Saleban	12
Samuela	12
Saraste	12
Sari-Anne	12
Sella	12
Severina	12
Sheila	12
Shirley	12
Sinikukka	12
Sinivuokko	12
Sofía	12
Sofija	12
Taha	12
Tatja	12
Thalia	12
Tilta	12
Tirlittan	12
Tram	12
Trinity	12
Tutta	12
Ulla-Stina	12
Vaapukka	12
Valkyria	12
Valonia	12
Wisam	12
Y	12
Yahya	12
Zenita	12
Aada-Maria	11
Abdel	11
Abdihakim	11
Abdiwahab	11
Abdiweli	11
Abdulaziz	11
Abid	11
Abubakar	11
Adea	11
Adelyn	11
Adora	11
Agnia	11
Aino-Elina	11
Akosua	11
Akram	11
Aleksanda	11
Aleksanteri	11
Aleksi	11
Aleksintytär	11
Alwan	11
Amarachi	11
Ammar	11
Anahita	11
Anervo	11
Anisia	11
Anja-Riitta	11
Anju	11
Anna-Karoliina	11
Anna-Kreeta	11
Annamaaria	11
Ann-Caroline	11
Annentytär	11
Ann-Kristine	11
Ann-Louis	11
Anseliina	11
Anthea	11
Ashraf	11
Astri	11
Aunetta	11
Avena	11
Awuor	11
Ayad	11
Aziza	11
Benedicta	11
Bigga	11
Bile	11
Bint	11
Biret	11
Blanca	11
Bosdotter	11
Britt-Inger	11
Catriina	11
Celestine	11
Chatrine	11
Chen	11
Clarisse	11
Colette	11
Danielsdotter	11
Delilah	11
Demi	11
Desirè	11
Despina	11
Diandra	11
Diep	11
Edea	11
Eedi	11
Efia	11
Elen	11
Elita	11
Ellamaria	11
Ellimaija	11
Elo	11
Emmanuel	11
Emmastiina	11
Emmeliina	11
Enrika	11
Esma	11
Evanna	11
Evgenia	11
Ewelina	11
Faarah	11
Fanniina	11
Faysal	11
Febe	11
Feelia	11
Florencia	11
Fouad	11
Franksdotter	11
Frieda	11
Giulia	11
Grigorjevna	11
Gunda	11
Hamdi	11
Helleka	11
Ileana	11
Irkka	11
Issa	11
Izabela	11
Izabell	11
Jada	11
Jadwiga	11
Jahan	11
Jamelia	11
Janelle	11
Jeminna	11
Jessie	11
Jonintytär	11
Jonnentytär	11
Joukontytär	11
Juliane	11
Julienne	11
Juno	11
Jyrintytär	11
Kamel	11
Kamila	11
Kasandra	11
Kasperiina	11
Kaste	11
Kataja	11
Katrianna	11
Katri-Maria	11
Kirsi-Maaria	11
Käthe	11
Lalita	11
Lassentytär	11
Lassintytär	11
Laxmi	11
Leija	11
Liis	11
Liliann	11
Liona	11
Liu	11
Lou	11
Lumi-Kukka	11
Lumi-Tuulia	11
Magga	11
Maija-Stiina	11
Maj-Gun	11
Malak	11
Margeta	11
Mari-Jaana	11
Maris	11
Maritha	11
Marja-Kaarina	11
Maryann	11
Mattiina	11
Meja	11
Meliida	11
Michela	11
Milina	11
Mirela	11
Miria	11
Mirkku	11
Miska	11
Moana	11
Muhammed	11
Mursal	11
Nada	11
Naema	11
Nasti	11
Nemi	11
Nisa	11
Ophelia	11
Orion	11
Paige	11
Patriicia	11
Pentintytär	11
Pirta	11
Putri	11
Rabia	11
Raija-Leena	11
Reijontytär	11
Riikka-Maria	11
Riitta-Maija	11
Rosalin	11
Rosalyn	11
Rosa-Marie	11
Rosie	11
Roza	11
S	11
Sadie	11
Safiina	11
Samia	11
San	11
Sania	11
Sanni-Maria	11
Sara-Maria	11
Sarri	11
Seita	11
Selin	11
Senny	11
Shan	11
Sinervo	11
Sinja	11
Sisko-Maria	11
Sissel	11
Soleil	11
Solweig	11
Stigsdotter	11
Sulotar	11
Syksy	11
Taini	11
Tapio	11
Tasnim	11
Tawfik	11
Taylor	11
Telle	11
Terttu-Liisa	11
Tho	11
Tilla	11
Tita	11
Tuuni	11
Vanda	11
Venni	11
Vibeke	11
Waldine	11
Walpuri	11
Wei	11
Wendela	11
Weronica	11
Wilmiina	11
Xiu	11
Yussuf	11
Zoja	11
Zsuzsanna	11
Aba	10
Abdulkareem	10
Adeola	10
Ahmednur	10
Aiko	10
Ainoliisa	10
Ainomaija	10
Akinyi	10
Akseliina	10
Alecia	10
Alfina	10
Alisi	10
Allison	10
Almida	10
Amaia	10
Amidala	10
Amorina	10
Anactasia	10
Ancelina	10
Andreea	10
Anet	10
Angeles	10
Anja-Leena	10
Anna-Reeta	10
Ann-Cathrine	10
Annel	10
Annileena	10
Ann-Sofia	10
Annuska	10
Anttoona	10
Araya	10
Arietta	10
Arna	10
Aroha	10
Askontytär	10
Astrea	10
Atsalea	10
Aula	10
Aurore	10
Avril	10
Beerit	10
Birita	10
Blanka	10
Carmel	10
Cataleya	10
Cathryn	10
Cécilia	10
Chantelle	10
Charlot	10
Chatrin	10
Chris	10
Christelle	10
Cinderella	10
Clémentine	10
Dalila	10
Dan	10
Dang	10
Darina	10
Dawood	10
Desiren	10
Dilan	10
Dominika	10
Domna	10
Dorota	10
Duong	10
Eevantytär	10
Elegia	10
Elicia	10
Elodie	10
Els-Maj	10
Elvine	10
Elwiira	10
Emiliana	10
Emilié	10
Emriikka	10
Eszter	10
Eylül	10
Federica	10
Fen	10
Feodora	10
Gail	10
Galadriel	10
Gennadjevna	10
Ghalib	10
Gracia	10
Gull-Britt	10
Gunlis	10
Gwendolyn	10
Göransdotter	10
Hannaliisa	10
Hanna-Maaria	10
Helia	10
Helky	10
Hennika	10
Hentriika	10
Huseen	10
Idris	10
Iida-Emilia	10
Immikki	10
Indigo	10
Inga-Maj	10
Ingebritt	10
Isabela	10
Ismontytär	10
Ivonne	10
Izabelle	10
Jacoba	10
Jeanine	10
Jemilia	10
Jevgenia	10
Jimena	10
Joeliina	10
Jonina	10
Jordan	10
Kai	10
Karliina	10
Karlsdotter	10
Katerine	10
Katjana	10
Katjantytär	10
Katjusha	10
Kaukontytär	10
Krispina	10
Krisse	10
Kristiansdotter	10
Ksenja	10
Kuunsäde	10
Laurel	10
Leenu	10
Lilyan	10
Lis-Mari	10
Lita	10
Livian	10
Lolan	10
Lotta-Maaria	10
M	10
Maher	10
Mailikki	10
Mairi	10
Makreeta	10
Mare	10
Marfa	10
Marge	10
Marghita	10
Margurite	10
Maria-Sofia	10
Marida	10
Marie-Anne	10
Marie-Christine	10
Mariisa	10
Marjo-Leena	10
Marjoriitta	10
Marla	10
Marle	10
Maurita	10
Mazin	10
Meija	10
Meirami	10
Merelle	10
Merethe	10
Merili	10
Merja-Riitta	10
Merve	10
Meta	10
Midori	10
Milada	10
Mileena	10
Militza	10
Milja-Maria	10
Mireia	10
Miriel	10
Moe	10
Mohsin	10
Mui	10
Mumbi	10
Muriel	10
Mushtak	10
Myriam	10
Mårtensdotter	10
Nadezda	10
Nan	10
Nataliina	10
Nika	10
Oihonna	10
Onnetar	10
Oskarintytär	10
Patrica	10
Patrizia	10
Petranella	10
Qusay	10
Raad	10
Ragna	10
Reina	10
Rikuntytär	10
Rilla	10
Ritva-Leena	10
Roosamaria	10
Rosmarie	10
Roswitha	10
S.	10
Sadiq	10
Saif	10
Sakarintytär	10
Salima	10
Sandrine	10
Sanneli	10
Sari-Anna	10
Sasha	10
Seea	10
Sesilja	10
Shirin	10
Sini-Orvokki	10
Sinitta	10
Sirikli	10
Suong	10
Susi	10
Suvi-Tuulikki	10
Thérése	10
Tiinantytär	10
Ting	10
Toma	10
Tuana	10
Tuva	10
Tyttö	10
Ulla-Riitta	10
Uma	10
Vadelmiina	10
Vaulikki	10
Vilpiina	10
Warsame	10
Wen	10
Wiveka	10
Xiang	10
Young	10
Aarla	9
Abdilahi	9
Abdirazak	9
Abdisalan	9
Abdulgadir	9
Abdulla	9
Adalmia	9
Ada-Sofia	9
Adhiambo	9
Agnetta	9
Ainoa	9
Aino-Emilia	9
Ainotar	9
Aleida	9
Alfriida	9
Alide	9
Aliide	9
Alita	9
Alvi	9
Amani	9
Amanita	9
Amanta	9
Anabella	9
Anastassia	9
Anatolievna	9
Andelina	9
Andromeda	9
Anemone	9
Anessa	9
Anfiisa	9
Angelita	9
Anima	9
Anine	9
Anna-Brita	9
Anna-Liina	9
Ann-Cathrin	9
Anne-Christine	9
Anneliese	9
Annett	9
Ann-Helene	9
Ann-May	9
Ann-Viol	9
Ara	9
Arlena	9
Arline	9
Arnikki	9
Asantewaa	9
Asli	9
Atef	9
August	9
Auguste	9
Auria	9
Ayomide	9
Aysel	9
Azalea	9
Azra	9
Barita	9
Benina	9
Benjamin	9
Binta	9
Brenda	9
Brooke	9
Charlie	9
Cheryl	9
Ching	9
Christella	9
Christersdotter	9
Chun	9
Cicilia	9
Coco	9
Cristal	9
Dania	9
Deciree	9
Edward	9
Eena	9
Eija-Riitta	9
Elbe	9
Eléonore	9
Ellis	9
Emma-Liisa	9
Ene	9
Enni-Maria	9
Erina	9
Erita	9
Etna	9
Eufrosyyne	9
Eugénie	9
Eveli	9
Felisia	9
Fransesca	9
Gabriel	9
Georgette	9
Gina	9
Gita	9
Graciela	9
Gun-Mari	9
Gunni	9
Halima	9
Hamad	9
Hanna-Riikka	9
Hao	9
Havanna	9
Hawa	9
Heine	9
Helmiida	9
Heloise	9
Helvia	9
Hilary	9
Hildi	9
Hirsi	9
Iidaliina	9
Iise	9
Ija	9
Iloisa	9
Inaria	9
Inci	9
Ingalis	9
Ing-Marie	9
Ipek	9
Irana	9
Ivanka	9
J	9
Jalal	9
Jaqueline	9
Joa	9
Jocelyn	9
Joela	9
Juliska	9
Juniper	9
Juuliska	9
Kaaren	9
Kadir	9
Kasimiira	9
Kasmiira	9
Katina	9
Kiki	9
Konstantinovna	9
Laelia	9
Laetitia	9
Léa	9
Leela	9
Lian	9
Lieu	9
Lilja-Maria	9
Liljan	9
Linette	9
Lisabeth	9
Louhi	9
Lucinda	9
Lumi-Tuuli	9
Lyra	9
Madelén	9
Madeléne	9
Maijastina	9
Maijukka	9
Maj-Leena	9
Mali	9
Mandana	9
Mandelina	9
Manja	9
Margrete	9
Marice	9
Marieke	9
Mari-Ella	9
Marie-Sofie	9
Marijanne	9
Marja-Sisko	9
Marjo-Liisa	9
Marttina	9
Maruska	9
Mathiasdotter	9
Megan	9
Meliisa	9
Meri-Kukka	9
Merilin	9
Mii	9
Milga	9
Minna-Mari	9
Mirana	9
Mohsen	9
Monna	9
Myra	9
Naa	9
Nabila	9
Naseer	9
Natalja	9
Nea-Maria	9
Nerina	9
Nerissa	9
Niika	9
Noëlle	9
Nona	9
Nyyti	9
Onna	9
Oo	9
Oodi	9
Perla	9
Petterintytär	9
Pirja	9
Precious	9
Priska	9
Quinn	9
Raed	9
Rafaella	9
Rida	9
Romana	9
Roosamari	9
Rosella	9
Rose-Mari	9
Roxanne	9
Sahrami	9
Sakuntytär	9
Salam	9
Salem	9
Salim	9
Sanny	9
Sarafiina	9
Sarleena	9
Selda	9
Sevim	9
Shakira	9
Shu	9
Sickan	9
Silve	9
Sini-Sofia	9
Sirilla	9
Sirkka-Leena	9
Sofiella	9
Sulina	9
Sunna	9
Suvimarja	9
Sävel	9
Taher	9
Tanjaana	9
Tareq	9
Teijontytär	9
Terésia	9
Tereza	9
Tertit	9
Theresé	9
Therèse	9
Tiara	9
Tilhi	9
Tony	9
Torsdotter	9
Tue	9
Ulla-Maarit	9
Ulla-Marja	9
Valerjevna	9
Valotar	9
Veela	9
Venna	9
Waltraud	9
Weronika	9
Williina	9
Xue	9
Yagmur	9
Yasir	9
Aadaliina	8
Aadalmiina	8
Aali	8
Aaron	8
Abdinur	8
Abdiqani	8
Africa	8
Ahmed-Nur	8
Aiju	8
Aina-Maria	8
Aino-Inkeri	8
Airina	8
Akulina	8
Alanna	8
Aleena	8
Aliana	8
Alicja	8
Alila	8
Aliyah	8
Almira	8
Amaalia	8
Amélia	8
Andreasdotter	8
Andreevna	8
Andriette	8
Anetti	8
Anielka	8
Annada	8
Anna-Lotta	8
Annareetta	8
Anna-Tuulia	8
Anne-Britt	8
Anne-Maaria	8
Annemaria	8
Anne-Marika	8
Anne-Marjut	8
Anne-Riitta	8
Annuliina	8
Anselica	8
Arif	8
Arja-Riitta	8
Asaad	8
Asla	8
Augustine	8
Aukustiina	8
Auliina	8
Aurélia	8
Aurélie	8
Bengtsdotter	8
Birgersdotter	8
Birketta	8
Britt-Helen	8
Carine	8
Carlsdotter	8
Castalia	8
Caterine	8
Ceres	8
Chan	8
Chanette	8
Chatrina	8
Christell	8
Chrystal	8
Clary-Ann	8
Coralie	8
Daahir	8
Dakota	8
Danika	8
Davida	8
Davina	8
Deanna	8
Delal	8
Delphine	8
Dianne	8
Doreen	8
Eduarda	8
Eeri	8
Efua	8
Eija-Leena	8
Eila-Maija	8
Elean	8
Electra	8
Elisheva	8
Ella-Maaria	8
Ella-Noora	8
Elli-Maija	8
Elsayed	8
Elyse	8
Emad	8
Emely	8
Emmi-Sofia	8
Enid	8
Enkeli	8
Enny	8
Ertta	8
Estela	8
Eva-Kaarina	8
Eva-Maija	8
Everiina	8
Evie	8
Eyvor	8
Fanny-Maria	8
Faraj	8
Felicitas	8
Filomena	8
Franseska	8
Frederica	8
Gillian	8
Giuseppina	8
Guldine	8
Gunnarsdotter	8
Gunvi	8
Gwendoline	8
Habiba	8
Hafidh	8
Hafsa	8
Hailey	8
Hamza	8
Hannantytär	8
Hannemari	8
Hannika	8
Helmine	8
Helmi-Orvokki	8
Henryntytär	8
Hento	8
Hersi	8
Hinriikka	8
Husein	8
Idiris	8
Iinu	8
Iivi	8
Ila	8
Ingabritt	8
Ingmarsdotter	8
Ioanna	8
Janeta	8
Jasmiine	8
Jasmiitta	8
Jawad	8
Jeanna	8
Jerika	8
Jesmina	8
Jiang	8
Jolene	8
Jose	8
Julieta	8
Julitta	8
Junita	8
Juunia	8
Kara	8
Kareniina	8
Kataliina	8
Katriine	8
Kaya	8
Kayla	8
Keren	8
Ketsia	8
Kinga	8
Kleopatra	8
Konkordia	8
Konstantia	8
Konstantina	8
Kristelle	8
Kätlin	8
Laia	8
Lamores	8
Laurina	8
Laventeli	8
Lennartsdotter	8
Leonia	8
Leontina	8
Liini	8
Lindsay	8
Lintu	8
Lisandra	8
Liz	8
Ljuba	8
Ljudmila	8
Lois	8
Lore	8
Lumitähti	8
Lumpeenkukka	8
Lusia	8
Maarin	8
Mackenzie	8
Maddalena	8
Magali	8
Maj-Helen	8
Mandy	8
Mara	8
Marguerita	8
Maria-Riitta	8
Marie-Ann	8
Mari-Johanna	8
Marili	8
Mario	8
Marja-Kristiina	8
Marjutta	8
Marthe	8
Marutzella	8
May-Britt	8
Melania	8
Melika	8
Melitta	8
Merianna	8
Meriella	8
Meritähti	8
Mette-Maria	8
Michel	8
Michèle	8
Midenette	8
Mihaela	8
Miija	8
Milaya	8
Miliza	8
Millie	8
Milona	8
Milsina	8
Minnantytär	8
Minnéa	8
Minta	8
Miracle	8
Mohd	8
Montserrat	8
Muhidin	8
Muslim	8
Neema	8
Nefeli	8
Nelle	8
Nerea	8
Niki	8
Nikki	8
Nikolai	8
Nikoliina	8
Nu	8
Odilia	8
Olavsdotter	8
Orkidea	8
Ornella	8
Paraskeva	8
Patrice	8
Paulintytär	8
Paz	8
Perpetua	8
Petunia	8
Pippuriina	8
Pisara	8
Pyry	8
Päivintytär	8
Päiviö	8
Qing	8
Que	8
Rahim	8
Rain	8
Raphaela	8
Ray	8
Riikantytär	8
Robyn	8
Rocio	8
Ronya	8
Rosali	8
Rosa-Maaria	8
Rosana	8
Rosetta	8
Rosi	8
Ruuth	8
Saania	8
Safiye	8
Sameer	8
Sanna-Maarit	8
Sattar	8
Satumaria	8
Sea	8
Selenia	8
Seline	8
Selmi	8
Seralia	8
Serefiina	8
Shaker	8
Si	8
Siena	8
Sila	8
Singh	8
Sirina	8
Sisilia	8
Star	8
Stensdotter	8
Sulami	8
Sulamith	8
Sumaya	8
Tabassum	8
Tarek	8
Tehila	8
Terella	8
Tham	8
Thoa	8
Tiila	8
Tiitta	8
Titi	8
Titti	8
Toivo	8
Toivontytär	8
Tommysdotter	8
Tonja	8
Topintytär	8
Trine	8
Tuttu	8
Tuua	8
Tuuli-Maaria	8
Ulla-Kaarina	8
Ulla-Riikka	8
Unaja	8
Veina	8
Veneda	8
Vivi-Anne	8
Wanessa	8
Warda	8
Wilina	8
Wilja	8
Wiveca	8
Yamina	8
Ye	8
Yrjöntytär	8
Zahraa	8
Zehra	8
Zhen	8
Zina	8
Aada-Emilia	7
Aale	7
Aarni	7
Abdiwahid	7
Abdurahman	7
Adiina	7
Afua	7
Ágnes	7
Aino-Maaria	7
Ainomari	7
Ainut	7
Aire	7
Akira	7
Akustiina	7
Al	7
Alea	7
Aleftina	7
Aliisia	7
Aliza	7
Almiira	7
Alona	7
Alviida	7
Alya	7
Amaryllis	7
Amer	7
Amparo	7
Anas	7
Andrée	7
Andrejevna	7
Andrietta	7
Anervi	7
Anikka	7
Anjali	7
Anja-Maija	7
Anja-Maria	7
Anna-Kaija	7
Annalea	7
Anna-Lea	7
Anna-Leea	7
Anna-Lovisa	7
Anna-Maj	7
Anna-Mariia	7
Anna-Marita	7
Annarosa	7
Ann-Charlotta	7
Ann-Cristine	7
Anneliisa	7
Annevi	7
Anni-Helena	7
Anni-Mari	7
Anouk	7
Anrika	7
Ansela	7
Anselina	7
Ansuliina	7
Antrea	7
Aoife	7
Apolonia	7
Araceli	7
Ariadna	7
Ariya	7
Asif	7
Asmin	7
Aunikki	7
Avalon	7
Bambi	7
Bertina	7
Betina	7
Bibi	7
Birjetta	7
Björk	7
Bonita	7
Borghild	7
Brynhild	7
Burhan	7
Caisa	7
Caridad	7
Caritta	7
Casimira	7
Cassia	7
Celestia	7
Chanelle	7
Charles	7
Charlize	7
Christabel	7
Clementine	7
Concordia	7
Consuelo	7
Cruz	7
da	7
Dakhil	7
Dansdotter	7
Darya	7
Defne	7
Deng	7
Dinh	7
Dominica	7
Donya	7
Dorcas	7
Dunja	7
Editha	7
Eemeli	7
Eeva-Sofia	7
Eija-Inkeri	7
Ekaterini	7
El	7
Elaisa	7
Eleanore	7
Elenna	7
Elfriede	7
Ella-Sofia	7
Ellika	7
Elna-Maria	7
Elodia	7
Elssa	7
Elwa	7
Elysia	7
Emel	7
Emeli	7
Emese	7
Emi	7
Emilyn	7
Ennea	7
Erla	7
Erzsébet	7
Esosa	7
Esti	7
Etelka	7
Eufrosiina	7
Éva	7
Eveliisa	7
Evianna	7
Evilda	7
Eweliina	7
F	7
F.	7
Farida	7
Fedosia	7
Felice	7
Fina	7
Fiorella	7
Fong	7
France	7
Franceska	7
Franselia	7
Frederiikka	7
Georgievna	7
Germaine	7
Ghita	7
Gisele	7
Grazia	7
Graziella	7
Gullan	7
Gullborg	7
Haashi	7
Hagi-Dirie	7
Hanna-Riitta	7
Hanna-Sofia	7
Hannel	7
Harper	7
Havu	7
Helèn	7
Helené	7
Héléne	7
Helmiira	7
Hermione	7
Hillamaria	7
Ida-Emilia	7
Idalmiina	7
Ida-Mari	7
Ihanne	7
Iida-Liisa	7
Iija	7
Ikram	7
Ilene	7
Imani	7
Ina-Maria	7
Inanna	7
Inas	7
Inca	7
Ing-Britt	7
Ingrit	7
Inkariina	7
Ireeni	7
Iria	7
Irinka	7
Ise	7
Isidora	7
Isman	7
Jacobina	7
Jadelia	7
Jadelina	7
Jameel	7
Janiela	7
Janiitta	7
Jedita	7
Jenna-Maria	7
Jennyfer	7
Jerina	7
Jesus	7
Jiina	7
Jolina	7
Júlia	7
Juljaana	7
K.	7
Ka	7
Kaiju	7
Kaisa-Mari	7
Kaisamaria	7
Kalinka	7
Kamilia	7
Karma	7
Karmen	7
Kaspia	7
Katarin	7
Katjusa	7
Katya	7
Kawa	7
Kea	7
Kerttu-Liisa	7
Kha	7
Khaleel	7
Kide	7
Kimberley	7
Kirsimaria	7
Kirta	7
Kjellsdotter	7
Kornelia	7
Kreta	7
Krista-Maria	7
Kuutamo	7
Lai	7
Lana	7
Lang	7
Leenantytär	7
Leida	7
Leifsdotter	7
Lena-Maria	7
Lenina	7
Leonda	7
Letizia	7
Liibaan	7
Liine	7
Liisa-Mari	7
Liisamaria	7
Lili-Ann	7
Lillevi	7
Lillukka	7
Lilya	7
Lisabet	7
Liseli	7
Lisi	7
Lorin	7
Lotus	7
Lucía	7
Lumikirsikka	7
Lumilia	7
Lycka	7
Lyn	7
Maaritta	7
Madalena	7
Madlena	7
Magdalen	7
Magdalene	7
Magdolna	7
Mahmud	7
Mai-Brit	7
Maij-Lis	7
Maijuli	7
Mailen	7
Máret	7
Marga	7
Marguerithe	7
Marieta	7
Mari-Sofi	7
Marja-Elina	7
Marja-Lena	7
Marjeta	7
Marliina	7
Matilta	7
Maxamed	7
Meena	7
Meeria	7
Melani	7
Melany	7
Melica	7
Melisse	7
Melodi	7
Merena	7
Meria	7
Meriam	7
Meriina	7
Meriitta	7
Meri-Maaria	7
Merisa	7
Merle	7
Merliina	7
Miana	7
Michell	7
Michella	7
Mikontyttö	7
Milene	7
Miliana	7
Milja-Maaria	7
Milly	7
Mimmu	7
Minetta	7
Mio	7
Miralda	7
Miriikka	7
Mirjana	7
Miroslava	7
Misa	7
Misella	7
Mo	7
Moalim	7
Modupe	7
Moo	7
Moon	7
Muayad	7
Mubarak	7
Myrna	7
Mysi	7
Nadeschda	7
Nadina	7
Namir	7
Nelliina	7
Nenne	7
Nha	7
Nhan	7
Nichole	7
Nicol	7
Nicoleta	7
Nikole	7
Nikoletta	7
Nila	7
Nini	7
Nneka	7
Noela	7
Nor	7
Nyyrikki	7
Okariina	7
Okuliina	7
Omer	7
Othman	7
Otontytär	7
Pandora	7
Petrova	7
Phoebe	7
Pilke	7
Pirgitta	7
Preet	7
Pricella	7
Primrose	7
Priskilla	7
Päivänkukka	7
Qi	7
Queen	7
Raheem	7
Rainersdotter	7
Ralfsdotter	7
Rasheed	7
Regine	7
René	7
Reneé	7
Riitta-Maria	7
Rochelle	7
Rogersdotter	7
Roosa-Mari	7
Rosa-Emilia	7
Rosalind	7
Rose-Maria	7
Rosida	7
Rosinda	7
Ros-Maj	7
Roya	7
Ruken	7
Ruusumaria	7
Ruusunkukka	7
Sabir	7
Sadelma	7
Sadia	7
Safaa	7
Saiid	7
Sakariina	7
Samer	7
Samuel	7
Samulintytär	7
Sanerva	7
Sanne	7
Saretta	7
Sari-Susanna	7
Satu-Sinikka	7
Saulintytär	7
Scarlet	7
Seija-Liisa	7
Serafin	7
Serene	7
Sevanja	7
Sh.	7
Sharona	7
Sierra	7
Signild	7
Sigrun	7
Siiri-Sofia	7
Silje	7
Simon	7
Sini-Maarit	7
Sinipilvi	7
Sirene	7
Siria	7
Sirkkaliisa	7
Sivina	7
Soe	7
Sofianne	7
Sofii	7
Soineli	7
Sonata	7
Stefani	7
Stoyanova	7
Subhi	7
Sultana	7
Sun	7
Susanni	7
Suvikukka	7
Suzette	7
Sydney	7
Synneve	7
Syrena	7
Tahir	7
Taira	7
Terecia	7
Teresita	7
Terhen	7
Tha	7
Tiina-Maria	7
Tikkanen	7
Tomsdotter	7
Tong	7
Tordis	7
Triin	7
Tuittu	7
Tuula-Anneli	7
Tyyra	7
Ulla-Brita	7
Ulla-May	7
Untuva	7
Urania	7
Urda	7
Usman	7
Vailet	7
Vallikki	7
Valora	7
Veijontytär	7
Venita	7
Véronique	7
Victorine	7
Viljontytär	7
Villa	7
Wah	7
Wan	7
Wanja	7
Wiivi	7
Wiliina	7
Win	7
Wing	7
Wivian	7
Yada	7
Yahye	7
Yara	7
Yaseen	7
Yaser	7
Yordanova	7
Yousef	7
Yuan	7
Yuki	7
Zaki	7
Zilan	7
Zoé	7
Zoheir	7
Zuhair	7
Aada-Sofia	6
Aala	6
Aalto	6
Aasa	6
Abas	6
Abdihakin	6
Abdihamid	6
Abdikani	6
Abdilaahi	6
Abdul-Hussain	6
Abdullaahi	6
Abiola	6
Abuukar	6
Adama	6
Adaora	6
Addison	6
Adeela	6
Adeele	6
Adelmina	6
Aidi	6
Aidiid	6
Aija-Leena	6
Aino-Leena	6
Ainoliina	6
Aisling	6
Ajatar	6
Akiko	6
Aksenia	6
Akvilina	6
Alam	6
Aldi	6
Alegria	6
Aleksanni	6
Alic	6
Aliissa	6
Alissia	6
Alix	6
Almas	6
Aly	6
Ameer	6
Ameli	6
Amelii	6
Amelina	6
Amica	6
Amjad	6
Anastazia	6
Ancelica	6
Andra	6
Andreina	6
Anele	6
Aneta	6
Angelie	6
Angeliga	6
Angélique	6
Angie	6
Ánh	6
Aniella	6
Anjuli	6
Anna-Beata	6
Anna-Eliisa	6
Anna-Erika	6
Anna-Julia	6
Anna-Katarina	6
Anna-Matilda	6
Anna-Pauliina	6
Anna-Riina	6
Annariitta	6
Annarilla	6
Anne-Helena	6
Annelei	6
Annelina	6
Annemaj	6
Ann-Gret	6
Annick	6
Anni-Kaisa	6
Anni-Leena	6
Anni-Maija	6
Annita	6
Anny	6
Antje	6
Anton	6
Antonie	6
Antonietta	6
Anttonina	6
Aparecida	6
Aqeel	6
Aqviliina	6
Aranka	6
Armiina	6
Armiita	6
Arvida	6
Asha	6
Asma	6
Atanasova	6
Auma	6
Aure	6
Autumn	6
Ave	6
Aveline	6
Aweis	6
Awino	6
Ayana	6
Aye	6
Ayesha	6
B.	6
Bach	6
Barre	6
Bassam	6
Beatha	6
Beatris	6
Begum	6
Belén	6
Ben	6
Benedetta	6
Benedicte	6
Benedikta	6
Benedikte	6
Berenike	6
Beryl	6
Betti	6
Binh	6
Birthe	6
Boatemaa	6
Boel	6
Bria	6
Bricella	6
Bridget	6
Camomilla	6
Carlota	6
Carmelita	6
Carole	6
Cat	6
Catarine	6
Cathérine	6
Cennet	6
Cerys	6
Charita	6
Chebet	6
Cherie	6
Cheyenne	6
Chia	6
Chimamanda	6
Claude	6
Claudette	6
Cleopatra	6
Cuc	6
Danica	6
Danita	6
Dareia	6
Darlene	6
Dayana	6
Dede	6
Delicia	6
Denisovna	6
Deone	6
Dila	6
Dilek	6
Dione	6
Dionne	6
Domenica	6
Donata	6
Dong	6
Dóra	6
Dorothéa	6
Ediita	6
Ediitta	6
Eeli	6
Eerina	6
Eetuntytär	6
Eevamaija	6
Eevamari	6
Eeva-Marjatta	6
Eija-Sinikka	6
Eilia	6
Einontytär	6
Eirin	6
Elenia	6
Elenoora	6
Elenora	6
Eliora	6
Elisse	6
Ellin	6
Elovena	6
Elsbet	6
Else-Mai	6
Elsemaj	6
Elsi-Maj	6
Emélie	6
Emeliia	6
Emerentsia	6
Emeriikka	6
Eminna	6
Emma-Lotta	6
Emma-Maria	6
Emmanuela	6
Emmiliina	6
Enea	6
Ensilumi	6
Erda	6
Ericsdotter	6
Erik	6
Eris	6
Esi	6
Essi-Maria	6
Estell	6
Estrella	6
Etla	6
Eunika	6
Eva-Britt	6
Eva-Mari	6
Evamaria	6
Eva-Stiina	6
Eveliia	6
Eve-Liina	6
Evely	6
Fabienne	6
Fabiola	6
Fadel	6
Faine	6
Faleh	6
Fang	6
Feng	6
Fleur	6
Francina	6
Francoise	6
Freia	6
Gay	6
Gemma	6
Genoveva	6
Georgine	6
Ghislaine	6
Giau	6
Gilda	6
Glory	6
Grazyna	6
Gretchen	6
Gul	6
Gundel	6
Haagar	6
Hadassa	6
Haijele	6
Haitham	6
Hajar	6
Hamdan	6
Hanna-Maarit	6
Hannastiina	6
Hanne-Marie	6
Harrietta	6
Havva	6
Hazal	6
Helme	6
Helmia	6
Helmi-Ilona	6
Helmikki	6
Helmimaria	6
Henna-Leena	6
Henriet	6
Herdis	6
Hetafia	6
Heta-Liisa	6
Hildeborg	6
Hildegun	6
Hilla-Maaria	6
Hisham	6
Hymmi	6
Ida-Lotta	6
Ifeoluwa	6
Ijeoma	6
Ilari	6
Ilayda	6
Ilena	6
Ilenna	6
Ilia	6
Ilieva	6
Ilmarintytär	6
Ilse-Maj	6
Imelda	6
Ineza	6
Ingá	6
Inga-Lisa	6
Ingel	6
Ingeri	6
Inneli	6
Ireena	6
Izel	6
Jacobine	6
Jadele	6
Jadette	6
Jamilla	6
Janira	6
Jassim	6
Javiera	6
Jedida	6
Jeena	6
Jefimia	6
Jelmiina	6
Jeni	6
Jertta	6
Jesmiina	6
Jevgenjevna	6
Jiia	6
Jillian	6
Joenna	6
Johana	6
Jolana	6
Juan	6
Julian	6
Juliann	6
Julienna	6
Julita	6
Julius	6
Jurievna	6
Kadiye	6
Kaijeli	6
Kaisa-Maija	6
Kaitlyn	6
Kajsdotter	6
Karinsdotter	6
Karuliina	6
Karuna	6
Kasper	6
Kaunokki	6
Kehatan	6
Kendra	6
Kesätuuli	6
Kevättuuli	6
Kikka	6
Kiran	6
Kirsi-Maarit	6
Kirsintytär	6
Kirstine	6
Koskinen	6
Krispiina	6
Kristalli	6
Kristianintytär	6
Ksenija	6
Kukkamaria	6
Kunilla	6
Kustava	6
Kylie	6
Kyynel	6
Laurantytär	6
Laureline	6
Laurette	6
Lay	6
Leena-Marja	6
Leilani	6
Lemoni	6
Lenny	6
Lenore	6
Leoni	6
Leora	6
Lewis	6
Lie	6
Lieselotte	6
Liljankukka	6
Lillan	6
Lillie	6
Lizbeth	6
Los	6
Louisé	6
Lovise	6
Luay	6
Lumiel	6
Luminia	6
Lynette	6
Maarea	6
Maareka	6
Magdy	6
Maggie	6
Magreta	6
Mahamed-Deeq	6
Mahamuud	6
Mai-Leena	6
Mailin	6
Maisie	6
Majeed	6
Majid	6
Majken	6
Majok	6
Maj-Viol	6
Makena	6
Manjaana	6
Manon	6
Mansi	6
Manuella	6
Margaux	6
Mari-Anneli	6
Mari-Anni	6
Maricka	6
Marienna	6
Mari-Helen	6
Mariie	6
Mari-Leena	6
Marilia	6
Marilin	6
Marjami	6
Marjontytär	6
Marjue	6
Marjuli	6
Marjus	6
Marley	6
Marliisa	6
Marques	6
Márta	6
Martinsdotter	6
Marya	6
Matrona	6
Mattiasdotter	6
Mauriitta	6
Mayow	6
Melodie	6
Menna	6
Mercedez	6
Meretta	6
Merite	6
Merja-Leena	6
Metsälintu	6
Miao	6
Michiko	6
Mielo	6
Mikaéla	6
Milanja	6
Millicent	6
Milo	6
Mimma	6
Mindy	6
Minnaliisa	6
Minou	6
Mintunkukka	6
Miray	6
Mirena	6
Miselle	6
Moira	6
Molla	6
Mostafa	6
Mousa	6
Muhudin	6
Mya	6
Månsdotter	6
Naji	6
Nam	6
Nasir	6
Nasrin	6
Nassir	6
Nataly	6
Nathali	6
Natja	6
Nazli	6
Neda	6
Neena	6
Nefertiti	6
Nellinoora	6
Nelmi	6
Neo	6
Neve	6
Nghi	6
Nieves	6
Niilontytär	6
Niitty	6
Nikoline	6
Nikontytär	6
Ning	6
Noori	6
Nuradin	6
Ocean	6
Oivikki	6
Olga-Maria	6
Olinda	6
Oluwanifemi	6
Onjukka	6
Osmi	6
Otteliina	6
Ottilja	6
Overgaard	6
Panuntytär	6
Paolina	6
Paprika	6
Papu	6
Paulantytär	6
Pauliine	6
Peninna	6
Penni	6
Petruska	6
Phi	6
Philomena	6
Piiku	6
Pinar	6
Pippa	6
Piret	6
Prisella	6
Qiao	6
R	6
Rabeh	6
Rai	6
Rana	6
Rasool	6
Rassoul	6
Raven	6
Raza	6
Razzak	6
Reetta-Maria	6
Renita	6
Riana	6
Riona	6
Robertina	6
Roma	6
Roselia	6
Rosemari	6
Rosine	6
Roxanna	6
Rozalia	6
Runa-Lisa	6
Ruusu-Marja	6
Saarai	6
Sabri	6
Saga-Maria	6
Saga-Sofia	6
Sahra	6
Saiga	6
Saija-Leena	6
Saili	6
Sakariye	6
Salla-Maarit	6
Saman	6
Samatha	6
Sampontytär	6
Sandy	6
Sang	6
Sanna-Leena	6
Sanna-Maaria	6
Sannamaria	6
Sannika	6
Sanni-Sofia	6
Saoirse	6
Sara-Tuulia	6
Satumarja	6
Say	6
Selen	6
Sena	6
Serefina	6
Seren	6
Serwaa	6
Sevgi	6
Sevilla	6
Shahin	6
Shania	6
Sharmila	6
Sheekh	6
Shira	6
Shirwa	6
Shwan	6
Siddig	6
Siikri	6
Siimi	6
Sindi	6
Sini-Tuuli	6
Sini-Vuokko	6
Siobhan	6
Sirigli	6
Sirkku-Liisa	6
Snövej	6
Socorro	6
Sofiaana	6
Sofié	6
Stéphanie	6
Sundari	6
Suvi-Kukka	6
Suvi-Marja	6
Suzana	6
Sörensdotter	6
Taikakukka	6
Taisa	6
Tarja-Liisa	6
Tasneem	6
Taunontytär	6
Tellu	6
Tenhikki	6
Terés	6
Teresé	6
Terézia	6
Terja	6
Teuvontytär	6
Therecia	6
Thérese	6
Tiivi	6
Timea	6
Timotei	6
Tiuhti	6
Toivi	6
Tuovikki	6
Tuula-Riitta	6
Tuuletar	6
Ulla-Liisa	6
Ullamaija	6
Ulla-Mari	6
Ut	6
Vadimovna	6
Valentia	6
Valentin	6
Valeriina	6
Vanesa	6
Vea	6
Veeruska	6
Veikontytär	6
Via	6
Victoire	6
Victorina	6
Viet	6
Viktorija	6
Vilho	6
Vineda	6
Vione	6
Vivea	6
Viyan	6
Wael	6
Wai	6
Waithera	6
Weera	6
Werna	6
Winifred	6
Xing	6
Yao	6
Yemina	6
Yulia	6
Zaya	6
Zhang	6
Aamurusko	5
Aarikka	5
Aarre	5
Aata	5
Abakar	5
Abdelrazzaq	5
Abdiladif	5
Abdiqadar	5
Abdirisaaq	5
Abdiwahaab	5
Abdu	5
Abdukadir	5
Abisola	5
Abril	5
Abubaker	5
Adafiia	5
Adalfiina	5
Adelene	5
Adiel	5
Adonica	5
Adrianne	5
Afi	5
Agathe	5
Ahdintytär	5
Ahmed-Wali	5
Aime	5
Aina-Ilona	5
Ainhoa	5
Aino-Ilona	5
Aino-Mari	5
Airut	5
Aiva	5
Akselina	5
Aksinja	5
Aku	5
Alaia	5
Alaina	5
Alaska	5
Alawi	5
Aleksander	5
Alevtina	5
Alexandrina	5
Alexintytär	5
Alfilda	5
Alfsol	5
Alheidi	5
Aliya	5
Allas	5
Allie	5
Allikki	5
Allis	5
Almaz	5
Alpontytär	5
Alvia	5
Alvine	5
Amada	5
Amaka	5
Amandla	5
Amar	5
Amari	5
Anatolevna	5
Anceliina	5
Aneli	5
Anfisa	5
Anica	5
Anida	5
Anjukka	5
Anleena	5
Ánná	5
Anna-Inkeri	5
Anna-Linnea	5
Anna-Lyydia	5
Annamarie	5
Ann-Christina	5
Anne-Kaarina	5
Anne-Lie	5
Anne-Louise	5
Anne-Sofia	5
Anni-Emilia	5
Anni-Ilona	5
Anni-Liisa	5
Ann-Kathrin	5
Ann-Len	5
Ann-Maarit	5
Ann-Margaret	5
Ann-Mary	5
Anoucha	5
Anrietta	5
Anseli	5
Anseliga	5
Anselma	5
Anshur	5
Anterontytär	5
Anthonia	5
Antonetta	5
Antonette	5
Antonovna	5
Antonsdotter	5
Anttila	5
Anuliisa	5
Anyango	5
Arafat	5
Aram	5
Arelia	5
Areliina	5
Arisa	5
Asena	5
Asikainen	5
Astrit	5
Atentytär	5
Ateya	5
Atlas	5
Avalia	5
Avila	5
Awadh	5
Axel	5
Axelia	5
Ayanle	5
Ayele	5
Aynur	5
Ayuub	5
Ba	5
Banu	5
Batseba	5
Beatric	5
Beatrise	5
Bebe	5
bent	5
Berenice	5
Beritan	5
Berith	5
Bernhardina	5
Bertilsdotter	5
Bethany	5
Bih	5
Billie	5
Bintou	5
Blanche	5
Blondina	5
Bluebell	5
Briana	5
Bricilla	5
Buule	5
C	5
Caarin	5
Calista	5
Camelia	5
Caritas	5
Carmencita	5
Cathleen	5
Cathrina	5
Célestine	5
Cemile	5
Chang	5
Chatarine	5
Cheng	5
Cheri	5
Cherry	5
Chidera	5
Chidinma	5
Chinh	5
Chisom	5
Cho	5
Christa-Maria	5
Christianna	5
Clarice	5
Clark	5
Clotilde	5
Concepcion	5
Corina	5
Cosima	5
Courtney	5
Daaria	5
Dagmari	5
Dalmar	5
Damilola	5
Damita	5
Danai	5
Daniéla	5
Danira	5
Dara	5
Deciré	5
Decirée	5
Dee	5
Delali	5
Denize	5
Desirèe	5
Devina	5
Diamanda	5
Dias	5
Dinah	5
Divine	5
Drew	5
Dunia	5
Ece	5
Edelina	5
Edeveig	5
Eeva-Helena	5
Eevaliina	5
Eeva-Maaria	5
Effiina	5
Eija-Maria	5
Eila-Maria	5
Eile	5
Eir	5
Eléa	5
Elefteria	5
Elfride	5
Elinantytär	5
Elisapet	5
Elisbeth	5
Eliseba	5
Elisenda	5
Elize	5
Ellamari	5
Ellenor	5
Elli-Ilona	5
Elliott	5
Elmiida	5
Elsa-Maija	5
Elsebet	5
Else-Maria	5
Else-Marie	5
Elza	5
Emanuel	5
Emelié	5
Emilina	5
Emma-Amanda	5
Ena	5
Eniola	5
Eowyn	5
Erinna	5
Eslem	5
Esmeray	5
Estefania	5
Estera	5
Eufemiia	5
Euniika	5
Eunike	5
Eva-Helena	5
Eva-Lena	5
Evelyne	5
Evjen	5
Fatah	5
Fatiha	5
Fatnan	5
Favour	5
Fayak	5
Fee	5
Felia	5
Felisa	5
Felizia	5
Feride	5
Firas	5
Flor	5
Francis	5
Freesia	5
Furaha	5
Galad	5
Gea	5
Geneviève	5
Genia	5
Ghazi	5
Gitte	5
Glenda	5
Gristiina	5
Gundborg	5
Gunneli	5
Gunne-Maj	5
H.	5
Hà	5
Hallatar	5
Hanan	5
Hanna-Lena	5
Hannamaija	5
Hanna-Marja	5
Hanna-Reetta	5
Hanne-Maaria	5
Hanne-Maria	5
Hanniina	5
Hannukka	5
Hazim	5
Hebe	5
Hee	5
Hei	5
Heinä	5
Heleen	5
Helène	5
Helintytär	5
Hella	5
Helviina	5
Henna-Emilia	5
Henna-Maaria	5
Henrik	5
Henrikintytär	5
Hermina	5
Herta	5
Hildegund	5
Hiwa	5
Ho	5
Honey	5
Hortensia	5
Hussam	5
Hyang	5
Ife	5
Iida-Maaria	5
Iidamari	5
Iida-Mari	5
Ilham	5
Illucia	5
Ilpontytär	5
Ilsa	5
Inés	5
Inga-Lena	5
Ingaliina	5
Inger-Lill	5
Ingvild	5
Inker	5
Inni	5
Irem	5
Irmela	5
Isho	5
Ivalo	5
Ivie	5
Iza	5
Jakovlevna	5
Jalna	5
Jamie	5
Jamilia	5
Janete	5
Jasminella	5
Jay	5
Jebet	5
Jelisa	5
Jeniina	5
Jenisa	5
Jenna-Julia	5
Jeruto	5
Jesse	5
Jeudokia	5
Jewel	5
Jina	5
Joella	5
Johannantytär	5
Johanneksentytär	5
Johnsdotter	5
Jonnantytär	5
Joosentytär	5
Jorintytär	5
Josanna	5
Jouki	5
Juhanna	5
Jun	5
Jurevna	5
Kaia	5
Kaisa-Leena	5
Kaisantytär	5
Kaisla-Maria	5
Kalaf	5
Kalevintytär	5
Kalif	5
Kanelia	5
Kanon	5
Karinka	5
Karlotte	5
Karo	5
Karoliine	5
Karrar	5
Karttunen	5
Kassim	5
Katiina	5
Kati-Maria	5
Katja-Maria	5
Keesia	5
Kendi	5
Kerensa	5
Kerim	5
Kerttu-Maria	5
Keza	5
Kezia	5
Khalaf	5
Kiisa	5
Killa	5
Kitta	5
Kjerstin	5
Konstance	5
Kristabel	5
Kristi	5
Kuisma	5
Kultakukka	5
Kurtsdotter	5
Kyllevi	5
Kyra	5
Käte	5
la	5
Lakshmi	5
Lalana	5
Lani	5
Latifa	5
Lauria	5
Leena-Marjatta	5
Leene	5
Leimu	5
Leino	5
Leonarda	5
Leonida	5
Leontytär	5
Ler	5
Liane	5
Liang	5
Liisa-Maija	5
Liisa-Marie	5
Liisa-Marjatta	5
Lilibeth	5
Lillebil	5
Lilli-Maria	5
Lilo	5
Linda-Marie	5
Lindiwe	5
Lindsey	5
Linneá	5
Lis-Britt	5
Lora	5
Loreley	5
Lorette	5
Lori	5
Lorna	5
Lovelia	5
Lu	5
Lucilla	5
Luka	5
Lumie	5
Lumimaria	5
Lumme	5
Lunetta	5
Luukas	5
Maarian	5
Maarianna	5
Maarica	5
Maarina	5
Madeliina	5
Madelina	5
Madelyn	5
Madilta	5
Madlen	5
Maija-Kaisa	5
Maijaleena	5
Maja-Lisa	5
Malanja	5
Malisa	5
Malka	5
Mana	5
Marcia	5
Mareike	5
Marén	5
Marette	5
Margalit	5
Margiitta	5
Maria-Elena	5
Maria-Kaarina	5
Mariane	5
Maria-Therese	5
Maribella	5
Marieela	5
Mariem	5
Mariga	5
Marijke	5
Marileena	5
Marinette	5
Marite	5
Mariwan	5
Marja-Anneli	5
Marjalee	5
Marja-Lee	5
Marjaliina	5
Marjam	5
Marjantytär	5
Marja-Sofia	5
Marjel	5
Marjette	5
Markus	5
Marlis	5
Marquerite	5
Marry	5
Marutsella	5
Marwan	5
Mary-Annie	5
Maslah	5
Mateli	5
Mathea	5
Mattsdotter	5
Maude	5
Mayvor	5
Medea	5
Meelika	5
Meiling	5
Mélanie	5
Melena	5
Mena	5
Mercia	5
Meryam	5
Metsäkukka	5
Mette-Maarit	5
Miima	5
Miina-Maria	5
Miinu	5
Mika	5
Mikayla	5
Milanna	5
Milica	5
Milisa	5
Millamaria	5
Mimia	5
Minelle	5
Minnamari	5
Minnamaria	5
Mirabel	5
Mirabelle	5
Mireka	5
Miriami	5
Mirian	5
Mirika	5
Mirjaliisa	5
Miu	5
Mohannad	5
Mohyidin	5
Mona-Maria	5
Mong	5
Monia	5
Morgana	5
Moriah	5
Mugure	5
Muhudiin	5
Muoi	5
Murad	5
Musamad	5
Myrtle	5
Myrtti	5
Naajeh	5
Nadira	5
Nadya	5
Nael	5
Nahar	5
Najem	5
Najim	5
Nala	5
Nangula	5
Nanne	5
Narin	5
Naser	5
Nasser	5
Nastasja	5
Natalina	5
Natta	5
Nawal	5
Ndidi	5
Neila	5
Nettie	5
Neva	5
Nhat	5
Ni	5
Nicolé	5
Nida	5
Nike	5
Nikol	5
Nikolaeva	5
Ninnu	5
Nnenna	5
Noelani	5
Noémie	5
Nohair	5
Nomi	5
Noora-Maria	5
Norah	5
Noriko	5
Océane	5
Ofilia	5
Olava	5
Olimpia	5
Oliva	5
Olka	5
Ololade	5
Oluwakemi	5
Onni	5
Onniina	5
Onyinyechi	5
Oskariina	5
Otavatar	5
Ottilie	5
Oula	5
Pamina	5
Patriksdotter	5
Patrycja	5
Pauleena	5
Peata	5
Pelin	5
Peltola	5
Penny	5
Petra-Maria	5
Pham	5
Phan	5
Phuc	5
Pihla-Maaria	5
Piippo	5
Pinja-Maria	5
Piper	5
Pippi	5
Pirkko-Leena	5
Piroska	5
Pola	5
Pontusdotter	5
Pyryntytär	5
Qader	5
Qasem	5
Qin	5
Rachelle	5
Rachida	5
Raffaella	5
Ragnarsdotter	5
Rahel	5
Rahma	5
Ramintytär	5
Ranya	5
Rashiid	5
Raunikki	5
Rebeka	5
Reetrika	5
Rey	5
Riyadh	5
Robina	5
Rode	5
Róisín	5
Romanovna	5
Rong	5
Rosabel	5
Rosamarie	5
Rosamunda	5
Rosaria	5
Roseline	5
Roselyn	5
Rosette	5
Rosmarin	5
Ru	5
Rufina	5
Runborg	5
Ruusu-Maria	5
Ruuti	5
Saara-Liisa	5
Saarinen	5
Saarni	5
Sabeeh	5
Sabrin	5
Sadek	5
Sadette	5
Sadoon	5
Sadredin	5
Saduntytär	5
Sahar	5
Sahara	5
Said-Kader	5
Saimaa	5
Saime	5
Sakari	5
Sallamaaria	5
Sam	5
Sammal	5
Sandra-Sofia	5
Sane	5
Sanella	5
Sannakaisa	5
Sannimari	5
Sanra	5
Sansa	5
Santeri	5
Santerintytär	5
Santos	5
Saraliina	5
Sariella	5
Satu-Helena	5
Sebastião	5
Sefanja	5
Seila	5
Seleste	5
Semira	5
Senita	5
Serita	5
Seveliina	5
Shabo	5
Shadi	5
Shafici	5
Shahid	5
Shakir	5
Shareef	5
Sharmarke	5
Shathy	5
Sheik	5
Sia	5
Siad	5
Sievi	5
Siime	5
Siiri-Maria	5
Silvi	5
Simonetta	5
Simonsdotter	5
Sin	5
Sinea	5
Sinead	5
Sinerva	5
Sinililja	5
Sini-Marja	5
Sini-Pilvi	5
Siobhán	5
Sippola	5
Sirikiitta	5
Sirppa	5
Sisay	5
Sisu	5
Sita	5
Siw	5
Sofia-Maria	5
Sofi-Maria	5
Sofina	5
Sofiya	5
Sofja	5
Solena	5
Solin	5
Solomon	5
Song	5
Stavroula	5
Stina-Maria	5
Storm	5
Sulaiman	5
Susannantytär	5
Susie	5
Suvetar	5
Suvi-Anna	5
Suvi-Sisko	5
Sylviina	5
Säkene	5
Taiju	5
Taila	5
Talib	5
Tanjantytär	5
Tanveer	5
Tao	5
Tariq	5
Tarjantytär	5
Tarmontytär	5
Taru-Tuulia	5
Tea-Tuulia	5
Teila	5
Terece	5
Terhintytär	5
Therece	5
Therés	5
Thidarat	5
Thilda	5
Thilde	5
Thom	5
Thúy	5
Tian	5
Tiina-Liisa	5
Tikva	5
Timjami	5
Timna	5
Tintti	5
Tinuviel	5
Tirliina	5
Todorova	5
Toni	5
Touko	5
Tra	5
Tsambika	5
Tuikku	5
Tuli	5
Tuukantytär	5
Tuula-Maria	5
Tuulimaria	5
Tähdikki	5
Uljana	5
Ulla-Britta	5
Ulla-Maaria	5
Valeriana	5
Valfrida	5
Valonsäde	5
Valvi	5
Vasilevna	5
Vasilisa	5
Velma	5
Veneta	5
Veronique	5
Vigilia	5
Viktooria	5
Viktorinna	5
Vilhelmine	5
Vilhemiina	5
Vilinä	5
Vinod	5
Virginie	5
Vitaljevna	5
Vu	5
Waleed	5
Walentina	5
Wali	5
Walid	5
Walma	5
Waseem	5
Willa	5
Winter	5
Wirginia	5
Xia	5
Xinyi	5
Xu	5
Yahia	5
Yanisa	5
Yasmeen	5
Yetunde	5
Yoanna	5
Yonis	5
Yousuf	5
Ysabel	5
Yue	5
Zannat	5
Zelealem	5
Zhi	5
Zi	5
Zia	5
Zineb	5
Ziyad	5
Älva	5
